,t,y
0,1830.0,0.006537667770956546
1,1830.05,0.010964108117731186
2,1830.1,0.008413571712893031
3,1830.15,0.010924441951602581
4,1830.2,0.010532721737086526
5,1830.25,0.009147578446763838
6,1830.3,0.008622900627409003
7,1830.35,0.012152939456441025
8,1830.4,0.011083510391924456
9,1830.45,0.01378465517256977
10,1830.5,0.010475058706441054
11,1830.55,0.011029712072570419
12,1830.6,0.010252405190311897
13,1830.65,0.012168571348376567
14,1830.7,0.008283901996763099
15,1830.75,0.009284458445150356
16,1830.8,0.011485017362892869
17,1830.85,0.012730300404827588
18,1830.9,0.012713822506440486
19,1830.95,0.007622786409665849
20,1831.0,0.012157996267731619
21,1831.05,0.009435412914505115
22,1831.1,0.010022233753215204
23,1831.15,0.013825378846763492
24,1831.2,0.009499863224182725
25,1831.25,0.014168838238699522
26,1831.3,0.0112698048580544
27,1831.35,0.015434444662893121
28,1831.4,0.013887233454827452
29,1831.45,0.012200142770956823
30,1831.5,0.021232261467731384
31,1831.55,0.0159266281435384
32,1831.6,0.017840986924182012
33,1831.65,0.0177189312661179
34,1831.7,0.015737199608054198
35,1831.75,0.02234447154031116
36,1831.8,0.01837800874676354
37,1831.85,0.01906729250321515
38,1831.9,0.01875452007257028
39,1831.95,0.026566389827408443
40,1832.0,0.02119407581289323
41,1832.05,0.02312127850966661
42,1832.1,0.024878260862893242
43,1832.15,0.020921257959666484
44,1832.2,0.02151723104998915
45,1832.25,0.026304397011279512
46,1832.3,0.02021180464031147
47,1832.35,0.023190074216118184
48,1832.4,0.02545148791611851
49,1832.45,0.02137267931127962
50,1832.5,0.024660106562892636
51,1832.55,0.028358962133860466
52,1832.6,0.029643469111279686
53,1832.65,0.03239360535644131
54,1832.7,0.03763417309353834
55,1832.75,0.045191644862892844
56,1832.8,0.04948564674515055
57,1832.85,0.051458860656440564
58,1832.9,0.05978392946127986
59,1832.95,0.06669970533708636
60,1833.0,0.05439248416450493
61,1833.05,0.05534510665644099
62,1833.1,0.050914782370957035
63,1833.15,0.041742707288699776
64,1833.2,0.03501068785966588
65,1833.25,0.028874314654827593
66,1833.3,0.03127055101934406
67,1833.35,0.026413320341925228
68,1833.4,0.02623631271934368
69,1833.45,0.022545436527408924
70,1833.5,0.027837649112893104
71,1833.55,0.02918806768386073
72,1833.6,0.026094241317731637
73,1833.65,0.019288657782247753
74,1833.7,0.026803079359666526
75,1833.75,0.025267423830634073
76,1833.8,0.021197652112892484
77,1833.85,0.017770633796763136
78,1833.9,0.023423398949988794
79,1833.95,0.021869381235473107
80,1834.0,0.023744708354827893
81,1834.05,0.01880366535644118
82,1834.1,0.016112422696763495
83,1834.15,0.016539502135472617
84,1834.2,0.023716097954827653
85,1834.25,0.021328994614504992
86,1834.3,0.018004266169343808
87,1834.35,0.01594549024192471
88,1834.4,0.015358669403215508
89,1834.45,0.018489047093537714
90,1834.5,0.021459837203215315
91,1834.55,0.021697603470957283
92,1834.6,0.011481094969343353
93,1834.65,0.013053224912892958
94,1834.7,0.017344284999988524
95,1834.75,0.018459763733861045
96,1834.8,0.016752484259666467
97,1834.85,0.01621680835644046
98,1834.9,0.015955488499988846
99,1834.95,0.012117176456440504
100,1835.0,0.015075238014505388
101,1835.05,0.018470396496763186
102,1835.1,0.025655433153215057
103,1835.15,0.017886978911279883
104,1835.2,0.016747792769344017
105,1835.25,0.01303438204192453
106,1835.3,0.01768866730805385
107,1835.35,0.018480587029021223
108,1835.4,0.019994880895150224
109,1835.45,0.025846322972570057
110,1835.5,0.02482530854998899
111,1835.55,0.02103252703547298
112,1835.6,0.02090114607902116
113,1835.65,0.021429515562893187
114,1835.7,0.01994458196611859
115,1835.75,0.023470640719343905
116,1835.8,0.024773913658053814
117,1835.85,0.0272853991741826
118,1835.9,0.02540924527579591
119,1835.95,0.021310901612892508
120,1836.0,0.017915070170956504
121,1836.05,0.02398468577579571
122,1836.1,0.0218704002886998
123,1836.15,0.02013683693224788
124,1836.2,0.024221509899988725
125,1836.25,0.02574587893386049
126,1836.3,0.021802854364504576
127,1836.35,0.02201497125482721
128,1836.4,0.01918765614837703
129,1836.45,0.019864980449988856
130,1836.5,0.020575087501602418
131,1836.55,0.02062734762740881
132,1836.6,0.022177058399988958
133,1836.65,0.03175198637257015
134,1836.7,0.03377284582902096
135,1836.75,0.03332855784998934
136,1836.8,0.0318929810386992
137,1836.85,0.035301233393537856
138,1836.9,0.0317112819257952
139,1836.95,0.029693864177408713
140,1837.0,0.030852489240311698
141,1837.05,0.03692631564998905
142,1837.1,0.042623996054827806
143,1837.15,0.04484020609192463
144,1837.2,0.039511903640311985
145,1837.25,0.035890726843538445
146,1837.3,0.02825465338386035
147,1837.35,0.015211272006441234
148,1837.4,0.0029156834225698702
149,1837.45,-0.0003369614274300048
150,1837.5,-0.010247215593559567
151,1837.55,-0.01652712148388158
152,1837.6,-0.01593424400807475
153,1837.65,-0.014941628483882141
154,1837.7,-0.014920728279043338
155,1837.75,-0.01791028435001074
156,1837.8,-0.02311172428872066
157,1837.85,-0.021884591930656505
158,1837.9,-0.02770715442420446
159,1837.95,-0.0318902140967845
160,1838.0,-0.03825235565968832
161,1838.05,-0.03904298714355914
162,1838.1,-0.044834824220979286
163,1838.15,-0.050889269391945824
164,1838.2,-0.06142308799517249
165,1838.25,-0.06793547261291355
166,1838.3,-0.07551524818872046
167,1838.35,-0.08872742708065662
168,1838.4,-0.09633190989033391
169,1838.45,-0.10906747951130047
170,1838.5,-0.12143255598872038
171,1838.55,-0.12845333280162308
172,1838.6,-0.1470086769403336
173,1838.65,-0.1612493689483978
174,1838.7,-0.17602752500968855
175,1838.75,-0.18764663529839787
176,1838.8,-0.20834383704355908
177,1838.85,-0.22532987766936596
178,1838.9,-0.24584632244517213
179,1838.95,-0.2560937678645274
180,1839.0,-0.27696828487097935
181,1839.05,-0.2898681720177523
182,1839.1,-0.305101844870979
183,1839.15,-0.30645799321291367
184,1839.2,-0.31362722493065665
185,1839.25,-0.31761785659033404
186,1839.3,-0.32733137580162364
187,1839.35,-0.3402598541209789
188,1839.4,-0.37183214193549485
189,1839.45,-0.4174194303096881
190,1839.5,-0.48516462747743017
191,1839.55,-0.5654592728467849
192,1839.6,-0.6498139800871074
193,1839.65,-0.7310766298838818
194,1839.7,-0.8090095713338821
195,1839.75,-0.8821468483032362
196,1839.8,-0.946859823756462
197,1839.85,-1.0110828268822685
198,1839.9,-1.076174390222591
199,1839.95,-1.1428707316645275
200,1840.0,-1.1900566453661394
201,1840.05,-1.2073630340258177
202,1840.1,-1.1724346770725909
203,1840.15,-1.036834398035495
204,1840.2,-0.7280414471467846
205,1840.25,-0.15093543511291418
206,1840.3,0.802119481483861
207,1840.35,2.2313733559193443
208,1840.4,4.185793618435473
209,1840.45,6.632767854740313
210,1840.5,9.373614218420958
211,1840.55,12.033651622491924
212,1840.6,14.093300032519341
213,1840.65,14.996833480785472
214,1840.7,14.350763695427407
215,1840.75,12.094902547270959
216,1840.8,8.66163122441128
217,1840.85,4.842627816837086
218,1840.9,1.4305483979951505
219,1840.95,-1.0977678204387207
220,1841.0,-2.6493019868790433
221,1841.05,-3.3790992426032362
222,1841.1,-3.5365437927693657
223,1841.15,-3.308324246375817
224,1841.2,-2.892963342940333
225,1841.25,-2.484447496932269
226,1841.3,-2.2799800046709784
227,1841.35,-2.312414642243559
228,1841.4,-2.472780298867752
229,1841.45,-2.601718238643559
230,1841.5,-2.6586161141354943
231,1841.55,-2.701780766898398
232,1841.6,-2.770235994208075
233,1841.65,-2.8238195432887205
234,1841.7,-2.7928917393435593
235,1841.75,-2.6467353186693656
236,1841.8,-2.4525160409242046
237,1841.85,-2.248825567133882
238,1841.9,-2.0274755931274298
239,1841.95,-1.8038258659467852
240,1842.0,-1.6002071296580755
241,1842.05,-1.446817219230656
242,1842.1,-1.3510552301806564
243,1842.15,-1.3080405128338821
244,1842.2,-1.3129374096774296
245,1842.25,-1.3164161882064622
246,1842.3,-1.3061564756935589
247,1842.35,-1.2696848299258177
248,1842.4,-1.2078397586613008
249,1842.45,-1.1351176978129134
250,1842.5,-1.0699159613596887
251,1842.55,-1.0279960724983974
252,1842.6,-1.0064199469596886
253,1842.65,-0.9992865166967846
254,1842.7,-1.0053723025613008
255,1842.75,-1.0101617181306564
256,1842.8,-1.0000887230871074
257,1842.85,-0.9555405998193658
258,1842.9,-0.8942659868596881
259,1842.95,-0.8310640558387208
260,1843.0,-0.7679780853838816
261,1843.05,-0.6954500484242043
262,1843.1,-0.6280253531096882
263,1843.15,-0.5661423653742048
264,1843.2,-0.5124773689451727
265,1843.25,-0.4433507009242046
266,1843.3,-0.36849376202259077
267,1843.35,-0.2829064041548497
268,1843.4,-0.2099566522064622
269,1843.45,-0.13750139102904324
270,1843.5,-0.07094217954194626
271,1843.55,-0.01664131312742967
272,1843.6,0.04129228576289279
273,1843.65,0.07978009949676323
274,1843.7,0.11663812025644127
275,1843.75,0.15856516171773105
276,1843.8,0.18551417809353854
277,1843.85,0.20898058968386035
278,1843.9,0.19920681174031163
279,1843.95,0.19003087194676382
280,1844.0,0.16579207569353827
281,1844.05,0.1467034590790206
282,1844.1,0.13309121527256984
283,1844.15,0.12545906420644126
284,1844.2,0.1335572494628927
285,1844.25,0.14154224290160222
286,1844.3,0.1514656101677314
287,1844.35,0.15268743575805388
288,1844.4,0.1533038091403114
289,1844.45,0.14723950030321564
290,1844.5,0.13949559947579537
291,1844.55,0.12987323745966606
292,1844.6,0.12604223183547258
293,1844.65,0.11914343377095715
294,1844.7,0.11328178193386051
295,1844.75,0.11072193945805431
296,1844.8,0.1032864848919246
297,1844.85,0.10445533894192494
298,1844.9,0.10398538235805432
299,1844.95,0.10256061135644057
300,1845.0,0.10639957713224746
301,1845.05,0.11336997810644078
302,1845.1,0.11328672338063406
303,1845.15,0.10228702440644089
304,1845.2,0.10001709295966599
305,1845.25,0.08667047595160238
306,1845.3,0.08173260547740924
307,1845.35,0.07767033245321553
308,1845.4,0.06936437570321541
309,1845.45,0.074729114114505
310,1845.5,0.06800793894998858
311,1845.55,0.060592519354827346
312,1845.6,0.05507730715966641
313,1845.65,0.052319076170957324
314,1845.7,0.048126518153215336
315,1845.75,0.05063690770644058
316,1845.8,0.06293309234031152
317,1845.85,0.07293398456127953
318,1845.9,0.08449404744515032
319,1845.95,0.09309818301450523
320,1846.0,0.09345550537579594
321,1846.05,0.09856323087257035
322,1846.1,0.10445026290321557
323,1846.15,0.10807318939515032
324,1846.2,0.10859048388547254
325,1846.25,0.11762990900160197
326,1846.3,0.11772704592418215
327,1846.35,0.11770516512095686
328,1846.4,0.11532813694837696
329,1846.45,0.10518230844031162
330,1846.5,0.09378935105805386
331,1846.55,0.07740966632902069
332,1846.6,0.07023185918224772
333,1846.65,0.05693788684837653
334,1846.7,0.05792856040321581
335,1846.75,0.05744904779192517
336,1846.8,0.06308077814837709
337,1846.85,0.07082562111934365
338,1846.9,0.07573661166127987
339,1846.95,0.07139008046934325
340,1847.0,0.06449370505966634
341,1847.05,0.062017867179021025
342,1847.1,0.06037611474998883
343,1847.15,0.0658915961290214
344,1847.2,0.06588180937256993
345,1847.25,0.07792899892579541
346,1847.3,0.08615310455160241
347,1847.35,0.09657084722418219
348,1847.4,0.10265934415482736
349,1847.45,0.10288724675644101
350,1847.5,0.1157867108999886
351,1847.55,0.11753436795482752
352,1847.6,0.11628620079998875
353,1847.65,0.11853951975644073
354,1847.7,0.11751252560644065
355,1847.75,0.1122055271354725
356,1847.8,0.11266173611450458
357,1847.85,0.10499962872902113
358,1847.9,0.11046552259353781
359,1847.95,0.11853269402257016
360,1848.0,0.12489500863224734
361,1848.05,0.13024188477095677
362,1848.1,0.14814015108063394
363,1848.15,0.15577657063386052
364,1848.2,0.1614910558032152
365,1848.25,0.16701247845482747
366,1848.3,0.17812606143386045
367,1848.35,0.18862357866934332
368,1848.4,0.1941522692854729
369,1848.45,0.2026599216645053
370,1848.5,0.20483187018224758
371,1848.55,0.20114818504515064
372,1848.6,0.1908299827225699
373,1848.65,0.1655507523532158
374,1848.7,0.1382584688596662
375,1848.75,0.10289276502579536
376,1848.8,0.051133032808054146
377,1848.85,0.0014153871177313704
378,1848.9,-0.051609547748397766
379,1848.95,-0.09219155431613935
380,1849.0,-0.11147404100001079
381,1849.05,-0.11061455612742943
382,1849.1,-0.0867144124113004
383,1849.15,-0.04170087023065605
384,1849.2,0.010382074906440941
385,1849.25,0.04379394606773168
386,1849.3,0.07089128275644097
387,1849.35,0.07935057817579594
388,1849.4,0.07296061453708624
389,1849.45,0.04961227852902095
390,1849.5,0.035121937708054496
391,1849.55,0.017121189253215263
392,1849.6,-7.115048397565715e-06
393,1849.65,-0.006398751472591613
394,1849.7,-0.0005184682661392159
395,1849.75,0.004429765787086204
396,1849.8,0.00795163296289303
397,1849.85,0.00947584817740843
398,1849.9,0.010063630387086242
399,1849.95,0.008781911385472796
400,1850.0,0.0035234044661178743
401,1850.05,0.009485846435472567
402,1850.1,0.017846543648376567
403,1850.15,0.028222562820956476
404,1850.2,0.04149575031450503
405,1850.25,0.040833481082247935
406,1850.3,0.04474510727579517
407,1850.35,0.042048653985473194
408,1850.4,0.03206721991289285
409,1850.45,0.03311653709676321
410,1850.5,0.02993437996611803
411,1850.55,0.026853609017731372
412,1850.6,0.025927616501602024
413,1850.65,0.02540220804031179
414,1850.7,0.019892667933860686
415,1850.75,0.013106311817731253
416,1850.8,0.0019515437064407948
417,1850.85,-0.0003963164709785971
418,1850.9,0.00226583510321543
419,1850.95,0.0034362850290206026
420,1851.0,0.00885278365321529
421,1851.05,0.01123832957256976
422,1851.1,0.013191739241924516
423,1851.15,0.005844999988699584
424,1851.2,-0.00035193958710699746
425,1851.25,0.00247622152579563
426,1851.3,-0.001822644893558767
427,1851.35,-0.0012145777564622762
428,1851.4,0.008239582795150469
429,1851.45,0.017531117833860854
430,1851.5,0.020810065793537724
431,1851.55,0.023609731870957162
432,1851.6,0.02263709363547317
433,1851.65,0.025874491141924416
434,1851.7,0.02087891918224738
435,1851.75,0.0254557179483772
436,1851.8,0.021178963061279532
437,1851.85,0.02690661901289282
438,1851.9,0.027873046791924594
439,1851.95,0.02149369668869916
440,1852.0,0.025188860595150686
441,1852.05,0.024088148519343378
442,1852.1,0.021610214849989262
443,1852.15,0.024764203811279195
444,1852.2,0.03143709892579594
445,1852.25,0.03910914688708633
446,1852.3,0.0397040047870858
447,1852.35,0.04212890923386059
448,1852.4,0.04021556950644101
449,1852.45,0.033520582087086304
450,1852.5,0.028562445912892365
451,1852.55,0.02449511607740895
452,1852.6,0.023397634208054185
453,1852.65,0.017316116830634165
454,1852.7,0.018755193032247597
455,1852.75,0.016779556466118173
456,1852.8,0.01609975182740886
457,1852.85,0.01507052729676328
458,1852.9,0.016541213375795394
459,1852.95,0.02245349100805427
460,1853.0,0.027985450285473057
461,1853.05,0.026492518082247507
462,1853.1,0.028681252137086055
463,1853.15,0.025817597208054544
464,1853.2,0.02001868444031185
465,1853.25,0.0175963372403114
466,1853.3,0.020333129656441074
467,1853.35,0.022204169061279977
468,1853.4,0.01757937865644088
469,1853.45,0.025150040435472754
470,1853.5,0.022398750545150392
471,1853.55,0.026302858817731867
472,1853.6,0.020768419203215593
473,1853.65,0.029235424817731115
474,1853.7,0.035116034890311454
475,1853.75,0.04133896993708586
476,1853.8,0.03897151701934387
477,1853.85,0.04010803054998924
478,1853.9,0.037630865977408945
479,1853.95,0.03144015608547335
480,1854.0,0.023798622038699868
481,1854.05,0.023892451845150653
482,1854.1,0.02606293907902124
483,1854.15,0.02078558928869967
484,1854.2,0.023111914756440477
485,1854.25,0.020669763314504763
486,1854.3,0.01214051854353837
487,1854.35,0.005483736006440587
488,1854.4,-0.0004286377629139082
489,1854.45,-0.0030137642951721944
490,1854.5,-0.007332742595172803
491,1854.55,-0.0019009966274294854
492,1854.6,0.004359701070956845
493,1854.65,0.0017768626016021472
494,1854.7,0.00012932271934396056
495,1854.75,0.007485098859666195
496,1854.8,0.005818619969343963
497,1854.85,0.0023109041741822267
498,1854.9,0.006674413177409022
499,1854.95,0.0024626469677313523
500,1855.0,-0.00028802764517266155
501,1855.05,-0.008931233330656596
502,1855.1,-0.011796484135494723
503,1855.15,-0.016328175375817544
504,1855.2,-0.020044508670978622
505,1855.25,-0.012081203761300507
506,1855.3,0.003643825793537836
507,1855.35,0.007921292095150356
508,1855.4,0.008463793732247815
509,1855.45,0.012268419337086556
510,1855.5,0.015187622280634194
511,1855.55,0.008682640219343618
512,1855.6,0.00799497156611828
513,1855.65,0.008403131224182125
514,1855.7,0.010156998735473266
515,1855.75,0.010568254008053835
516,1855.8,0.018673341908054475
517,1855.85,0.021956519899989146
518,1855.9,0.020621271762892412
519,1855.95,0.027045229479020882
520,1856.0,0.02336979290482777
521,1856.05,0.023611673840311376
522,1856.1,0.02003525847579546
523,1856.15,0.010745357767731889
524,1856.2,0.010815787804827615
525,1856.25,0.008181266032247336
526,1856.3,0.009464100224182204
527,1856.35,0.018852426091925167
528,1856.4,0.02430370711773122
529,1856.45,0.027383843561279875
530,1856.5,0.034614256927408604
531,1856.55,0.031741853522570196
532,1856.6,0.02865058440321544
533,1856.65,0.02026594905321577
534,1856.7,0.01680382146934356
535,1856.75,0.006361025469344028
536,1856.8,-0.00787170638710677
537,1856.85,-0.013170975435494725
538,1856.9,-0.020997631075817758
539,1856.95,-0.02494725065001102
540,1857.0,-0.021548419730656576
541,1857.05,-0.013165553303236877
542,1857.1,-0.0023031381032367904
543,1857.15,0.001177390120957078
544,1857.2,0.0158389895661184
545,1857.25,0.02046702940482792
546,1857.3,0.014593956480633885
547,1857.35,0.01624209241289254
548,1857.4,0.012772831456440592
549,1857.45,0.012789636220956524
550,1857.5,0.008880490364505
551,1857.55,0.007593618414505343
552,1857.6,0.008192917848377057
553,1857.65,0.0018028196177315436
554,1857.7,-0.0014425572677527754
555,1857.75,-0.000785960124204621
556,1857.8,-0.0012787012000110565
557,1857.85,0.0059902439145052
558,1857.9,0.007283364775795498
559,1857.95,0.007919273216118405
560,1858.0,0.004870265964505016
561,1858.05,0.000722219422570447
562,1858.1,-0.0022107118983978324
563,1858.15,-0.010490403993559383
564,1858.2,-0.007896625122591594
565,1858.25,-0.0016368887951720978
566,1858.3,-0.0026555574725914965
567,1858.35,0.0041265109290211655
568,1858.4,0.0031418940112795113
569,1858.45,-0.00669812239194556
570,1858.5,-0.009795352011300551
571,1858.55,-0.014610128546784118
572,1858.6,-0.013040478940333777
573,1858.65,-0.018591588727430164
574,1858.7,-0.01909136703872072
575,1858.75,-0.015091102441945559
576,1858.8,-0.01824912916130028
577,1858.85,-0.010023158475817695
578,1858.9,-0.003161123237107155
579,1858.95,0.005934945856441054
580,1859.0,0.006698524361279823
581,1859.05,0.01111390894192521
582,1859.1,0.01063704971450452
583,1859.15,0.00022194119837681825
584,1859.2,-0.0013135989661394731
585,1859.25,-0.005695970067752576
586,1859.3,-0.01041410959355904
587,1859.35,-0.006573163393559511
588,1859.4,-0.0036636702967847157
589,1859.45,-0.0035983932080752012
590,1859.5,-0.007084593520978899
591,1859.55,-0.009543145951623089
592,1859.6,-0.010290304240333725
593,1859.65,-0.012602209143558696
594,1859.7,-0.0065510326338813485
595,1859.75,-0.0010789667677526538
596,1859.8,-0.009491308829042922
597,1859.85,-0.007247372853236733
598,1859.9,-0.008797910404849674
599,1859.95,-0.010255637203236745
600,1860.0,-0.009987318566139436
601,1860.05,-0.0028269314613007523
602,1860.1,-0.0053708536338819
603,1860.15,-0.003854194795172461
604,1860.2,-0.0013039660290434796
605,1860.25,-0.005753729235495442
606,1860.3,-0.009525418270978747
607,1860.35,-0.012971356367752485
608,1860.4,-0.012731590448398222
609,1860.45,-0.014455463185495177
610,1860.5,-0.0009265510145270994
611,1860.55,0.009609228785472546
612,1860.6,0.015980330325795933
613,1860.65,0.026450775354827982
614,1860.7,0.036441650090311306
615,1860.75,0.038082191191924686
616,1860.8,0.04483862944353767
617,1860.85,0.04998655947418218
618,1860.9,0.04568221324031185
619,1860.95,0.044959166135472906
620,1861.0,0.043887391325795555
621,1861.05,0.03794907976773132
622,1861.1,0.029755103508054326
623,1861.15,0.023422860582247296
624,1861.2,0.020403136690311463
625,1861.25,0.018245743329020847
626,1861.3,0.006976706664504562
627,1861.35,0.005155427820956682
628,1861.4,-0.004594238938720352
629,1861.45,-0.010109451133882175
630,1861.5,-0.013315373354849669
631,1861.55,-0.013898829395172285
632,1861.6,-0.008983320409688744
633,1861.65,0.0005972796516022782
634,1861.7,0.006532380230634516
635,1861.75,0.01274866259031171
636,1861.8,0.020838887695150632
637,1861.85,0.01893987239515038
638,1861.9,0.02337688782256997
639,1861.95,0.029561733351601838
640,1862.0,0.0333503040612797
641,1862.05,0.029633624672570136
642,1862.1,0.02739743734676381
643,1862.15,0.028356039566117985
644,1862.2,0.02251678767257026
645,1862.25,0.0231645402032159
646,1862.3,0.03010394657740889
647,1862.35,0.03536729880644085
648,1862.4,0.040386866585472525
649,1862.45,0.048154090272570116
650,1862.5,0.0447863116354732
651,1862.55,0.036551803975795494
652,1862.6,0.035676706438699135
653,1862.65,0.03489030498708612
654,1862.7,0.03074760366773166
655,1862.75,0.030835434519343785
656,1862.8,0.028171937025795124
657,1862.85,0.02060500536611798
658,1862.9,0.017454669614505036
659,1862.95,0.021227781479020713
660,1863.0,0.01915345056934381
661,1863.05,0.021851134414505147
662,1863.1,0.02382142575805446
663,1863.15,0.025635686593537876
664,1863.2,0.023486984025795188
665,1863.25,0.01815337480644086
666,1863.3,0.01000785164353779
667,1863.35,0.003962020356440554
668,1863.4,0.004364161832247859
669,1863.45,0.0022455886306342876
670,1863.5,0.008070343049989326
671,1863.55,0.007481503332247286
672,1863.6,0.005320898991924672
673,1863.65,-0.00010538638872059636
674,1863.7,-0.00198430903549518
675,1863.75,-0.004626848641946069
676,1863.8,-0.009686678637106816
677,1863.85,-0.007609386704849896
678,1863.9,-0.015443848677429983
679,1863.95,-0.017922436079043536
680,1864.0,-0.021997610701623316
681,1864.05,-0.028193550451622862
682,1864.1,-0.030603246009688334
683,1864.15,-0.030481536445172708
684,1864.2,-0.02314060387259076
685,1864.25,-0.018236381382268796
686,1864.3,-0.01191263697581757
687,1864.35,-0.0071128962822681885
688,1864.4,-0.01836847375323636
689,1864.45,-0.020530212511300938
690,1864.5,-0.032542292796784444
691,1864.55,-0.04519758794194573
692,1864.6,-0.044971569627429986
693,1864.65,-0.04730312495323652
694,1864.7,-0.049609396222590973
695,1864.75,-0.04818674023710745
696,1864.8,-0.05073777655484957
697,1864.85,-0.05172929611613952
698,1864.9,-0.05228300733872082
699,1864.95,-0.04872622316936592
700,1865.0,-0.05209644368872013
701,1865.05,-0.047578327006461585
702,1865.1,-0.04229792005646171
703,1865.15,-0.04795324245646171
704,1865.2,-0.04897202649839816
705,1865.25,-0.045027425280656175
706,1865.3,-0.04905003213872039
707,1865.35,-0.045052786246784216
708,1865.4,-0.041031121532268955
709,1865.45,-0.03991231645485005
710,1865.5,-0.04238848120162331
711,1865.55,-0.04310283751291344
712,1865.6,-0.04822742545646186
713,1865.65,-0.05596517350968799
714,1865.7,-0.05784667263065657
715,1865.75,-0.055990053790333505
716,1865.8,-0.05844456846291379
717,1865.85,-0.054819027041945745
718,1865.9,-0.048155380316138974
719,1865.95,-0.04743156411452709
720,1866.0,-0.04921406125323635
721,1866.05,-0.052928606398397804
722,1866.1,-0.05757645047904347
723,1866.15,-0.06263831858065672
724,1866.2,-0.06697692807581745
725,1866.25,-0.06840552533388156
726,1866.3,-0.06778953650001096
727,1866.35,-0.05967245069033389
728,1866.4,-0.06557842172904316
729,1866.45,-0.06780762950162345
730,1866.5,-0.05878768176130045
731,1866.55,-0.06568396103388174
732,1866.6,-0.07047943324033401
733,1866.65,-0.06013863870001135
734,1866.7,-0.06970427982904326
735,1866.75,-0.07298180495968865
736,1866.8,-0.07693967309678484
737,1866.85,-0.08270384191775282
738,1866.9,-0.09101898937420483
739,1866.95,-0.09471303809033405
740,1867.0,-0.0963861119854954
741,1867.05,-0.09679723266613927
742,1867.1,-0.08884879055162287
743,1867.15,-0.08774125274194589
744,1867.2,-0.08867428249355935
745,1867.25,-0.08988436013065648
746,1867.3,-0.08708582847097901
747,1867.35,-0.08997761311452734
748,1867.4,-0.09219145817904284
749,1867.45,-0.09445667890807474
750,1867.5,-0.09517838009355906
751,1867.55,-0.0923035732613009
752,1867.6,-0.08788505461130036
753,1867.65,-0.08420400363065639
754,1867.7,-0.08257223023226867
755,1867.75,-0.0830560305580752
756,1867.8,-0.08358732260968882
757,1867.85,-0.09279814094194627
758,1867.9,-0.08588503767743028
759,1867.95,-0.09191491020646225
760,1868.0,-0.09247908114517234
761,1868.05,-0.09208714942904273
762,1868.1,-0.08903639248226813
763,1868.15,-0.09173794103872002
764,1868.2,-0.08792233657742976
765,1868.25,-0.08856908928226837
766,1868.3,-0.08840946324678445
767,1868.35,-0.0819748919951726
768,1868.4,-0.07160285289839763
769,1868.45,-0.06690363315323644
770,1868.5,-0.06400829143710762
771,1868.55,-0.055234300845172335
772,1868.6,-0.05961015385162316
773,1868.65,-0.05953039851613884
774,1868.7,-0.05663349937904272
775,1868.75,-0.06183757347420471
776,1868.8,-0.06002646593549521
777,1868.85,-0.05636571910968868
778,1868.9,-0.05216010567420426
779,1868.95,-0.05536639321613901
780,1869.0,-0.048806574554849824
781,1869.05,-0.04863541206775235
782,1869.1,-0.048546139159688195
783,1869.15,-0.0477017862661393
784,1869.2,-0.0504863011371075
785,1869.25,-0.04992564881613948
786,1869.3,-0.045765373635495266
787,1869.35,-0.04485668579678492
788,1869.4,-0.04183844241613954
789,1869.45,-0.03764384629194595
790,1869.5,-0.028006006203236566
791,1869.55,-0.023657898362913876
792,1869.6,-0.01878249777420482
793,1869.65,-0.014339810258075403
794,1869.7,-0.01677452068872043
795,1869.75,-0.01671324290323639
796,1869.8,-0.014409586562913468
797,1869.85,-0.012896888572591081
798,1869.9,-0.01215496014194617
799,1869.95,-0.0037527124758174324
800,1870.0,0.0017034715419246282
801,1870.05,0.00544291619515036
802,1870.1,0.010088164574182379
803,1870.15,0.010264864558053866
804,1870.2,0.013122847398376436
805,1870.25,0.014761061982247803
806,1870.3,0.017695050811279422
807,1870.35,0.02665229793708601
808,1870.4,0.02825303828063408
809,1870.45,0.03455030653063407
810,1870.5,0.025382442253215842
811,1870.55,0.02775327919676318
812,1870.6,0.02224593101611827
813,1870.65,0.01696915804837662
814,1870.7,0.020395637996763583
815,1870.75,0.02074296209998927
816,1870.8,0.026684061633861056
817,1870.85,0.03083258886127993
818,1870.9,0.03452227295321553
819,1870.95,0.04199783591611794
820,1871.0,0.04044712531773165
821,1871.05,0.04342729840805415
822,1871.1,0.040767992491924865
823,1871.15,0.03999787666450505
824,1871.2,0.03736377789515011
825,1871.25,0.0365886437112799
826,1871.3,0.043936075151601806
827,1871.35,0.038195786785473196
828,1871.4,0.04870130262740879
829,1871.45,0.052865692475795534
830,1871.5,0.04738332071289264
831,1871.55,0.041619555667731234
832,1871.6,0.04429214773063439
833,1871.65,0.04145237325644047
834,1871.7,0.038234818446763796
835,1871.75,0.03660306427579574
836,1871.8,0.035430422424182595
837,1871.85,0.027914693382247613
838,1871.9,0.03156782614998921
839,1871.95,0.029072030208054045
840,1872.0,0.02559813544353773
841,1872.05,0.023948634364504784
842,1872.1,0.025668853891924748
843,1872.15,0.020196711116118315
844,1872.2,0.007907102259665955
845,1872.25,0.005934349806440586
846,1872.3,-0.0006533870677527531
847,1872.35,-0.02024616584517247
848,1872.4,-0.028332333964526946
849,1872.45,-0.031418565500010764
850,1872.5,-0.042442068019365564
851,1872.55,-0.043771528703236307
852,1872.6,-0.04606122593710715
853,1872.65,-0.04710808201130057
854,1872.7,-0.047714476362913594
855,1872.75,-0.055273870874204434
856,1872.8,-0.0617894087887203
857,1872.85,-0.06643611845162312
858,1872.9,-0.07460261872904272
859,1872.95,-0.08013202075968806
860,1873.0,-0.08739925463388154
861,1873.05,-0.0876290030677529
862,1873.1,-0.0915662594113007
863,1873.15,-0.09028696306452666
864,1873.2,-0.09634336943226884
865,1873.25,-0.09239467277420399
866,1873.3,-0.08759249019839821
867,1873.35,-0.08405745224033367
868,1873.4,-0.08026767020323611
869,1873.45,-0.08388196358388189
870,1873.5,-0.07325944889517277
871,1873.55,-0.07121213250968861
872,1873.6,-0.06511246444839802
873,1873.65,-0.05521751530807517
874,1873.7,-0.04770447810484946
875,1873.75,-0.040348490462913666
876,1873.8,-0.02992944032581768
877,1873.85,-0.025659953403236457
878,1873.9,-0.017030226138720295
879,1873.95,-0.014074414188720574
880,1874.0,-0.004327323903236646
881,1874.05,-0.001957929016139559
882,1874.1,0.0036865491193438515
883,1874.15,0.007310898440311853
884,1874.2,0.0037207739257958394
885,1874.25,0.008825711446763584
886,1874.3,0.010280804088699469
887,1874.35,0.008333643330634466
888,1874.4,0.014374110167731047
889,1874.45,0.018339611590311833
890,1874.5,0.021420920906440877
891,1874.55,0.027067821696763694
892,1874.6,0.027558332391924623
893,1874.65,0.025167768116117983
894,1874.7,0.02993770630966619
895,1874.75,0.027496708512892987
896,1874.8,0.023257216364505062
897,1874.85,0.01693972086934359
898,1874.9,0.016744485653215513
899,1874.95,0.01578040361934363
900,1875.0,0.01128389855644052
901,1875.05,0.014903690979021
902,1875.1,0.013672540090311713
903,1875.15,0.019694760106441223
904,1875.2,0.015598512232247508
905,1875.25,0.02089691604676336
906,1875.3,0.02458129337095727
907,1875.35,0.026391324174181996
908,1875.4,0.030142709054827854
909,1875.45,0.03327616313224713
910,1875.5,0.03666491888386059
911,1875.55,0.04077747160966627
912,1875.6,0.045158285290311184
913,1875.65,0.055364891670956595
914,1875.7,0.05814771452902079
915,1875.75,0.058175575059665974
916,1875.8,0.0632192155677318
917,1875.85,0.06509358131611798
918,1875.9,0.06816271967579546
919,1875.95,0.06263960501127919
920,1876.0,0.06284776105321566
921,1876.05,0.06284714577579553
922,1876.1,0.06421371537902054
923,1876.15,0.06681016686127972
924,1876.2,0.06735884049998919
925,1876.25,0.07024576060644083
926,1876.3,0.06974138694192522
927,1876.35,0.07411918191773115
928,1876.4,0.07377320373386098
929,1876.45,0.07705822755805425
930,1876.5,0.06974398264353798
931,1876.55,0.06798769247740921
932,1876.6,0.060206298182247764
933,1876.65,0.056364775159666536
934,1876.7,0.05129552372902069
935,1876.75,0.04491990374514998
936,1876.8,0.04373093781450521
937,1876.85,0.04430222289837715
938,1876.9,0.04726309165966658
939,1876.95,0.04264268510644076
940,1877.0,0.044415087849989376
941,1877.05,0.038932139264504784
942,1877.1,0.038231780514505154
943,1877.15,0.03657529988224706
944,1877.2,0.033277624416117924
945,1877.25,0.03167221180966617
946,1877.3,0.029753373040311892
947,1877.35,0.01955297711611781
948,1877.4,0.01451408578063429
949,1877.45,0.014161031906440691
950,1877.5,0.006089476625795953
951,1877.55,-0.0008235689564619619
952,1877.6,-0.006200882100011462
953,1877.65,-0.013792520993558988
954,1877.7,-0.024360295219366
955,1877.75,-0.03438158773226885
956,1877.8,-0.044685465627430254
957,1877.85,-0.05825677425807552
958,1877.9,-0.06152289752904316
959,1877.95,-0.07054303754355917
960,1878.0,-0.0712366859242044
961,1878.05,-0.06645651874355885
962,1878.1,-0.06353129761775289
963,1878.15,-0.05595131054033331
964,1878.2,-0.059287460072591
965,1878.25,-0.05359673999355952
966,1878.3,-0.04834565485807474
967,1878.35,-0.04490227400807534
968,1878.4,-0.044802310654850075
969,1878.45,-0.05000857667581737
970,1878.5,-0.05327120055646173
971,1878.55,-0.05286444450001149
972,1878.6,-0.054546266870978855
973,1878.65,-0.051700916445172496
974,1878.7,-0.04610425690162323
975,1878.75,-0.04322464321452735
976,1878.8,-0.03222536724355951
977,1878.85,-0.026600751032268555
978,1878.9,-0.020498371904849932
979,1878.95,-0.006827003783882013
980,1879.0,0.008561103701602235
981,1879.05,0.02572520945805401
982,1879.1,0.04375243406934359
983,1879.15,0.06238695672095673
984,1879.2,0.08762577105482805
985,1879.25,0.11185764543708654
986,1879.3,0.1331916593112794
987,1879.35,0.15456549317095725
988,1879.4,0.1758032545838608
989,1879.45,0.19799317703063402
990,1879.5,0.21685737120644077
991,1879.55,0.2321927955628924
992,1879.6,0.2525394237709566
993,1879.65,0.2648413766306339
994,1879.7,0.28457680363224735
995,1879.75,0.2993806859806343
996,1879.8,0.3162339612757954
997,1879.85,0.32763157169353807
998,1879.9,0.3388016256032156
999,1879.95,0.3495882847709568
1000,1880.0,0.3557112372370863
1001,1880.05,0.3587494194516019
1002,1880.1,0.3555629746064408
1003,1880.15,0.35353840425805405
1004,1880.2,0.34515130779837655
1005,1880.25,0.33783485173063443
1006,1880.3,0.32643749126934374
1007,1880.35,0.315407066879021
1008,1880.4,0.3057317140951499
1009,1880.45,0.29947388128224706
1010,1880.5,0.29046014399837716
1011,1880.55,0.2743096501080542
1012,1880.6,0.26292073048386033
1013,1880.65,0.24906360626450486
1014,1880.7,0.23337293610805432
1015,1880.75,0.2155031840612791
1016,1880.8,0.1945118412548279
1017,1880.85,0.1739310999886996
1018,1880.9,0.1601455402241827
1019,1880.95,0.15104900967256985
1020,1881.0,0.13823295407418268
1021,1881.05,0.12195180986934329
1022,1881.1,0.10986080102740914
1023,1881.15,0.08977393525482746
1024,1881.2,0.0740086627112797
1025,1881.25,0.058606557664504955
1026,1881.3,0.03744293718063396
1027,1881.35,0.02026133447257017
1028,1881.4,-0.0010384930500109135
1029,1881.45,-0.0165923408903339
1030,1881.5,-0.038475028403236244
1031,1881.55,-0.057827752850011294
1032,1881.6,-0.08269724691291369
1033,1881.65,-0.10110913527581733
1034,1881.7,-0.1275201492306568
1035,1881.75,-0.14964146824517233
1036,1881.8,-0.1685203906242041
1037,1881.85,-0.19199026315001078
1038,1881.9,-0.21214255983065655
1039,1881.95,-0.2306387796548499
1040,1882.0,-0.24658996211613893
1041,1882.05,-0.2548061460451727
1042,1882.1,-0.2658334940483975
1043,1882.15,-0.2702738165919456
1044,1882.2,-0.27795618967742985
1045,1882.25,-0.279890006606462
1046,1882.3,-0.281825400183882
1047,1882.35,-0.28312692342742984
1048,1882.4,-0.28505639495968804
1049,1882.45,-0.2885061977677523
1050,1882.5,-0.2953776928967846
1051,1882.55,-0.28761798713065634
1052,1882.6,-0.28276277533226857
1053,1882.65,-0.27354884215807473
1054,1882.7,-0.2674867060193655
1055,1882.75,-0.2640491703048493
1056,1882.8,-0.2548872280725911
1057,1882.85,-0.24593905628872026
1058,1882.9,-0.23407683450968797
1059,1882.95,-0.2294407960645275
1060,1883.0,-0.2236829146096886
1061,1883.05,-0.2184358672322686
1062,1883.1,-0.21941231249678417
1063,1883.15,-0.2108830100435588
1064,1883.2,-0.2031488382903337
1065,1883.25,-0.19024479802097893
1066,1883.3,-0.18775992325323632
1067,1883.35,-0.17973124511775218
1068,1883.4,-0.18020758520485014
1069,1883.45,-0.1766876215435591
1070,1883.5,-0.1689858287645274
1071,1883.55,-0.16538857087742986
1072,1883.6,-0.16393013266452705
1073,1883.65,-0.16170950032097942
1074,1883.7,-0.162708787759688
1075,1883.75,-0.15823693224839808
1076,1883.8,-0.1644833439742044
1077,1883.85,-0.160455718759688
1078,1883.9,-0.1554473413387205
1079,1883.95,-0.15496865550646177
1080,1884.0,-0.15293979744355912
1081,1884.05,-0.15893084981291405
1082,1884.1,-0.15714202685323642
1083,1884.15,-0.16680945794033342
1084,1884.2,-0.1722224571742048
1085,1884.25,-0.1802326000774297
1086,1884.3,-0.18449479980807482
1087,1884.35,-0.19957034636452686
1088,1884.4,-0.20790975882420426
1089,1884.45,-0.2167491418693661
1090,1884.5,-0.22160500740001066
1091,1884.55,-0.2230558507822682
1092,1884.6,-0.22778550753226856
1093,1884.65,-0.22904271157420464
1094,1884.7,-0.235267415543559
1095,1884.75,-0.2416796445338818
1096,1884.8,-0.24657873330323632
1097,1884.85,-0.25412607222259087
1098,1884.9,-0.2578410211435589
1099,1884.95,-0.2642619409274296
1100,1885.0,-0.26687139014517225
1101,1885.05,-0.26937266590162334
1102,1885.1,-0.27201528241775286
1103,1885.15,-0.27290941510001065
1104,1885.2,-0.27237325851130034
1105,1885.25,-0.27118886870646186
1106,1885.3,-0.27008415732742996
1107,1885.35,-0.2648539531693661
1108,1885.4,-0.2645948636935591
1109,1885.45,-0.25642182609355935
1110,1885.5,-0.25792587174517223
1111,1885.55,-0.25352658051452703
1112,1885.6,-0.24411595084033344
1113,1885.65,-0.23918213735162297
1114,1885.7,-0.23058586579678497
1115,1885.75,-0.2221255897790435
1116,1885.8,-0.21619260421613884
1117,1885.85,-0.21200825630646225
1118,1885.9,-0.21057212190001096
1119,1885.95,-0.1980545335322681
1120,1886.0,-0.19968117320968837
1121,1886.05,-0.19516609445968847
1122,1886.1,-0.19700040949355913
1123,1886.15,-0.19027081271936552
1124,1886.2,-0.18380909235162335
1125,1886.25,-0.17629678579033392
1126,1886.3,-0.16873050786291355
1127,1886.35,-0.15859719640485004
1128,1886.4,-0.15426022124033345
1129,1886.45,-0.14961918366613958
1130,1886.5,-0.14191666024517247
1131,1886.55,-0.13860692918710704
1132,1886.6,-0.13333978915646227
1133,1886.65,-0.1270418287193662
1134,1886.7,-0.12505382892259131
1135,1886.75,-0.1240237007032361
1136,1886.8,-0.12362492402581804
1137,1886.85,-0.12389145451291395
1138,1886.9,-0.11366379410807514
1139,1886.95,-0.1110890503822688
1140,1887.0,-0.10120315735646201
1141,1887.05,-0.10372777520001097
1142,1887.1,-0.09603246206130045
1143,1887.15,-0.09360978799517206
1144,1887.2,-0.08941759529839821
1145,1887.25,-0.0831168853403339
1146,1887.3,-0.07563964959194625
1147,1887.35,-0.060630976000011216
1148,1887.4,-0.053086963424204825
1149,1887.45,-0.048028210164527074
1150,1887.5,-0.03431358035001075
1151,1887.55,-0.03041297146775257
1152,1887.6,-0.017910245895172316
1153,1887.65,-0.0158564883242045
1154,1887.7,-0.009993952025817876
1155,1887.75,-0.008390808254850057
1156,1887.8,-0.00737658111130024
1157,1887.85,-0.008907102919366139
1158,1887.9,-0.008952979541946071
1159,1887.95,-0.004706200201622934
1160,1888.0,-0.005974709966139358
1161,1888.05,-0.001618276653236883
1162,1888.1,0.0018591175016018369
1163,1888.15,0.005409056709666515
1164,1888.2,0.006206648519343716
1165,1888.25,0.009554699824182222
1166,1888.3,0.016897459001602222
1167,1888.35,0.020698162212893223
1168,1888.4,0.026978452651602147
1169,1888.45,0.03648350818224788
1170,1888.5,0.04737587970160195
1171,1888.55,0.05549269632740916
1172,1888.6,0.06382164907095689
1173,1888.65,0.0737675124177315
1174,1888.7,0.0776281090403117
1175,1888.75,0.08147545797095646
1176,1888.8,0.08314559007095657
1177,1888.85,0.08496461930644106
1178,1888.9,0.09189304682418253
1179,1888.95,0.10022671028547325
1180,1889.0,0.10929538030644093
1181,1889.05,0.1141864704693436
1182,1889.1,0.12527884560482772
1183,1889.15,0.13305587527579554
1184,1889.2,0.1410458486161179
1185,1889.25,0.146732434799989
1186,1889.3,0.151901649583861
1187,1889.35,0.15125243576934366
1188,1889.4,0.15209923054514984
1189,1889.45,0.14948139817257022
1190,1889.5,0.14554466096934338
1191,1889.55,0.1460957380354726
1192,1889.6,0.14346892645805376
1193,1889.65,0.145922056756441
1194,1889.7,0.1466010346161184
1195,1889.75,0.14717756878547306
1196,1889.8,0.14421004733708642
1197,1889.85,0.13813781680321569
1198,1889.9,0.13779735688869987
1199,1889.95,0.12315242761611778
1200,1890.0,0.1211290301403114
1201,1890.05,0.10982200009514997
1202,1890.1,0.10177138347418246
1203,1890.15,0.09261013342902125
1204,1890.2,0.08829119358386084
1205,1890.25,0.08565669103869933
1206,1890.3,0.08456834219353837
1207,1890.35,0.08131781235966606
1208,1890.4,0.0834018338886997
1209,1890.45,0.0778491859080539
1210,1890.5,0.08490118804998925
1211,1890.55,0.08530965534676316
1212,1890.6,0.09295491951289314
1213,1890.65,0.09754090898547307
1214,1890.7,0.103535614564505
1215,1890.75,0.10811920060966607
1216,1890.8,0.11343723561934382
1217,1890.85,0.11971189242418223
1218,1890.9,0.12292862045482789
1219,1890.95,0.12380929394353846
1220,1891.0,0.12854210399031185
1221,1891.05,0.12132626500805443
1222,1891.1,0.12647552173063392
1223,1891.15,0.12389452909353782
1224,1891.2,0.11486862085321548
1225,1891.25,0.10340346451127935
1226,1891.3,0.0913924225064413
1227,1891.35,0.07359062015966611
1228,1891.4,0.05480543144998862
1229,1891.45,0.04285424440160224
1230,1891.5,0.02594738228869975
1231,1891.55,0.014219348669343823
1232,1891.6,-0.0019404320645266537
1233,1891.65,-0.007609598206461676
1234,1891.7,-0.02082543030807482
1235,1891.75,-0.022151929969365547
1236,1891.8,-0.025850285627429415
1237,1891.85,-0.019302387966138923
1238,1891.9,-0.008474332164526643
1239,1891.95,0.007833230514505019
1240,1892.0,0.0194273259306339
1241,1892.05,0.037076443340311904
1242,1892.1,0.045922825166118564
1243,1892.15,0.05862703486611842
1244,1892.2,0.07167410790805384
1245,1892.25,0.0844343655354729
1246,1892.3,0.09606858857579592
1247,1892.35,0.09862473938708582
1248,1892.4,0.09729539406773124
1249,1892.45,0.09502325146773138
1250,1892.5,0.09034166326611803
1251,1892.55,0.08672454345482805
1252,1892.6,0.08677788031611833
1253,1892.65,0.08467003601450518
1254,1892.7,0.08530840556450503
1255,1892.75,0.08165811845482729
1256,1892.8,0.0721088014048279
1257,1892.85,0.06472856798708637
1258,1892.9,0.05318455999837646
1259,1892.95,0.04204000164676369
1260,1893.0,0.032834816948376755
1261,1893.05,0.020448282670956885
1262,1893.1,0.008359081206441132
1263,1893.15,-0.006229031041946165
1264,1893.2,-0.018248360064527347
1265,1893.25,-0.031200372745172622
1266,1893.3,-0.03535422596775284
1267,1893.35,-0.041636266101622965
1268,1893.4,-0.046519242293559415
1269,1893.45,-0.048557098788720054
1270,1893.5,-0.049881944891946084
1271,1893.55,-0.05298209707904267
1272,1893.6,-0.051970677138720056
1273,1893.65,-0.04489425617420473
1274,1893.7,-0.03829479057420482
1275,1893.75,-0.021710699150011337
1276,1893.8,-0.012524722643559194
1277,1893.85,-0.00023365250323603703
1278,1893.9,0.014751909730634338
1279,1893.95,0.02836076951127975
1280,1894.0,0.03564030893386061
1281,1894.05,0.04216542210321528
1282,1894.1,0.043690175685473065
1283,1894.15,0.039882608285473076
1284,1894.2,0.02738145936127978
1285,1894.25,0.01667132532257032
1286,1894.3,0.01239778141450465
1287,1894.35,0.005367217845150485
1288,1894.4,-0.0009942315306563643
1289,1894.45,-0.008138948288720194
1290,1894.5,-0.017734353462913965
1291,1894.55,-0.020313058037107368
1292,1894.6,-0.01901486113710682
1293,1894.65,-0.018168739320978844
1294,1894.7,-0.012888120869365416
1295,1894.75,-0.014801364459688493
1296,1894.8,-0.009417763950010816
1297,1894.85,-0.004951311343559084
1298,1894.9,0.004035661372570054
1299,1894.95,0.009291611045150638
1300,1895.0,0.015141745658054262
1301,1895.05,0.019436939640312012
1302,1895.1,0.015359130861279269
1303,1895.15,0.016610278266118605
1304,1895.2,0.011673772938699756
1305,1895.25,0.019463204295150582
1306,1895.3,0.019226533990311268
1307,1895.35,0.020412365851601777
1308,1895.4,0.02161354119353831
1309,1895.45,0.02135208674514999
1310,1895.5,0.027620110090311734
1311,1895.55,0.034808530772569846
1312,1895.6,0.04108216852418245
1313,1895.65,0.0357986851870864
1314,1895.7,0.03761681073386036
1315,1895.75,0.02903557502095655
1316,1895.8,0.027140020656441166
1317,1895.85,0.019816411988699656
1318,1895.9,0.013810631416117936
1319,1895.95,0.0068530743580543785
1320,1896.0,0.005311362191925184
1321,1896.05,0.002867634101602512
1322,1896.1,0.011897349370957322
1323,1896.15,0.014126864782247672
1324,1896.2,0.022575911987086528
1325,1896.25,0.020839925975795204
1326,1896.3,0.026670698577408558
1327,1896.35,0.0325221406548275
1328,1896.4,0.043089780288699586
1329,1896.45,0.04598556423547251
1330,1896.5,0.03873988429837638
1331,1896.55,0.039531900156441147
1332,1896.6,0.03297256218063449
1333,1896.65,0.03688641875482723
1334,1896.7,0.03388665292418214
1335,1896.75,0.030650908975795588
1336,1896.8,0.03438570059353818
1337,1896.85,0.036632539909666306
1338,1896.9,0.050414215735473
1339,1896.95,0.06387998506127968
1340,1897.0,0.06432331166934357
1341,1897.05,0.06692968449998915
1342,1897.1,0.067350861120957
1343,1897.15,0.05985066783386106
1344,1897.2,0.05148729800966656
1345,1897.25,0.03414216609998899
1346,1897.3,0.01692237773708616
1347,1897.35,0.009523897498376677
1348,1897.4,0.0065658167128930245
1349,1897.45,0.017600528817731664
1350,1897.5,0.033712529414504644
1351,1897.55,0.05250825474998866
1352,1897.6,0.07934959757740856
1353,1897.65,0.1020307421338611
1354,1897.7,0.11923272590644096
1355,1897.75,0.1231476015338604
1356,1897.8,0.10650059799353784
1357,1897.85,0.08596400288224793
1358,1897.9,0.06219829728224724
1359,1897.95,0.03961532792902123
1360,1898.0,0.012575884999988851
1361,1898.05,-0.004418346506462001
1362,1898.1,-0.008335144875817768
1363,1898.15,0.002043662272570579
1364,1898.2,0.01084051426611854
1365,1898.25,0.034517927556440675
1366,1898.3,0.041537935272570436
1367,1898.35,0.05846162137740851
1368,1898.4,0.07067978114353846
1369,1898.45,0.07251846080160185
1370,1898.5,0.06446799799998892
1371,1898.55,0.05649586770482795
1372,1898.6,0.04830558310966637
1373,1898.65,0.04141411069192458
1374,1898.7,0.03307129497902128
1375,1898.75,0.02663835805805448
1376,1898.8,0.02365270515321516
1377,1898.85,0.025999488595150666
1378,1898.9,0.03811224364837695
1379,1898.95,0.04534579108386083
1380,1899.0,0.04633483030805419
1381,1899.05,0.05110071151611795
1382,1899.1,0.059539952737086566
1383,1899.15,0.057157290930634375
1384,1899.2,0.04970089770482744
1385,1899.25,0.03749012126773188
1386,1899.3,0.03058343996127988
1387,1899.35,0.02504896189192518
1388,1899.4,0.012894233382247933
1389,1899.45,0.0075233614241820845
1390,1899.5,0.0024060606725697653
1391,1899.55,0.010507956820957176
1392,1899.6,0.014147303529020938
1393,1899.65,0.020112072016118532
1394,1899.7,0.018515234838699435
1395,1899.75,0.024902487411279317
1396,1899.8,0.02678987012257039
1397,1899.85,0.031074604388699356
1398,1899.9,0.030688729309666485
1399,1899.95,0.02839609028063439
1400,1900.0,0.03628981115966656
1401,1900.05,0.04385653131773104
1402,1900.1,0.043382037062892564
1403,1900.15,0.04412790711450487
1404,1900.2,0.05533010926934345
1405,1900.25,0.06020516376450491
1406,1900.3,0.06328005112256996
1407,1900.35,0.06188573635321504
1408,1900.4,0.05756125901127973
1409,1900.45,0.06090042724837641
1410,1900.5,0.05236518352257047
1411,1900.55,0.04845067321611829
1412,1900.6,0.038564299504827204
1413,1900.65,0.03625243305644066
1414,1900.7,0.03438222043063455
1415,1900.75,0.03286073550966595
1416,1900.8,0.029955741629020594
1417,1900.85,0.03203726359353798
1418,1900.9,0.034680726116118166
1419,1900.95,0.029773831014504815
1420,1901.0,0.03058311309515016
1421,1901.05,0.031652580614505155
1422,1901.1,0.03802906583224708
1423,1901.15,0.02600969835482747
1424,1901.2,0.025243601058054566
1425,1901.25,0.019256855630634284
1426,1901.3,0.014527083516118644
1427,1901.35,0.01059336501773167
1428,1901.4,0.001051815845150017
1429,1901.45,-0.006055791993559545
1430,1901.5,-0.007761379454850115
1431,1901.55,-0.009559335438720673
1432,1901.6,-0.016388280288720303
1433,1901.65,-0.018999921432268252
1434,1901.7,-0.013509031922590786
1435,1901.75,-0.006373198232268784
1436,1901.8,0.003363739975795532
1437,1901.85,0.011482748527408937
1438,1901.9,0.026059766554827668
1439,1901.95,0.038706563180634035
1440,1902.0,0.03896276854353786
1441,1902.05,0.049495683458053996
1442,1902.1,0.05462248255482738
1443,1902.15,0.0554929270564406
1444,1902.2,0.056355584453215535
1445,1902.25,0.04614061414515014
1446,1902.3,0.04230572458224735
1447,1902.35,0.031265840301601955
1448,1902.4,0.014931570737085842
1449,1902.45,0.00695649864676362
1450,1902.5,-0.0013203285629135308
1451,1902.55,-0.005264141456462035
1452,1902.6,-0.016393933150011364
1453,1902.65,-0.009180920598398146
1454,1902.7,-0.010699290677429474
1455,1902.75,-0.008880338351623607
1456,1902.8,-0.012768468638720165
1457,1902.85,-0.01095178514839823
1458,1902.9,-0.00884055682097884
1459,1902.95,-0.017676344338720895
1460,1903.0,-0.02237260306130029
1461,1903.05,-0.029511590048397984
1462,1903.1,-0.03272101165968877
1463,1903.15,-0.03955366740162347
1464,1903.2,-0.048713436935495125
1465,1903.25,-0.04768998063065677
1466,1903.3,-0.04473203443710716
1467,1903.35,-0.047236540400010796
1468,1903.4,-0.04666713960323676
1469,1903.45,-0.039911239719366165
1470,1903.5,-0.03184477970484956
1471,1903.55,-0.02767535227259099
1472,1903.6,-0.0190720819371073
1473,1903.65,-0.014812593272591101
1474,1903.7,-0.015035169879043409
1475,1903.75,-0.01620965756291426
1476,1903.8,-0.021849271161300976
1477,1903.85,-0.01816935459839808
1478,1903.9,-0.024463392641945525
1479,1903.95,-0.030932150245172707
1480,1904.0,-0.03154217857904307
1481,1904.05,-0.03450527772097889
1482,1904.1,-0.034016497493559505
1483,1904.15,-0.04005159988065632
1484,1904.2,-0.03321573315968873
1485,1904.25,-0.02666758554194626
1486,1904.3,-0.02996556864678457
1487,1904.35,-0.02693211637742987
1488,1904.4,-0.017294180151623095
1489,1904.45,-0.008445644854849554
1490,1904.5,-0.01330226025485004
1491,1904.55,-0.006178424474204469
1492,1904.6,0.0011829083903114324
1493,1904.65,-0.0025639580467844425
1494,1904.7,-0.0028158756951723873
1495,1904.75,-0.0013041583032364912
1496,1904.8,0.0012055775177310935
1497,1904.85,-0.004011167446784647
1498,1904.9,-0.004525770098397608
1499,1904.95,-0.006495407709688372
1500,1905.0,-0.019934220193559504
1501,1905.05,-0.02343628312743018
1502,1905.1,-0.030802518983882088
1503,1905.15,-0.029371998983881653
1504,1905.2,-0.037943928625817414
1505,1905.25,-0.04137277354678481
1506,1905.3,-0.035613315443558946
1507,1905.35,-0.03285052755646145
1508,1905.4,-0.029743088177429655
1509,1905.45,-0.02165567027581794
1510,1905.5,-0.015517489693559483
1511,1905.55,-0.017628198880656143
1512,1905.6,-0.021073137151622845
1513,1905.65,-0.01778670972581775
1514,1905.7,-0.02777123941291393
1515,1905.75,-0.033889019703236656
1516,1905.8,-0.04216713515001125
1517,1905.85,-0.052258665425817696
1518,1905.9,-0.057017124850011314
1519,1905.95,-0.06131058836452752
1520,1906.0,-0.06179246594839771
1521,1906.05,-0.06424248140484945
1522,1906.1,-0.06309889218388154
1523,1906.15,-0.05606056073710697
1524,1906.2,-0.05379939699355951
1525,1906.25,-0.05393354669839745
1526,1906.3,-0.051145186343559246
1527,1906.35,-0.045693501541945736
1528,1906.4,-0.04364793485162277
1529,1906.45,-0.04950631802743022
1530,1906.5,-0.04448646183710725
1531,1906.55,-0.04410199035968798
1532,1906.6,-0.050475668374204474
1533,1906.65,-0.048659677070978624
1534,1906.7,-0.046708651601623075
1535,1906.75,-0.0500943117387207
1536,1906.8,-0.05383544840484955
1537,1906.85,-0.052434500175817966
1538,1906.9,-0.04897925600807529
1539,1906.95,-0.059717904309688485
1540,1907.0,-0.06261593786452746
1541,1907.05,-0.05922918176452718
1542,1907.1,-0.06514070952743012
1543,1907.15,-0.0678322021435589
1544,1907.2,-0.06635757444355939
1545,1907.25,-0.06730685136452674
1546,1907.3,-0.0711973658516234
1547,1907.35,-0.06731033152742949
1548,1907.4,-0.0658287435016236
1549,1907.45,-0.06891268697420472
1550,1907.5,-0.061686926643559126
1551,1907.55,-0.0619638207096882
1552,1907.6,-0.06500569458872008
1553,1907.65,-0.06460570658388143
1554,1907.7,-0.0583691200693659
1555,1907.75,-0.06636261202742944
1556,1907.8,-0.06440474159678455
1557,1907.85,-0.054574358130656364
1558,1907.9,-0.05641813305484966
1559,1907.95,-0.05773255789678444
1560,1908.0,-0.058581736872591605
1561,1908.05,-0.06103965479839779
1562,1908.1,-0.06634624949355938
1563,1908.15,-0.06490211648065625
1564,1908.2,-0.06588136894839813
1565,1908.25,-0.06954465379355934
1566,1908.3,-0.06430337464194569
1567,1908.35,-0.060843977351622947
1568,1908.4,-0.05446032030646197
1569,1908.45,-0.04901771084678419
1570,1908.5,-0.041560067838720016
1571,1908.55,-0.037352224022590974
1572,1908.6,-0.035871289729042743
1573,1908.65,-0.030280494548398096
1574,1908.7,-0.03186608368549493
1575,1908.75,-0.03954616870807559
1576,1908.8,-0.03841196246775258
1577,1908.85,-0.039501349593559
1578,1908.9,-0.048689979483881984
1579,1908.95,-0.04459261641936596
1580,1909.0,-0.04740139629355955
1581,1909.05,-0.05171062629194623
1582,1909.1,-0.04817001238226837
1583,1909.15,-0.0458304007677528
1584,1909.2,-0.045130599612913436
1585,1909.25,-0.04189933565323667
1586,1909.3,-0.034509027067752385
1587,1909.35,-0.03971702355646212
1588,1909.4,-0.035911494262913735
1589,1909.45,-0.036361569695172236
1590,1909.5,-0.030803461127430154
1591,1909.55,-0.03919665267904282
1592,1909.6,-0.02992801749678442
1593,1909.65,-0.029292801243559374
1594,1909.7,-0.029071820512913682
1595,1909.75,-0.024831540040334055
1596,1909.8,-0.023962133819365405
1597,1909.85,-0.02999306385646161
1598,1909.9,-0.0315377370451726
1599,1909.95,-0.035426867158075304
1600,1910.0,-0.03967312735807482
1601,1910.05,-0.03774811658710675
1602,1910.1,-0.03792224009678424
1603,1910.15,-0.047226061456461466
1604,1910.2,-0.04124106572420416
1605,1910.25,-0.03991885377743021
1606,1910.3,-0.045459523075817465
1607,1910.35,-0.0362507620774295
1608,1910.4,-0.04110753129678457
1609,1910.45,-0.04566646779033334
1610,1910.5,-0.03935154876936586
1611,1910.55,-0.038326438906461924
1612,1910.6,-0.044350466300010716
1613,1910.65,-0.04749628360807545
1614,1910.7,-0.04519768407904312
1615,1910.75,-0.05040798785807521
1616,1910.8,-0.05412614775807523
1617,1910.85,-0.053271277466139466
1618,1910.9,-0.0619510344758174
1619,1910.95,-0.060222104927429854
1620,1911.0,-0.05999329863710745
1621,1911.05,-0.06273801275001123
1622,1911.1,-0.058708118700010914
1623,1911.15,-0.053745867858075336
1624,1911.2,-0.05741094085323617
1625,1911.25,-0.05275306005968883
1626,1911.3,-0.0524134461516228
1627,1911.35,-0.056150968062913975
1628,1911.4,-0.05780710260162358
1629,1911.45,-0.057539687653236804
1630,1911.5,-0.057542610220979284
1631,1911.55,-0.057328186040333406
1632,1911.6,-0.05658148920968831
1633,1911.65,-0.06162295701936582
1634,1911.7,-0.060486962629043184
1635,1911.75,-0.06013838874355937
1636,1911.8,-0.06359703616452705
1637,1911.85,-0.06086676184355877
1638,1911.9,-0.05621041924355907
1639,1911.95,-0.05966366375968857
1640,1912.0,-0.05151964033549472
1641,1912.05,-0.05194323961130021
1642,1912.1,-0.0520501825177524
1643,1912.15,-0.04530205051130043
1644,1912.2,-0.048480573659688275
1645,1912.25,-0.043296303806461545
1646,1912.3,-0.04342881918065622
1647,1912.35,-0.037996573300010716
1648,1912.4,-0.03719054065323668
1649,1912.45,-0.028237119783882214
1650,1912.5,-0.023121088041945903
1651,1912.55,-0.018085926825818
1652,1912.6,-0.012890120520978599
1653,1912.65,-0.011842283848397805
1654,1912.7,-0.006556127900011255
1655,1912.75,0.002632194351602557
1656,1912.8,0.007204205490311644
1657,1912.85,0.006242911432247311
1658,1912.9,0.01846399376611796
1659,1912.95,0.017715258829021252
1660,1913.0,0.017633946072570517
1661,1913.05,0.022865130829020863
1662,1913.1,0.020380159924182628
1663,1913.15,0.025404284601601823
1664,1913.2,0.029270303356440763
1665,1913.25,0.024755993703215573
1666,1913.3,0.030929860375795926
1667,1913.35,0.02744827464353783
1668,1913.4,0.026906503648376656
1669,1913.45,0.029870160385472744
1670,1913.5,0.028022482295150475
1671,1913.55,0.032957161017731273
1672,1913.6,0.03347647438708634
1673,1913.65,0.03236220698063441
1674,1913.7,0.03672304337256982
1675,1913.75,0.04694205143869912
1676,1913.8,0.04461751412095705
1677,1913.85,0.05068157300160259
1678,1913.9,0.06052891505160218
1679,1913.95,0.052900801743538395
1680,1914.0,0.059637512662892966
1681,1914.05,0.06188169859515025
1682,1914.1,0.055308439967731715
1683,1914.15,0.06321071704837689
1684,1914.2,0.06479388353063431
1685,1914.25,0.06112708006773104
1686,1914.3,0.06978822493547288
1687,1914.35,0.06373237616289273
1688,1914.4,0.06805691118708612
1689,1914.45,0.07214139188063395
1690,1914.5,0.06606606573224738
1691,1914.55,0.06649345280966656
1692,1914.6,0.06746224556127967
1693,1914.65,0.06893571961611844
1694,1914.7,0.07054438165644061
1695,1914.75,0.0725283052403114
1696,1914.8,0.07509303148063395
1697,1914.85,0.08232477153869944
1698,1914.9,0.07530282185321546
1699,1914.95,0.07997075858708591
1700,1915.0,0.07967788653547281
1701,1915.05,0.07997541162256994
1702,1915.1,0.0860032460451503
1703,1915.15,0.08425266642256979
1704,1915.2,0.08035592225160215
1705,1915.25,0.08880221993547277
1706,1915.3,0.08668003197902063
1707,1915.35,0.08364273422579593
1708,1915.4,0.0926891004403112
1709,1915.45,0.0911083950677316
1710,1915.5,0.0983080061080539
1711,1915.55,0.09635084709192476
1712,1915.6,0.10233422772095668
1713,1915.65,0.10343007525966641
1714,1915.7,0.10411632108386115
1715,1915.75,0.10381120116611786
1716,1915.8,0.11207224266450488
1717,1915.85,0.10853751234515041
1718,1915.9,0.11044500693708592
1719,1915.95,0.1072538321467631
1720,1916.0,0.10430038516934381
1721,1916.05,0.105205938938699
1722,1916.1,0.10084031491934375
1723,1916.15,0.10176659584676351
1724,1916.2,0.09837143736450482
1725,1916.25,0.09782880113547332
1726,1916.3,0.09176624199353789
1727,1916.35,0.09796168183063436
1728,1916.4,0.0890257579128928
1729,1916.45,0.09299200920482775
1730,1916.5,0.09215648169676349
1731,1916.55,0.09040790172579527
1732,1916.6,0.08898505346611785
1733,1916.65,0.0844946434951499
1734,1916.7,0.08292270582579597
1735,1916.75,0.08037676477418199
1736,1916.8,0.07482436674998905
1737,1916.85,0.07455906681773161
1738,1916.9,0.06912120653063436
1739,1916.95,0.06595525811450464
1740,1917.0,0.06472358808547263
1741,1917.05,0.05317748430805391
1742,1917.1,0.056256063330634376
1743,1917.15,0.0475974180274088
1744,1917.2,0.043492633179020856
1745,1917.25,0.04213875367257014
1746,1917.3,0.039005837962892365
1747,1917.35,0.038494561654827564
1748,1917.4,0.03843957123547259
1749,1917.45,0.03395492949031187
1750,1917.5,0.03886247832418199
1751,1917.55,0.026626725469343526
1752,1917.6,0.028909250875795323
1753,1917.65,0.02365537776450477
1754,1917.7,0.018408887982247713
1755,1917.75,0.018571032809666654
1756,1917.8,0.015670268961279987
1757,1917.85,0.011462732783861007
1758,1917.9,0.01169715348063427
1759,1917.95,0.0068389229774084015
1760,1918.0,0.009861896303215545
1761,1918.05,0.0059144878822472435
1762,1918.1,0.00222745717418249
1763,1918.15,0.0027270047564407207
1764,1918.2,-0.00015999225968865716
1765,1918.25,0.0017895142435380151
1766,1918.3,-0.0005449636500109989
1767,1918.35,-0.0003114466419456008
1768,1918.4,-0.0044972750629135305
1769,1918.45,-0.000842238780656146
1770,1918.5,-0.004128512387107541
1771,1918.55,-0.002080138493559147
1772,1918.6,-0.008280250593559302
1773,1918.65,-0.008119490140333419
1774,1918.7,-0.015783154946784173
1775,1918.75,-0.012308068082268697
1776,1918.8,-0.016995174553236403
1777,1918.85,-0.016599820356462125
1778,1918.9,-0.01726635807581811
1779,1918.95,-0.020561207111300384
1780,1919.0,-0.020281390477429717
1781,1919.05,-0.018209405312913596
1782,1919.1,-0.018883749364527525
1783,1919.15,-0.014342540551623095
1784,1919.2,-0.018315040754849576
1785,1919.25,-0.013497495470979004
1786,1919.3,-0.013908866108074847
1787,1919.35,-0.013889119548397666
1788,1919.4,-0.010918540940333621
1789,1919.45,-0.014180318814527304
1790,1919.5,-0.014680212490334021
1791,1919.55,-0.01630206454033356
1792,1919.6,-0.02227060160162342
1793,1919.65,-0.0241045128596884
1794,1919.7,-0.02927784231130026
1795,1919.75,-0.026122699704849595
1796,1919.8,-0.03731847990162329
1797,1919.85,-0.03861302359194596
1798,1919.9,-0.037178331241945806
1799,1919.95,-0.041984551575817264
1800,1920.0,-0.04061269443226845
1801,1920.05,-0.0476547752258174
1802,1920.1,-0.04736372977904324
1803,1920.15,-0.05177238476291368
1804,1920.2,-0.05805877029355955
1805,1920.25,-0.05957983221130014
1806,1920.3,-0.06563889196291406
1807,1920.35,-0.067329232080656
1808,1920.4,-0.0694411333677527
1809,1920.45,-0.07633920079033363
1810,1920.5,-0.08131527614678458
1811,1920.55,-0.08805769760968829
1812,1920.6,-0.09353532020001065
1813,1920.65,-0.10045603752259158
1814,1920.7,-0.10812581664839804
1815,1920.75,-0.10887359021452703
1816,1920.8,-0.11187218317259084
1817,1920.85,-0.10838500226130066
1818,1920.9,-0.11685923738549508
1819,1920.95,-0.11440931806613897
1820,1921.0,-0.11344788941613881
1821,1921.05,-0.12220709412259101
1822,1921.1,-0.11646378705162341
1823,1921.15,-0.12134353303710732
1824,1921.2,-0.12249042937420462
1825,1921.25,-0.12865483615646145
1826,1921.3,-0.12674455358872017
1827,1921.35,-0.1281057587419463
1828,1921.4,-0.12804400027097884
1829,1921.45,-0.12675739750484993
1830,1921.5,-0.13131198860162296
1831,1921.55,-0.12720903035807485
1832,1921.6,-0.1246075028371072
1833,1921.65,-0.12841230148872018
1834,1921.7,-0.12494586696291421
1835,1921.75,-0.12545174036613904
1836,1921.8,-0.12065805630968818
1837,1921.85,-0.12327411975968872
1838,1921.9,-0.12137127820323634
1839,1921.95,-0.12758136933388187
1840,1922.0,-0.12755022091452695
1841,1922.05,-0.12608891781613885
1842,1922.1,-0.12818909037742987
1843,1922.15,-0.1238937618032363
1844,1922.2,-0.12601848777904312
1845,1922.25,-0.12019904012742977
1846,1922.3,-0.11864179220646154
1847,1922.35,-0.1205669567967842
1848,1922.4,-0.11469901759355938
1849,1922.45,-0.1173995278693658
1850,1922.5,-0.11259719147420455
1851,1922.55,-0.1127587017967846
1852,1922.6,-0.10847900511452746
1853,1922.65,-0.1096912169951727
1854,1922.7,-0.11293313294517215
1855,1922.75,-0.10830857326936538
1856,1922.8,-0.10867299054839741
1857,1922.85,-0.09977196439678426
1858,1922.9,-0.10239056586613948
1859,1922.95,-0.0977625068000112
1860,1923.0,-0.10109027317743013
1861,1923.05,-0.09604292177743012
1862,1923.1,-0.09412781312742968
1863,1923.15,-0.08741990488226836
1864,1923.2,-0.0817106495709794
1865,1923.25,-0.08575896348872014
1866,1923.3,-0.08321957898710686
1867,1923.35,-0.08612403450001072
1868,1923.4,-0.08350812486936565
1869,1923.45,-0.0827326253645273
1870,1923.5,-0.08062066639517251
1871,1923.55,-0.08267359718710754
1872,1923.6,-0.08570731864033387
1873,1923.65,-0.0827995175564622
1874,1923.7,-0.08418633363226835
1875,1923.75,-0.07934829191936554
1876,1923.8,-0.08459130153872074
1877,1923.85,-0.08330937103549463
1878,1923.9,-0.08698023148388145
1879,1923.95,-0.08091017364839814
1880,1924.0,-0.08742342350001131
1881,1924.05,-0.08196262490162365
1882,1924.1,-0.08413659229839787
1883,1924.15,-0.0864773383306563
1884,1924.2,-0.08139718495323667
1885,1924.25,-0.08416045352581758
1886,1924.3,-0.08262591318710744
1887,1924.35,-0.08325051590485
1888,1924.4,-0.08202090320968836
1889,1924.45,-0.08567784300646153
1890,1924.5,-0.0796387605435589
1891,1924.55,-0.08674467636936534
1892,1924.6,-0.07932268099678463
1893,1924.65,-0.083119904045172
1894,1924.7,-0.08110662019194592
1895,1924.75,-0.0837066287467847
1896,1924.8,-0.08583589239355938
1897,1924.85,-0.087432575751623
1898,1924.9,-0.0876116022532365
1899,1924.95,-0.0847572341677525
1900,1925.0,-0.08655617075001132
1901,1925.05,-0.09180839030323629
1902,1925.1,-0.08919499946452714
1903,1925.15,-0.0853393827435589
1904,1925.2,-0.08856297496291354
1905,1925.25,-0.08473737224355915
1906,1925.3,-0.08994236925484955
1907,1925.35,-0.08410363650162278
1908,1925.4,-0.09073521189194622
1909,1925.45,-0.08774150269839787
1910,1925.5,-0.0954077439790435
1911,1925.55,-0.09199754965484974
1912,1925.6,-0.1002875476467846
1913,1925.65,-0.09752054895484985
1914,1925.7,-0.0965046297983978
1915,1925.75,-0.09986935127581731
1916,1925.8,-0.10215529916291377
1917,1925.85,-0.09724867324517206
1918,1925.9,-0.09851335675323636
1919,1925.95,-0.09725669107904267
1920,1926.0,-0.09979569103226815
1921,1926.05,-0.09885845047581743
1922,1926.1,-0.10014463023872011
1923,1926.15,-0.10429113858710704
1924,1926.2,-0.10486136616291386
1925,1926.25,-0.10723712532581775
1926,1926.3,-0.10716588773710711
1927,1926.35,-0.10438100754517254
1928,1926.4,-0.10456610991130066
1929,1926.45,-0.10019206428226823
1930,1926.5,-0.09668790555968876
1931,1926.55,-0.09191956324194628
1932,1926.6,-0.0945197448435593
1933,1926.65,-0.09209214855807524
1934,1926.7,-0.09026646663549531
1935,1926.75,-0.08933172564355907
1936,1926.8,-0.0854202148145271
1937,1926.85,-0.08040439638226893
1938,1926.9,-0.08239447274033385
1939,1926.95,-0.07139804242742986
1940,1927.0,-0.06823592026775227
1941,1927.05,-0.062345311937106906
1942,1927.1,-0.05341482937904285
1943,1927.15,-0.050790921141945944
1944,1927.2,-0.04598100914355907
1945,1927.25,-0.039777070787106794
1946,1927.3,-0.035149088630656244
1947,1927.35,-0.03108275862097898
1948,1927.4,-0.02065617133549491
1949,1927.45,-0.026396382791945783
1950,1927.5,-0.012668812924204076
1951,1927.55,-0.014696228930656474
1952,1927.6,-0.013531720277430104
1953,1927.65,-0.009547087572591373
1954,1927.7,-0.0062825986322687655
1955,1927.75,0.001673419085473249
1956,1927.8,-0.004528269662913864
1957,1927.85,0.0013068483354725657
1958,1927.9,0.006713367929020997
1959,1927.95,0.0023553195128931392
1960,1928.0,-0.0001784890371068215
1961,1928.05,0.002597604224182426
1962,1928.1,0.008090531840311499
1963,1928.15,0.0069072764532158715
1964,1928.2,0.012086739451602213
1965,1928.25,0.017341900799989318
1966,1928.3,0.01724805176611799
1967,1928.35,0.01960191089837693
1968,1928.4,0.015159857887086403
1969,1928.45,0.018136723861279513
1970,1928.5,0.012997465396763275
1971,1928.55,0.01625376345644103
1972,1928.6,0.017477088785472716
1973,1928.65,0.016001768898377122
1974,1928.7,0.020091460222570134
1975,1928.75,0.020679242432247058
1976,1928.8,0.018632156775795217
1977,1928.85,0.021199459490311767
1978,1928.9,0.02198238077902115
1979,1928.95,0.01597819608224782
1980,1929.0,0.016090599575795395
1981,1929.05,0.014074008606440813
1982,1929.1,0.009975568806440904
1983,1929.15,0.013494398049989087
1984,1929.2,0.011494881029021187
1985,1929.25,0.00860173123869945
1986,1929.3,0.008945382904827603
1987,1929.35,0.008956380988699664
1988,1929.4,0.00716200130482747
1989,1929.45,0.010194742159666426
1990,1929.5,0.013073740569343961
1991,1929.55,0.015315407709666218
1992,1929.6,0.013456769990311201
1993,1929.65,0.01257973048386063
1994,1929.7,0.01233904164837707
1995,1929.75,0.006455893556441161
1996,1929.8,0.00798531940160263
1997,1929.85,0.009603941245150516
1998,1929.9,0.007647109095150206
1999,1929.95,0.00819741706450472
2000,1930.0,0.012139787901602084
