,freq,ref_ind_0deg,ref_ind_err_0deg,ref_ind_180deg,ref_ind_err_180deg,ref_ind_90deg,ref_ind_err_90deg
0,297997069000.0,3.14048803,0.00055917615,3.13727269,0.000731443859,3.13196379,0.000820405315
1,302882267000.0,3.13763241,0.000541614862,3.13419881,0.000738525117,3.12857154,0.000799070518
2,307767465000.0,3.14440307,0.000676704888,3.13869617,0.000995258603,3.13872335,0.00106820472
3,312652662000.0,3.14003382,0.000673271998,3.13637681,0.000906807934,3.12947726,0.00100149
4,317537860000.0,3.13908459,0.000574850934,3.13585564,0.000766025767,3.13036867,0.000835028162
5,322423058000.0,3.14523951,0.000550429913,3.13812419,0.000743520382,3.13042219,0.000848754803
6,327308256000.0,3.13658724,0.000612922624,3.12990892,0.000871951542,3.12747226,0.00102929636
7,332193454000.0,3.14043134,0.000589878628,3.13720323,0.00080311045,3.1316064,0.000843224005
8,337078652000.0,3.13861797,0.000599333425,3.13534152,0.000813266236,3.12947573,0.00088616071
9,341963850000.0,3.14443662,0.000598086603,3.13869796,0.000737741392,3.13744745,0.000849340163
10,346849047000.0,3.14088523,0.000523925135,3.1367928,0.000700959898,3.12880914,0.000772319064
11,351734245000.0,3.13960724,0.000584179119,3.13634678,0.000878667484,3.13099451,0.00108151761
12,356619443000.0,3.14014303,0.000654900318,3.13580682,0.000895932997,3.12930441,0.000960957102
13,361504641000.0,3.13568724,0.000695281047,3.13033384,0.0008171327,3.13054073,0.000911764143
14,366389839000.0,3.14065167,0.000532590874,3.13737318,0.000743062719,3.13130629,0.000824921093
15,371275037000.0,3.13851184,0.000548537747,3.1352875,0.000781605777,3.12975577,0.000804371097
16,376160234000.0,3.14745804,0.000599026894,3.14093097,0.000839469104,3.13492072,0.00104330554
17,381045432000.0,3.13772155,0.000581548176,3.13098646,0.000765141333,3.12479226,0.000857099449
18,385930630000.0,3.1398971,0.000659141921,3.13667943,0.000773004534,3.13107974,0.00088510602
19,390815828000.0,3.13877526,0.000521554909,3.13517814,0.00070734738,3.12917136,0.000852460289
20,395701026000.0,3.13938948,0.000514113759,3.13415647,0.000719795062,3.13403932,0.000774786896
21,400586224000.0,3.14080735,0.000690622366,3.13733487,0.000933022602,3.13054596,0.000973279954
22,405471422000.0,3.13902584,0.000512969221,3.13580251,0.000711868445,3.13026298,0.000800455163
23,410356619000.0,3.1456134,0.000593146719,3.13842252,0.000765084008,3.13049396,0.000831619819
24,415241817000.0,3.13527623,0.00053360884,3.12908745,0.00075435944,3.12632329,0.000839680764
25,420127015000.0,3.14037356,0.000524215384,3.13717019,0.000721294707,3.1313024,0.000932164506
26,425012213000.0,3.13849365,0.000694576532,3.13521746,0.000966284983,3.12941534,0.00108749175
27,429897411000.0,3.14359295,0.000508337513,3.13784472,0.000722306863,3.13570005,0.000796340598
28,434782609000.0,3.1404928,0.000553326207,3.13675229,0.000696608566,3.12785434,0.000795834973
29,439667807000.0,3.13957349,0.000522788562,3.13645856,0.00076784051,3.13094071,0.00085824957
30,444553004000.0,3.14061213,0.000492980559,3.13603161,0.000723044589,3.12963594,0.00079053351
31,449438202000.0,3.13577811,0.000653021308,3.13050584,0.000796210942,3.12962886,0.000911311598
32,454323400000.0,3.14051938,0.00061748994,3.13735408,0.000846978058,3.13131942,0.000949709255
33,459208598000.0,3.13881049,0.000557411441,3.1356384,0.000712110911,3.13019328,0.000792303614
34,464093796000.0,3.14615203,0.0005376018,3.13975755,0.000806959245,3.13392119,0.000924680845
35,468978994000.0,3.13829937,0.000641317697,3.13235298,0.000897293191,3.12570679,0.00107333021
36,473864191000.0,3.13981539,0.000618191966,3.13667599,0.000752687999,3.13105992,0.000792676065
37,478749389000.0,3.13885549,0.000529384446,3.13520581,0.000787568149,3.12947506,0.000871785142
38,483634587000.0,3.14009329,0.000511944787,3.13460063,0.000697971754,3.13374205,0.000790211051
39,488519785000.0,3.1407101,0.000496525465,3.13724021,0.000713532978,3.13058028,0.000758887324
40,493404983000.0,3.13929898,0.00056475783,3.1360789,0.000850520991,3.13070428,0.00108003511
41,498290181000.0,3.14428968,0.000646291422,3.13740694,0.000797018064,3.13041707,0.000881062269
42,503175379000.0,3.1365571,0.000668998892,3.13042311,0.000787595337,3.12749242,0.00087337349
43,508060576000.0,3.14049845,0.000504736179,3.13717996,0.000703855634,3.13157906,0.000825816462
44,512945774000.0,3.13895378,0.000523616386,3.13546409,0.000787348111,3.12994643,0.000803313455
45,517830972000.0,3.14271673,0.000645686964,3.13723654,0.000932255748,3.13431313,0.00105613077
46,522716170000.0,3.14050321,0.000524583345,3.13644916,0.000747001651,3.12771613,0.000853007135
47,527601368000.0,3.13988828,0.000600926981,3.13665849,0.00077328376,3.13117906,0.000846853993
48,532486566000.0,3.14040034,0.000491519591,3.13578889,0.000711691032,3.12969303,0.000856788766
49,537371764000.0,3.13768098,0.000494873734,3.13204253,0.000679354529,3.13068469,0.000772599614
50,542256961000.0,3.14088336,0.00068396162,3.13752686,0.000939297392,3.1315059,0.000961074505
51,547142159000.0,3.13931672,0.000503949,3.13597594,0.000701490291,3.13046142,0.000782804203
52,552027357000.0,3.14391167,0.000579892413,3.13775792,0.00070709705,3.13212912,0.000807771323
53,556912555000.0,3.14030583,0.000530472595,3.13440186,0.000746712762,3.12711916,0.000838891081
54,561797753000.0,3.14041702,0.00049673993,3.13719605,0.00070783466,3.1316902,0.000924393421
55,566682951000.0,3.1395791,0.000669457595,3.13576088,0.00094798788,3.13006325,0.00106125508
56,571568149000.0,3.1397525,0.000542274021,3.13437156,0.0007491488,3.13339483,0.000784287345
57,576453346000.0,3.14123072,0.000522243015,3.13777474,0.000681329677,3.1311605,0.00078963056
58,581338544000.0,3.13979176,0.000527569077,3.1365104,0.000766666089,3.13118693,0.000881421971
59,586223742000.0,3.1445057,0.000509506249,3.13763702,0.000688381716,3.13084689,0.000802723319
60,591108940000.0,3.13828584,0.00057436203,3.13188394,0.000746582571,3.12884111,0.00082783312
61,595994138000.0,3.14092821,0.000594516323,3.1377065,0.000779765814,3.13201258,0.000877431239
62,600879336000.0,3.13943879,0.000533612373,3.13597693,0.00068919136,3.13043688,0.000781602752
63,605764533000.0,3.14227244,0.000519709806,3.13678364,0.00080516217,3.13417489,0.000927036575
64,610649731000.0,3.14153705,0.000614970259,3.13777175,0.000911524339,3.12917968,0.0010822802
65,615534929000.0,3.140476,0.000617340241,3.13727429,0.000778328154,3.13185027,0.000782153176
66,620420127000.0,3.14618155,0.00429857494,3.13659922,0.00069389117,3.13043825,0.000792568778
67,625305325000.0,3.13833581,0.000514571649,3.1327708,0.000675035719,3.13156364,0.000829067397
68,630190523000.0,3.14150911,0.000497173505,3.13827964,0.000710048767,3.13207386,0.000758958859
69,635075721000.0,3.13992439,0.000543671715,3.13661185,0.000820262494,3.13106754,0.00106024142
70,639960918000.0,3.14453644,0.000618849413,3.13843323,0.000751715393,3.1322471,0.000831311861
71,644846116000.0,3.14083955,0.000597868575,3.13393715,0.00230814139,3.12818984,0.00079686186
72,649731314000.0,3.14108103,0.000489942621,3.13786336,0.000707003714,3.13218073,0.000864299774
73,654616512000.0,3.14028624,0.000526069775,3.13645267,0.000837830393,3.13065101,0.00081935997
74,659501710000.0,3.1407726,0.00065304922,3.13527923,0.00095014439,3.1335786,0.00107288013
75,664386908000.0,3.14194274,0.000505811602,3.13847993,0.000698156673,3.13169441,0.000812781563
76,669272106000.0,3.14067215,0.00056533771,3.13736475,0.000699558462,3.13179336,0.000788852306
77,674157303000.0,3.14492197,0.000496139796,3.13832076,0.000726434636,3.13147911,0.000920223308
78,679042501000.0,3.1405446,0.000488925864,3.13406616,0.000695849526,3.13042256,0.000813846494
79,683927699000.0,3.1417772,0.000688130793,3.13843069,0.000928118073,3.13260747,0.000963447483
80,688812897000.0,3.14083113,0.000536209588,3.13716917,0.000686007213,3.13147495,0.000762735737
81,693698095000.0,3.14300467,0.000535075443,3.13741593,0.000694097163,3.13429423,0.000767435069
82,698583293000.0,3.14203043,0.00050865113,3.13818686,0.000799335834,3.13039357,0.0008884812
83,703468490000.0,3.14131564,0.000496042096,3.13801042,0.000681086985,3.13240734,0.000894526592
84,708353688000.0,3.14378555,0.000661147602,3.13805387,0.000915801326,3.13169953,0.00103455963
85,713238886000.0,3.14015659,0.0005488006,3.1344281,0.000725648633,3.13222028,0.000784376443
86,718124084000.0,3.14203467,0.000530104846,3.13867005,0.000686687957,3.13247686,0.000819002312
87,723009282000.0,3.14109013,0.000531195311,3.13764802,0.000847543837,3.13188934,0.000965129292
88,727894480000.0,3.14434565,0.000493002805,3.13862584,0.000702823519,3.13343893,0.000824385212
89,732779678000.0,3.14177989,0.000605540693,3.13400381,0.00206461085,3.12970129,0.000787986476
90,737664875000.0,3.14167331,0.000528886831,3.13837116,0.000711719985,3.13247888,0.0008084486
91,742550073000.0,3.1422693,0.000538362821,3.1378823,0.000695247905,3.1316713,0.000788909842
92,747435271000.0,3.14035873,0.000532217443,3.13505207,0.000833192907,3.13324245,0.000917367074
93,752320469000.0,3.14214361,0.000580568965,3.13861489,0.000860648912,3.13144606,0.00107831255
94,757205667000.0,3.14130614,0.00066988427,3.13792068,0.00077478832,3.13207081,0.000790309771
95,762090865000.0,3.14474801,0.000519768065,3.13876123,0.000717438761,3.13223955,0.000781338013
96,766976063000.0,3.14064301,0.000509062725,3.13438239,0.000713752652,3.1301175,0.000898704934
97,771861260000.0,3.14197966,0.000544953455,3.13866714,0.000781378078,3.1324926,0.000788105487
98,776746458000.0,3.14154984,0.000514717198,3.13779393,0.000776835237,3.13174568,0.00103568924
99,781631656000.0,3.14190511,0.000545767266,3.13655523,0.000691276058,3.13377318,0.000788203088
100,786516854000.0,3.14232908,0.000582339218,3.13849007,0.000698153734,3.13164653,0.00176733532
101,791402052000.0,3.14163965,0.000499340229,3.1382733,0.000708939317,3.13240575,0.000950213816
102,796287250000.0,3.14402675,0.000595462698,3.13832335,0.000844358969,3.13186757,0.000844173832
103,801172447000.0,3.14378164,0.000748651723,3.13421879,0.00094239957,3.13163272,0.00104519096
104,806057645000.0,3.14242379,0.000499458966,3.13904279,0.000675679769,3.1326517,0.000805884469
105,810942843000.0,3.14157226,0.000550590341,3.13804052,0.000684358799,3.13219693,0.000764925864
106,815828041000.0,3.143651,0.000486933683,3.13803229,0.000766865709,3.1331553,0.000961509822
107,820713239000.0,3.14224472,0.000488148452,3.13410578,0.000695331271,3.13684984,0.00195504554
108,825598437000.0,3.14213449,0.000666174497,3.13878859,0.000936109099,3.13287457,0.000966933868
109,830483635000.0,3.14282573,0.000535993014,3.13824401,0.000683356429,3.13211611,0.000752581924
110,835368832000.0,3.14081511,0.000559691693,3.13536373,0.000681673327,3.13325911,0.000753581402
111,840254030000.0,3.14270779,0.000502726832,3.13915974,0.000785889104,3.12682685,0.00314587112
112,845139228000.0,3.14191086,0.000512665285,3.13843263,0.000683975505,3.13254035,0.000890487314
113,850024426000.0,3.1445589,0.000664133616,3.13871543,0.000930588682,3.13263486,0.00100606979
114,854909624000.0,3.13801307,0.00061035225,3.13569926,0.000733905357,3.13067511,0.000821345758
115,859794822000.0,3.14257941,0.00055388156,3.13918776,0.000676803732,3.13297284,0.000828109076
116,864680020000.0,3.1425011,0.000509550695,3.13847911,0.000814667025,3.1323876,0.000966216582
117,869565217000.0,3.14182589,0.000495905743,3.13651881,0.000769325723,3.13367314,0.0008881842
118,874450415000.0,3.14295079,0.00061017616,3.13914574,0.000772785095,3.13218322,0.000769679761
119,879335613000.0,3.14228029,0.000502821613,3.13884957,0.000698074272,3.13283832,0.000816432805
120,884220811000.0,3.14449722,0.000542932165,3.13883302,0.000684943025,3.1324952,0.000802201282
121,889106009000.0,3.1427073,0.000504991833,3.13499615,0.000766195026,3.13162455,0.00083652147
122,893991207000.0,3.14298831,0.000533599012,3.13954038,0.000869690111,3.1330065,0.00108716317
123,898876404000.0,3.14237181,0.000675101928,3.13865258,0.000837821646,3.13262866,0.000781657547
124,903761602000.0,3.14284222,0.000566157645,3.13743199,0.000706069726,3.13307833,0.000785008227
125,908646800000.0,3.14318577,0.000491003269,3.13402829,0.000725224391,3.13057543,0.000922547439
126,913531998000.0,3.1427715,0.000523594735,3.13934903,0.000830252472,3.13332778,0.000779483117
127,918417196000.0,3.14373184,0.000499437507,3.13881408,0.000791879951,3.13267402,0.00103071065
128,923302394000.0,3.14119163,0.000538578327,3.13551314,0.000697345765,3.1327774,0.000760728967
129,928187592000.0,3.14345284,0.000591971173,3.13997122,0.000690027225,3.12765868,0.000790090263
130,933072789000.0,3.14267208,0.000493234302,3.13914798,0.000696854405,3.13323503,0.000953725049
131,937957987000.0,3.14427733,0.00053826398,3.13863461,0.000820386517,3.13310142,0.000815456145
132,942843185000.0,3.14310104,0.000674400434,3.13749331,0.000941505637,3.13141409,0.00102267563
133,947728383000.0,3.14332498,0.000539098914,3.13995064,0.000677716803,3.13379287,0.000784544877
134,952613581000.0,3.14340054,0.000539878066,3.13920854,0.000677932676,3.13318686,0.000765836513
135,957498779000.0,3.14248814,0.000502628707,3.13700453,0.000772907797,3.13389281,0.000972395734
136,962383977000.0,3.14388186,0.000494284996,3.14019227,0.000684547234,3.1323113,0.000923464549
137,967269174000.0,3.14328692,0.00061770343,3.13980142,0.000918351499,3.13378931,0.000976052227
138,972154372000.0,3.14514601,0.000545594354,3.13950481,0.000679719364,3.13343725,0.000747258119
139,977039570000.0,3.14288689,0.000595332523,3.13680869,0.000677233269,3.13275682,0.0007733256
140,981924768000.0,3.1439049,0.000495470755,3.14042317,0.000810776636,3.13392717,0.00088094389
141,986809966000.0,3.14362854,0.000514549918,3.13971671,0.000733336853,3.13364048,0.00085375207
142,991695164000.0,3.14347497,0.000708840533,3.13812392,0.000872406174,3.13407101,0.000969489857
143,996580362000.0,3.1441823,0.000526691742,3.13419168,0.000728057951,3.13664729,0.00082494889
144,1001465560000.0,3.14373551,0.00056687836,3.14023152,0.000673699818,3.13410883,0.000818650997
145,1006350760000.0,3.14496958,0.00050458064,3.1397834,0.000816184757,3.13364233,0.000989287904
146,1011235960000.0,3.14266949,0.000508561613,3.13685365,0.000767571323,3.13353915,0.000950950609
147,1016121150000.0,3.14432181,0.000688501921,3.14078179,0.000788458929,3.13381749,0.000770040215
148,1021006350000.0,3.14385109,0.000489219399,3.14014544,0.000694128482,3.13406596,0.000788875303
149,1025891550000.0,3.14444984,0.000529250119,3.13903945,0.000688959704,3.13402765,0.000786477899
150,1030776750000.0,3.14432591,0.000511527949,3.13816674,0.000814031541,3.13234349,0.000812256326
151,1035661940000.0,3.14417997,0.000488276585,3.14073236,0.000755424887,3.13445989,0.00106413024
152,1040547140000.0,3.14472084,0.000676783667,3.14017082,0.000837789616,3.13405739,0.000815384756
153,1045432340000.0,3.14323393,0.000571887335,3.13766252,0.000697099378,3.13443756,0.000779108636
154,1050317540000.0,3.14481773,0.000493108858,3.14117621,0.000697788253,3.13356341,0.000941792647
155,1055202740000.0,3.14424308,0.000522195983,3.14067707,0.000893261128,3.13461114,0.000800303247
156,1060087930000.0,3.14547233,0.00050732731,3.13998235,0.000776637203,3.13434344,0.00098940577
157,1064973130000.0,3.14446382,0.000546088328,3.14226189,0.000681429625,3.13351338,0.000756200165
158,1069858330000.0,3.14481886,0.000563959917,3.14135021,0.000685550027,3.12582571,0.000766654295
159,1074743530000.0,3.14485789,0.000510513792,3.14071306,0.000699050392,3.13464244,0.000950912951
160,1079628720000.0,3.14426271,0.00051144934,3.13882121,0.000804005407,3.13506718,0.00080467007
161,1084513920000.0,3.14528213,0.000616249767,3.14134419,0.000930985149,3.13333465,0.0010087824
162,1089399120000.0,3.14476623,0.00060395399,3.14119293,0.000700862965,3.13506743,0.000759839043
163,1094284320000.0,3.14614488,0.0005240329,3.14074861,0.000694054287,3.13473268,0.000758196863
164,1099169520000.0,3.14418114,0.000480832829,3.13826447,0.000812064026,3.13441174,0.000988742736
165,1104054710000.0,3.14535984,0.0004957119,3.14177712,0.000711725971,3.13495056,0.000890483138
166,1108939910000.0,3.14505145,0.000561774926,3.14110622,0.000867612006,3.13502028,0.000990790539
167,1113825110000.0,3.1450228,0.000526560921,3.13972565,0.000688355227,3.13515886,0.000743970524
168,1118710310000.0,3.13733947,0.000587283796,3.14097902,0.000689512638,3.13334363,0.000797325443
169,1123595510000.0,3.14523911,0.000484235507,3.14165211,0.000806610233,3.13538998,0.000964237087
170,1128480700000.0,3.14608189,0.000536881901,3.14114105,0.000756473692,3.13507427,0.000798026865
171,1133365900000.0,3.14403406,0.000688642292,3.13840266,0.000913108283,3.13493209,0.000925448614
172,1138251100000.0,3.14568468,0.000487830697,3.13183084,0.000684720891,3.13455454,0.000785194062
173,1143136300000.0,3.14529318,0.000558288902,3.14153655,0.000670437717,3.13541047,0.000803546586
174,1148021490000.0,3.14574086,0.000530158462,3.1404047,0.000885440692,3.13520259,0.00104968518
175,1152906690000.0,3.14554056,0.000483241498,3.14028873,0.000743702227,3.13386989,0.000970431043
176,1157791890000.0,3.14568481,0.000686988179,3.14214838,0.000835656371,3.12677319,0.000787076982
177,1162677090000.0,3.14603375,0.00050963219,3.14156669,0.000688023016,3.13551314,0.000780585912
178,1167562290000.0,3.14464748,0.000550962593,3.13915944,0.000658912449,3.13543605,0.000817921044
179,1172447480000.0,3.14619117,0.000525055962,3.14239839,0.000872151074,3.13450388,0.000827181056
180,1177332680000.0,3.14578078,0.000495402606,3.14212725,0.000690507282,3.13591722,0.000995408169
181,1182217880000.0,3.14660693,0.000697116704,3.14131706,0.000781610255,3.13565382,0.00082505317
182,1187103080000.0,3.14585359,0.000539241377,3.14007241,0.000676058424,3.13490684,0.0007907014
183,1191988280000.0,3.14632262,0.000515576671,3.14272156,0.000672909808,3.1360021,0.000973051871
184,1196873470000.0,3.14635963,0.0005511152,3.14218405,0.000931889697,3.13603682,0.000876331213
185,1201758670000.0,3.14563652,0.000509877158,3.1402464,0.00081621663,3.1359789,0.000957457506
186,1206643870000.0,3.14667263,0.000624334327,3.14254613,0.000717868135,3.13476125,0.000750217462
187,1211529070000.0,3.14640043,0.000499559037,3.14274906,0.000693296952,3.1364016,0.000760903599
188,1216414260000.0,3.1471217,0.00050700474,3.14206112,0.000694111855,3.13614723,0.000939272909
189,1221299460000.0,3.14583028,0.000526024148,3.14006758,0.000819211073,3.13576398,0.000800167631
190,1226184660000.0,3.1468066,0.000535623861,3.14312213,0.000864194531,3.136001,0.000985206882
191,1231069860000.0,3.14673475,0.000658722855,3.1427495,0.000729939984,3.13653723,0.000748604762
192,1235955060000.0,3.14639791,0.000532765597,3.14117001,0.000704276331,3.13638601,0.00076220139
193,1240840250000.0,3.1468585,0.000493584552,3.14220957,0.000814018112,3.135016,0.00103612588
194,1245725450000.0,3.146804,0.00056007867,3.14315715,0.000846742327,3.13665227,0.000811227344
195,1250610650000.0,3.14729117,0.000533105454,3.14255616,0.000810069501,3.13652292,0.000957621802
196,1255495850000.0,3.14588429,0.000530845613,3.14029558,0.000692493268,3.13630984,0.000770649538
197,1260381050000.0,3.14721893,0.000541182834,3.14341253,0.000700941118,3.13576014,0.000778603498
198,1265266240000.0,3.14697656,0.000503570838,3.14314412,0.00073101438,3.13691055,0.00106374012
199,1270151440000.0,3.14694824,0.000580209322,3.14180647,0.00073744439,3.13664365,0.000770557202
200,1275036640000.0,3.14712673,0.000644733963,3.14183907,0.000848255579,3.13558766,0.000875377553
201,1279921840000.0,3.14728926,0.000543001891,3.14363532,0.000680259585,3.13701087,0.000799233419
202,1284807030000.0,3.14750987,0.000525960666,3.14305133,0.000756799129,3.1370307,0.000764279332
203,1289692230000.0,3.14638466,0.000551853487,3.14092262,0.000889875929,3.13684407,0.00108434541
204,1294577430000.0,3.14777207,0.000535542506,3.14381978,0.000659152725,3.13593836,0.000896747496
205,1299462630000.0,3.14745596,0.000621042118,3.14368567,0.000780877922,3.13743061,0.000815755075
206,1304347830000.0,3.14771966,0.000527828352,3.14264343,0.000664868462,3.1371761,0.000842280298
207,1309233020000.0,3.14741672,0.00052723129,3.14178927,0.000672818072,3.136463,0.000812688437
208,1314118220000.0,3.14789956,0.00055934829,3.14420604,0.000921775022,3.13733845,0.000907610988
209,1319003420000.0,3.14789678,0.00059589031,3.14369123,0.000699398038,3.13760206,0.000847313575
210,1323888620000.0,3.1471192,0.000693767504,3.14183603,0.000777200769,3.1373985,0.000806768581
211,1328773820000.0,3.14822694,0.000491472775,3.14400668,0.000684902189,3.13631457,0.000802919191
212,1333659010000.0,3.14800971,0.000512708266,3.14430385,0.000696529098,3.13791579,0.000951466495
213,1338544210000.0,3.14847805,0.000568988286,3.1435567,0.000941669509,3.13776823,0.0010030802
214,1343429410000.0,3.14758859,0.000494399471,3.14196691,0.000749804692,3.13730583,0.000897830286
215,1348314610000.0,3.14843265,0.000694357769,3.14465471,0.000713992621,3.13738156,0.000773919171
216,1353199800000.0,3.14837537,0.000512115193,3.14429582,0.000719508376,3.13810839,0.000824718782
217,1358085000000.0,3.14784134,0.000522370793,3.14269048,0.00068588732,3.13788971,0.00090263659
218,1362970200000.0,3.1485675,0.000579564641,3.143872,0.000885859004,3.13672749,0.000816815232
219,1367855400000.0,3.14851594,0.000503509408,3.144761,0.000734021843,3.13822399,0.000906445455
220,1372740600000.0,3.14881407,0.000699888157,3.14407093,0.000705938148,3.13815891,0.000792753001
221,1377625790000.0,3.14771431,0.000507722969,3.14210665,0.000725433562,3.1377405,0.000830976299
222,1382510990000.0,3.14888521,0.000494654851,3.14498495,0.000706407486,3.1373826,0.00107219961
223,1387396190000.0,3.14868995,0.000633274336,3.14472971,0.0009285864,3.13849532,0.000775555687
224,1392281390000.0,3.14842149,0.0005275272,3.14334247,0.000774672826,3.13829841,0.000815425416
225,1397166590000.0,3.14890494,0.000585985477,3.14373953,0.000694069851,3.13729671,0.000813883001
226,1402051780000.0,3.14897913,0.000475279319,3.14523439,0.000802397669,3.13853959,0.000758136999
227,1406936980000.0,3.14908217,0.000488726624,3.14460228,0.000717046053,3.13865223,0.00106158436
228,1411822180000.0,3.14819182,0.000616230899,3.14270339,0.000800400844,3.13834574,0.000776850969
229,1416707380000.0,3.14946101,0.000577826807,3.1454401,0.000767370971,3.13766631,0.0008237727
230,1421592570000.0,3.14920812,0.000624004968,3.1453524,0.000688574316,3.13905504,0.00088737381
231,1426477770000.0,3.1492406,0.000484016469,3.14423816,0.000843049334,3.13883532,0.000796134751
232,1431362970000.0,3.14936407,0.000515116035,3.14389136,0.000887965339,3.13820056,0.00108972569
233,1436248170000.0,3.14969588,0.000652662964,3.14589585,0.000745600498,3.1390316,0.000793269998
234,1441133370000.0,3.14975811,0.000528251492,3.14539786,0.000721016856,3.13937386,0.000791792676
235,1446018560000.0,3.14896749,0.000552618325,3.14366385,0.000711314457,3.13913001,0.000911970389
236,1450903760000.0,3.14999861,0.000514550658,3.14570263,0.000762127972,3.13824298,0.000822220708
237,1455788960000.0,3.14984463,0.00050051195,3.14596545,0.000857669947,3.13960816,0.00104724684
238,1460674160000.0,3.14995873,0.000627703422,3.14507564,0.000735961116,3.13949858,0.000753797331
239,1465559360000.0,3.14955904,0.000655581204,3.14399863,0.000716554029,3.13900151,0.000774081463
240,1470444550000.0,3.15019258,0.000531890906,3.1463205,0.000714131201,3.13909733,0.000905405981
241,1475329750000.0,3.15014095,0.000514188389,3.14594558,0.000841265972,3.13983792,0.000833906943
242,1480214950000.0,3.14949782,0.000586162261,3.14434741,0.000949764133,3.13963185,0.00103587668
243,1485100150000.0,3.15036446,0.000555473754,3.14574685,0.000670323793,3.13858304,0.000812414579
244,1489985340000.0,3.15029346,0.000622865138,3.14643174,0.000693182735,3.13986629,0.000793063619
245,1494870540000.0,3.15029301,0.000526612255,3.14562743,0.000757870067,3.1398986,0.00100053433
246,1499755740000.0,3.1497719,0.000483756385,3.14421643,0.000717637752,3.13945363,0.000862221391
247,1504640940000.0,3.15065431,0.000593454394,3.14669092,0.000939740262,3.13914654,0.000860337115
248,1509526140000.0,3.15047418,0.000588103027,3.14641405,0.000676300985,3.14020948,0.000790244592
249,1514411330000.0,3.14997616,0.000657155549,3.14491264,0.00068627263,3.13995842,0.000782449658
250,1519296530000.0,3.15075429,0.000481824604,3.14578006,0.000841901061,3.1390501,0.000953584567
251,1524181730000.0,3.15084541,0.00048208787,3.14699742,0.000730232096,3.14029116,0.000992197481
252,1529066930000.0,3.15086843,0.00063848842,3.1462953,0.000875299112,3.14048108,0.000860270652
253,1533952130000.0,3.15033377,0.000524137894,3.14479539,0.00069563935,3.14009477,0.000779720266
254,1538837320000.0,3.15136815,0.000635573499,3.14730122,0.000702909167,3.13963966,0.000880537948
255,1543722520000.0,3.15118322,0.000503930555,3.14717359,0.000836345731,3.14087201,0.000914502063
256,1548607720000.0,3.15096619,0.000517494723,3.14596803,0.000673818591,3.14069823,0.000912410494
257,1553492920000.0,3.15139869,0.000684937274,3.14621055,0.000861903067,3.1400034,0.000812459262
258,1558378110000.0,3.15156958,0.000499059514,3.1477075,0.000693199095,3.14080392,0.000777676868
259,1563263310000.0,3.15158924,0.00056944849,3.14713141,0.000693857403,3.14118558,0.000892079319
260,1568148510000.0,3.15100901,0.000503415005,3.14563256,0.000901486597,3.140877,0.000943007016
261,1573033710000.0,3.15197209,0.000493355726,3.14774496,0.000737041656,3.14023764,0.00103729417
262,1577918910000.0,3.15183165,0.000658854492,3.14782525,0.000839695962,3.14140898,0.000771206418
263,1582804100000.0,3.15163485,0.000490930024,3.14675696,0.000694751084,3.14135502,0.00079826359
264,1587689300000.0,3.15183293,0.000562146225,3.1464461,0.00069170361,3.14076371,0.000970022826
265,1592574500000.0,3.15218805,0.000514384082,3.14822341,0.000938777405,3.14109343,0.000797101628
266,1597459700000.0,3.1521184,0.000520911836,3.14776801,0.000716829599,3.1417366,0.000990468396
267,1602344890000.0,3.15147508,0.000703168003,3.14623215,0.000763765399,3.14144887,0.00078017554
268,1607230090000.0,3.15245074,0.000507891632,3.14798411,0.000720971071,3.14671137,0.000756452123
269,1612115290000.0,3.15236595,0.000540997566,3.148377,0.000712685434,3.14184522,0.00103800823
270,1617000490000.0,3.15213255,0.000555743942,3.14739367,0.000981674485,3.14186195,0.000826504088
271,1621885690000.0,3.1520696,0.000518043732,3.14657552,0.000877010301,3.14129375,0.000942891996
272,1626770880000.0,3.15267916,0.000678319821,3.1486649,0.000733749851,3.14130679,0.000773230293
273,1631656080000.0,3.1525731,0.00050716523,3.148335,0.000728758336,3.14223292,0.000769215207
274,1636541280000.0,3.15202616,0.000532060722,3.14685144,0.000753752836,3.14197145,0.00105495772
275,1641426480000.0,3.15293366,0.000582989537,3.1482213,0.000868621803,3.14117674,0.000791296671
276,1646311680000.0,3.15292218,0.000515011096,3.14891739,0.000799048216,3.14227167,0.000894462504
277,1651196870000.0,3.15274067,0.000694457002,3.14807832,0.000721092483,3.14245506,0.000832803263
278,1656082070000.0,3.15262531,0.000549387069,3.14711594,0.000786214785,3.14197381,0.000777624826
279,1660967270000.0,3.15330994,0.000514283234,3.14916895,0.000763883074,3.14172087,0.00105905523
280,1665852470000.0,3.15319011,0.000604337621,3.14896989,0.000866678996,3.14280476,0.000813073931
281,1670737660000.0,3.15274851,0.000598520894,3.14759629,0.000816531095,3.1426139,0.000870888362
282,1675622860000.0,3.15352769,0.000649563496,3.14863091,0.000669051738,3.15021755,0.000827793026
283,1680508060000.0,3.1535597,0.000574243984,3.14956156,0.000739801047,3.14280446,0.000808324614
284,1685393260000.0,3.15347303,0.00054258105,3.14887033,0.00080054495,3.14314064,0.00110413166
285,1690278460000.0,3.15323346,0.000591386158,3.14781555,0.000763004129,3.14271985,0.000791865215
286,1695163650000.0,3.15399168,0.000600483196,3.14976391,0.000784597789,3.14232658,0.000809234939
287,1700048850000.0,3.15387019,0.000622729373,3.14972386,0.000669639613,3.14341535,0.000878932107
288,1704934050000.0,3.15350689,0.000557175866,3.14851404,0.000770612698,3.14327801,0.000786939756
289,1709819250000.0,3.15408505,0.000535486061,3.14894008,0.000918891209,3.1426795,0.00101096709
290,1714704450000.0,3.15421572,0.000595415319,3.15017655,0.000721784497,3.14317636,0.000873230489
291,1719589640000.0,3.15412223,0.000598469389,3.14968201,0.000789864164,3.14372723,0.000818326212
292,1724474840000.0,3.15373169,0.000542583495,3.14842285,0.00070642696,3.14330374,0.000906490979
293,1729360040000.0,3.15453393,0.000547154024,3.15019706,0.000732802408,3.14277138,0.000919965281
294,1734245240000.0,3.15442714,0.000538363195,3.15031664,0.000926360558,3.14379596,0.000962934677
295,1739130430000.0,3.15405031,0.000600852858,3.14919594,0.000705042273,3.14379771,0.000831505426
296,1744015630000.0,3.1544271,0.000674363074,3.14923447,0.000725561772,3.14317914,0.000812933876
297,1748900830000.0,3.15475271,0.00053431199,3.15068921,0.000742690778,3.1434432,0.000868995122
298,1753786030000.0,3.15460448,0.00051491486,3.150225,0.000815883713,3.14418247,0.00093517528
299,1758671230000.0,3.15411982,0.000568235933,3.14892116,0.000980825513,3.14379765,0.000950822219
300,1763556420000.0,3.15506023,0.000546332033,3.15055346,0.000683174139,3.14318219,0.000843939677
301,1768441620000.0,3.15497548,0.000659939636,3.15089386,0.00070961542,3.14428834,0.000820937971
302,1773326820000.0,3.15466951,0.000548044601,3.14990779,0.000786712369,3.14441222,0.000955732485
303,1778212020000.0,3.15497494,0.000493968722,3.14962268,0.000706614024,3.1438472,0.0010041166
304,1783097220000.0,3.15538373,0.000578827861,3.15129717,0.000973585175,3.14399452,0.000814995513
305,1787982410000.0,3.1552887,0.000624088572,3.15095875,0.000731386969,3.14486244,0.000837558324
306,1792867610000.0,3.15486036,0.000686110087,3.14966323,0.00072161719,3.14458167,0.000845534527
307,1797752810000.0,3.15570657,0.000518606858,3.15113906,0.000794868112,3.14400639,0.0008841715
308,1802638010000.0,3.15567668,0.000516286711,3.15161176,0.000716795558,3.14494006,0.00108105595
309,1807523200000.0,3.15547768,0.000606460748,3.15075131,0.000908648329,3.14518717,0.000837718889
310,1812408400000.0,3.15560207,0.000553452715,3.1502637,0.000742653708,3.14467756,0.00082140561
311,1817293600000.0,3.15612266,0.000729559613,3.1519368,0.000729514614,3.14459102,0.000907242851
312,1822178800000.0,3.15603419,0.000571274894,3.15174616,0.000854620576,3.14551987,0.000873789599
313,1827064000000.0,3.15556147,0.000584299078,3.15046635,0.000744834631,3.14531608,0.00101259841
314,1831949190000.0,3.15636052,0.000659913197,3.15152072,0.00090709414,3.14465846,0.000799898516
315,1836834390000.0,3.15638673,0.000592876829,3.15224875,0.000747479334,3.1454018,0.000832513334
316,1841719590000.0,3.15616023,0.000738066901,3.15148291,0.000716395245,3.14580121,0.000942130796
317,1846604790000.0,3.15611939,0.000517346965,3.15071915,0.000916575841,3.14525713,0.000854869731
318,1851489990000.0,3.1567452,0.000541895767,3.15241701,0.000825223996,3.14499493,0.00108204013
319,1856375180000.0,3.15659915,0.000655022395,3.15228532,0.000916908964,3.14600985,0.000792591734
320,1861260380000.0,3.15605222,0.000562168505,3.15107975,0.000747541971,3.15266961,0.000802264116
321,1866145580000.0,3.15683681,0.000658745827,3.15185532,0.00076088485,3.14517443,0.00105629217
322,1871030780000.0,3.15696749,0.000535156173,3.15278229,0.00095264888,3.14581285,0.000812491652
323,1875915970000.0,3.15665401,0.000561299885,3.15213001,0.000783000576,3.14640123,0.00103780502
324,1880801170000.0,3.15662879,0.000664682032,3.15132636,0.000795966083,3.14590605,0.000805681529
325,1885686370000.0,3.15736541,0.000540742929,3.15304512,0.000733677454,3.14557131,0.000781943715
326,1890571570000.0,3.15717999,0.000598115767,3.15301515,0.000770321165,3.14662516,0.00106504615
327,1895456770000.0,3.15681472,0.000519289752,3.15188832,0.00100358585,3.14659471,0.000824076871
328,1900341960000.0,3.15755009,0.000554028887,3.15258726,0.000852205578,3.14592926,0.00102283669
329,1905227160000.0,3.15770714,0.000746891634,3.15360042,0.000776751812,3.14645639,0.000820339244
330,1910112360000.0,3.15749539,0.000571800131,3.15298081,0.000721633968,3.14710446,0.000797655059
331,1914997560000.0,3.15732476,0.000608358934,3.15209695,0.000811570576,3.14667576,0.00111462051
332,1919882760000.0,3.15817606,0.000604466277,3.1537852,0.000940831028,3.14637247,0.000855879191
333,1924767950000.0,3.15806254,0.000569889048,3.15386288,0.000848365256,3.14736033,0.000946230175
334,1929653150000.0,3.15775453,0.000739816368,3.15280943,0.000801388669,3.14744519,0.000817940166
335,1934538350000.0,3.15832162,0.000621376925,3.15322516,0.000750285621,3.14679184,0.000833843007
336,1939423550000.0,3.15850805,0.000656877313,3.1543801,0.000773923044,3.14719641,0.00105982926
337,1944308740000.0,3.15840827,0.000647353882,3.1538579,0.000932847556,3.1479182,0.000863889358
338,1949193940000.0,3.15818046,0.000588805189,3.15286751,0.000955603741,3.14754205,0.000953979455
339,1954079140000.0,3.1589774,0.000779529187,3.15443297,0.000786154809,3.14711076,0.000856034791
340,1958964340000.0,3.15886629,0.000592877097,3.15459735,0.000804380099,3.14797007,0.000865039424
341,1963849540000.0,3.1584584,0.000589787273,3.15364631,0.00078826655,3.14819415,0.00114384742
342,1968734730000.0,3.15899071,0.000570772613,3.15382736,0.000789910087,3.14752379,0.000900746884
343,1973619930000.0,3.15928953,0.000570329152,3.15506495,0.000874656809,3.14774356,0.00083928469
344,1978505130000.0,3.15906742,0.000786860639,3.15459253,0.000739918225,3.14853825,0.000888561471
345,1983390330000.0,3.15874338,0.000585427656,3.15357781,0.000798591754,3.14823296,0.000862138645
346,1988275530000.0,3.15957674,0.000542469789,3.15502581,0.000895159834,3.14769024,0.00101392663
347,1993160720000.0,3.1594427,0.000617362646,3.15526131,0.000857773647,3.14854005,0.000954390406
348,1998045920000.0,3.15906251,0.000719775027,3.15433524,0.000880454236,3.14887755,0.000871266804
349,2002931120000.0,3.15954239,0.000699177933,3.15438951,0.00076166775,3.1481645,0.000926977778
350,2007816320000.0,3.1599554,0.000609023255,3.15576957,0.000848186261,3.14837619,0.000954555448
351,2012701510000.0,3.15975761,0.000615059097,3.15527296,0.000861831571,3.14926697,0.0010458203
352,2017586710000.0,3.15954366,0.000661604193,3.15433696,0.000767154622,3.14901235,0.000877537748
353,2022471910000.0,3.16042816,0.000775142533,3.15575993,0.000840041834,3.14845398,0.000848700833
354,2027357110000.0,3.16029457,0.000755227984,3.1559812,0.000791005412,3.14933234,0.000919457452
355,2032242310000.0,3.15999206,0.00066914668,3.15522994,0.000875615959,3.14972242,0.00094811381
356,2037127500000.0,3.160497,0.000657241783,3.1551959,0.000980424739,3.14904968,0.00104276529
357,2042012700000.0,3.16095293,0.000683128379,3.15656046,0.000835255793,3.14924434,0.000911375075
358,2046897900000.0,3.16076562,0.000728274825,3.15621371,0.000842017145,3.15011493,0.000862547669
359,2051783100000.0,3.16055546,0.000728196288,3.15535349,0.000823999084,3.14997206,0.000999003929
360,2056668300000.0,3.16134087,0.000577519897,3.15665372,0.000894063452,3.14942202,0.0010263921
361,2061553490000.0,3.16134424,0.000612197748,3.15701696,0.000991291865,3.15018453,0.000909766247
362,2066438690000.0,3.16104597,0.000746325293,3.15623545,0.000816467901,3.15063623,0.000889281972
363,2071323890000.0,3.16124557,0.000715601267,3.1559465,0.000794695793,3.14999329,0.000923705597
364,2076209090000.0,3.16173481,0.000647284526,3.15734987,0.000812873768,3.14998259,0.000979795156
365,2081094280000.0,3.16141142,0.000535691809,3.15702951,0.000846768802,3.15078546,0.00102714089
366,2085979480000.0,3.16127628,0.000580169278,3.15617018,0.000925459164,3.15070952,0.00094031301
367,2090864680000.0,3.16202267,0.000640343051,3.15726489,0.00077613058,3.1500749,0.000927523227
368,2095749880000.0,3.16198346,0.000668219408,3.15773676,0.000784729601,3.15081761,0.00091362002
369,2100635080000.0,3.16163367,0.000655024994,3.15699113,0.000905172618,3.15129689,0.000993910918
370,2105520270000.0,3.16192151,0.000619599399,3.15671224,0.000874069813,3.15065758,0.00107717401
371,2110405470000.0,3.16263332,0.000626097182,3.15817779,0.00093392775,3.15064961,0.000861366382
372,2115290670000.0,3.16227602,0.000708788091,3.15777186,0.000793179379,3.15148434,0.000890272882
373,2120175870000.0,3.16197094,0.000722656907,3.15691459,0.000868816056,3.15153721,0.000942501958
374,2125061060000.0,3.16284652,0.000673383363,3.15799623,0.00105295052,3.15090077,0.000930201508
375,2129946260000.0,3.16288537,0.000741850333,3.15853925,0.000910091749,3.15161014,0.00106852675
376,2134831460000.0,3.16258664,0.000686808554,3.15790009,0.00101619341,3.15215953,0.000882889352
377,2139716660000.0,3.16281962,0.00070529235,3.15756066,0.000878557837,3.15161166,0.000891207429
378,2144601860000.0,3.16347836,0.000839452187,3.15902224,0.00085930911,3.15161973,0.0010700313
379,2149487050000.0,3.16314708,0.000681078281,3.15870227,0.00096159237,3.15243468,0.000968574966
380,2154372250000.0,3.16306931,0.000690385044,3.15794922,0.000827954617,3.15250098,0.00103596067
381,2159257450000.0,3.16369147,0.00076663455,3.15884924,0.000968498758,3.15182973,0.000884495286
382,2164142650000.0,3.16375487,0.000810374014,3.15946557,0.00090823009,3.15253927,0.00090359203
383,2169027850000.0,3.16357567,0.000821137423,3.1588661,0.000899932631,3.15311945,0.00106040407
384,2173913040000.0,3.1636005,0.000652269164,3.15851243,0.000976813583,3.15263352,0.000941765958
385,2178798240000.0,3.16428039,0.00063320167,3.15987664,0.000845143669,3.15242486,0.00108843415
386,2183683440000.0,3.16403019,0.000697344499,3.15949032,0.00099455814,3.15321919,0.000877955665
387,2188568640000.0,3.16391229,0.000744160038,3.15884525,0.00083028373,3.15340677,0.00093294728
388,2193453830000.0,3.16446291,0.000669642575,3.15967059,0.000858585513,3.15260566,0.00118936313
389,2198339030000.0,3.16452662,0.000623362411,3.16020908,0.00115839473,3.15323271,0.00089582425
390,2203224230000.0,3.16428639,0.000643775469,3.15958475,0.000946552683,3.1537248,0.00103052107
391,2208109430000.0,3.16451497,0.000808688552,3.15942137,0.000943040727,3.15330766,0.00089189422
392,2212994630000.0,3.1650931,0.000891675965,3.16072806,0.000822320324,3.15315418,0.000893339611
393,2217879820000.0,3.16483076,0.000736202361,3.16038642,0.000878843094,3.15387797,0.00118598826
394,2222765020000.0,3.1648494,0.000772420167,3.15983524,0.00109106097,3.1541605,0.000937636289
395,2227650220000.0,3.16529666,0.000847599952,3.16047922,0.000850192829,3.15340686,0.000983295182
396,2232535420000.0,3.16548718,0.000734123524,3.16111671,0.00096224259,3.15406611,0.000950286924
397,2237420620000.0,3.16522799,0.000777294784,3.16058001,0.00102659568,3.15458547,0.00096529225
398,2242305810000.0,3.16534956,0.000688854312,3.16026154,0.0008671395,3.15426512,0.00119726315
399,2247191010000.0,3.166071,0.000692122448,3.16156953,0.00114045992,3.15410627,0.000928118907
400,2252076210000.0,3.16580218,0.00078774559,3.1612741,0.00104119741,3.1548375,0.000938708885
401,2256961410000.0,3.16577995,0.000814174167,3.16074392,0.00102335469,3.15512387,0.00101587572
402,2261846600000.0,3.16623903,0.000759520267,3.16139659,0.00115009884,3.15446797,0.000996980973
403,2266731800000.0,3.16641262,0.000836646293,3.16205717,0.00108124247,3.15505934,0.00116008873
404,2271617000000.0,3.16615976,0.000838606554,3.16148717,0.00123061427,3.1554797,0.000943477493
405,2276502200000.0,3.16651491,0.000914347192,3.16132632,0.00111394654,3.1553084,0.000910443984
406,2281387400000.0,3.16708935,0.000908353065,3.16248603,0.00102852215,3.15505927,0.00104628455
407,2286272590000.0,3.16684611,0.000760518055,3.16228113,0.000960473354,3.1558133,0.000997287792
408,2291157790000.0,3.16676333,0.000928558062,3.16181731,0.00103490808,3.15615171,0.00121438398
409,2296042990000.0,3.16715238,0.000793661335,3.16232073,0.00109123502,3.15542396,0.00100943981
410,2300928190000.0,3.16754657,0.000865072949,3.16311139,0.000976561242,3.15600815,0.000977603969
411,2305813390000.0,3.16702578,0.000853114541,3.16250199,0.001025094,3.1563575,0.00114767527
412,2310698580000.0,3.16731164,0.00074684163,3.16226183,0.00109910305,3.15623785,0.00107806871
413,2315583780000.0,3.16796813,0.000865205664,3.16325748,0.00108246984,3.15587045,0.00123308896
414,2320468980000.0,3.16764688,0.000904956867,3.16304905,0.00112917852,3.15658675,0.00108375066
415,2325354180000.0,3.16753557,0.000873127759,3.16258495,0.00106225086,3.1568521,0.00114765878
416,2330239370000.0,3.16780137,0.000920537759,3.16298623,0.00103180858,3.1562152,0.00127520204
417,2335124570000.0,3.16821121,0.000947430633,3.16389459,0.00120591004,3.15683399,0.00109807803
418,2340009770000.0,3.16773605,0.00094742812,3.16321785,0.00123384389,3.15705673,0.00125996606
419,2344894970000.0,3.16820989,0.000960855693,3.16306075,0.0011672338,3.15713268,0.00119297396
420,2349780170000.0,3.16865168,0.00112690749,3.16397512,0.00108809033,3.15657158,0.00117781074
421,2354665360000.0,3.16838593,0.00114739875,3.16389541,0.00125830584,3.15737029,0.00130646411
422,2359550560000.0,3.1685037,0.000968195212,3.16363046,0.00125164332,3.15761115,0.00123294098
423,2364435760000.0,3.16868236,0.00107229479,3.16383045,0.00114146488,3.15706398,0.00130113499
424,2369320960000.0,3.16924284,0.00139644953,3.16458334,0.00125359899,3.15771156,0.00121468595
425,2374206160000.0,3.16877916,0.00132251364,3.16398473,0.00112830113,3.15784039,0.00115850327
426,2379091350000.0,3.16917942,0.00106695492,3.16422673,0.00126352412,3.15807535,0.00130459515
427,2383976550000.0,3.16961954,0.0010548791,3.16484466,0.00152142949,3.15755295,0.001269748
428,2388861750000.0,3.16939706,0.00109257358,3.16476852,0.00132074694,3.15835076,0.0012106003
429,2393746950000.0,3.16937492,0.00106703026,3.16448419,0.00147054111,3.15853534,0.0012211275
430,2398632140000.0,3.16965479,0.00105197071,3.16467123,0.00130524124,3.15807078,0.00115272498
431,2403517340000.0,3.17007299,0.00127931211,3.16543324,0.00133806817,3.15864228,0.00137686685
432,2408402540000.0,3.16971146,0.00113553992,3.16483233,0.00149642882,3.1587905,0.00121825825
433,2413287740000.0,3.17022891,0.00117121944,3.16522456,0.00124388975,3.15901354,0.00120705837
434,2418172940000.0,3.17032498,0.00124954923,3.16565061,0.00156902914,3.15844795,0.00128296806
435,2423058130000.0,3.17055651,0.00126149007,3.16577781,0.00148223167,3.15937953,0.00120000529
436,2427943330000.0,3.17058762,0.00143679321,3.16560914,0.00132826967,3.15939587,0.00150398286
437,2432828530000.0,3.17072591,0.00106622716,3.16592644,0.00141857526,3.15906256,0.00133538108
438,2437713730000.0,3.1713193,0.00126315162,3.16659517,0.00122233508,3.15946803,0.00130911017
439,2442598930000.0,3.17055998,0.00140939404,3.16559472,0.00134049059,3.15965851,0.00127127539
440,2447484120000.0,3.17102484,0.00115613794,3.16611191,0.00137186035,3.15995371,0.00127594633
441,2452369320000.0,3.17122438,0.00114957405,3.16639807,0.00130888639,3.15933568,0.00148438494
442,2457254520000.0,3.17128697,0.0011969897,3.16655308,0.00139254905,3.16027624,0.00127597657
443,2462139720000.0,3.17132446,0.00133282049,3.16638805,0.00138157653,3.16021166,0.00133605425
444,2467024910000.0,3.17161745,0.00121122856,3.16665822,0.0014998186,3.16012997,0.00133884838
445,2471910110000.0,3.17202788,0.00126420519,3.16752549,0.00155169722,3.16041456,0.00140385963
446,2476795310000.0,3.17169174,0.00135111886,3.16667905,0.00165267439,3.16057645,0.00163626283
447,2481680510000.0,3.17197331,0.00134173798,3.16721432,0.00137848868,3.1610188,0.00134802803
448,2486565710000.0,3.17196856,0.00124302148,3.16779331,0.00131175047,3.16046831,0.00142646171
449,2491450900000.0,3.17271755,0.00157330563,3.16800549,0.00163125921,3.16137783,0.00151592284
450,2496336100000.0,3.17255785,0.00166293095,3.16774413,0.00162327641,3.16114931,0.00148526995
451,2501221300000.0,3.17276829,0.00124190219,3.16828205,0.00154411008,3.16123057,0.00159146048
