freq,ref_ind_s,ref_ind_f,bf,delta_N_s,delta_N_f,bf_err
2.98E+011,3.08E+000,3.04E+000,0.044218,4.65E-004,6.33E-004,0.0007850069
3.03E+011,3.08E+000,3.04E+000,0.043793,4.87E-004,5.93E-004,0.0007677841
3.08E+011,3.08E+000,3.04E+000,0.04342,3.98E-004,5.53E-004,0.0006816526
3.13E+011,3.08E+000,3.04E+000,0.043123,4.91E-004,5.56E-004,0.0007417749
3.18E+011,3.08E+000,3.04E+000,0.042911,4.06E-004,6.31E-004,0.0007497922
3.22E+011,3.08E+000,3.04E+000,0.042783,4.00E-004,5.65E-004,0.0006921562
3.27E+011,3.08E+000,3.04E+000,0.042728,4.41E-004,5.46E-004,0.0007016652
3.32E+011,3.08E+000,3.04E+000,0.042728,3.61E-004,5.51E-004,0.0006586546
3.37E+011,3.08E+000,3.04E+000,0.042763,4.42E-004,5.45E-004,0.0007016517
3.42E+011,3.08E+000,3.04E+000,0.042816,3.81E-004,6.71E-004,0.0007716268
3.47E+011,3.08E+000,3.04E+000,0.042876,3.84E-004,5.50E-004,0.0006706432
3.52E+011,3.08E+000,3.04E+000,0.04294,4.31E-004,5.73E-004,0.0007171324
3.57E+011,3.08E+000,3.04E+000,0.043014,3.86E-004,7.22E-004,0.0008184765
3.62E+011,3.08E+000,3.04E+000,0.043107,3.85E-004,5.84E-004,0.0006996784
3.66E+011,3.08E+000,3.04E+000,0.043225,3.62E-004,7.12E-004,0.0007990944
3.71E+011,3.08E+000,3.04E+000,0.043368,3.77E-004,5.88E-004,0.0006982178
3.76E+011,3.08E+000,3.04E+000,0.043531,3.45E-004,5.40E-004,0.0006412583
3.81E+011,3.08E+000,3.04E+000,0.043699,3.64E-004,7.41E-004,0.0008261299
3.86E+011,3.08E+000,3.04E+000,0.043854,3.41E-004,5.04E-004,0.000608663
3.91E+011,3.08E+000,3.04E+000,0.043979,3.23E-004,5.54E-004,0.0006411764
3.96E+011,3.08E+000,3.04E+000,0.044062,4.23E-004,6.37E-004,0.0007649709
4.01E+011,3.08E+000,3.04E+000,0.044095,3.47E-004,5.19E-004,0.0006242374
4.05E+011,3.08E+000,3.04E+000,0.04408,4.20E-004,6.61E-004,0.0007832628
4.10E+011,3.08E+000,3.04E+000,0.04403,4.90E-004,5.64E-004,0.0007473763
4.15E+011,3.08E+000,3.04E+000,0.043961,3.87E-004,5.51E-004,0.0006733917
4.20E+011,3.08E+000,3.04E+000,0.043893,5.17E-004,7.10E-004,0.0008783341
4.25E+011,3.08E+000,3.04E+000,0.043839,4.25E-004,5.68E-004,0.00070942
4.30E+011,3.08E+000,3.04E+000,0.043807,3.81E-004,5.61E-004,0.0006780292
4.35E+011,3.08E+000,3.04E+000,0.043792,4.51E-004,5.92E-004,0.0007441631
4.40E+011,3.08E+000,3.04E+000,0.043787,3.23E-004,6.02E-004,0.0006829441
4.45E+011,3.08E+000,3.04E+000,0.043777,3.42E-004,5.97E-004,0.0006876931
4.49E+011,3.08E+000,3.04E+000,0.043756,3.29E-004,5.34E-004,0.0006270694
4.54E+011,3.08E+000,3.04E+000,0.043719,2.91E-004,5.59E-004,0.0006298376
4.59E+011,3.08E+000,3.04E+000,0.043672,3.45E-004,5.86E-004,0.0006795747
4.64E+011,3.08E+000,3.04E+000,0.043626,3.20E-004,6.59E-004,0.000732697
4.69E+011,3.08E+000,3.04E+000,0.043597,3.40E-004,5.51E-004,0.000647709
4.74E+011,3.08E+000,3.04E+000,0.043596,3.64E-004,5.51E-004,0.0006606641
4.79E+011,3.08E+000,3.04E+000,0.043631,3.93E-004,6.99E-004,0.0008014975
4.84E+011,3.08E+000,3.04E+000,0.0437,3.64E-004,5.77E-004,0.0006817653
4.89E+011,3.08E+000,3.04E+000,0.043796,3.69E-004,6.59E-004,0.0007549935
4.93E+011,3.08E+000,3.04E+000,0.043907,3.93E-004,5.91E-004,0.0007094826
4.98E+011,3.08E+000,3.04E+000,0.044022,3.26E-004,5.33E-004,0.0006247231
5.03E+011,3.08E+000,3.04E+000,0.044131,4.09E-004,7.34E-004,0.0008400573
5.08E+011,3.08E+000,3.04E+000,0.044229,3.52E-004,5.22E-004,0.0006296339
5.13E+011,3.08E+000,3.04E+000,0.044312,3.37E-004,5.42E-004,0.000638667
5.18E+011,3.08E+000,3.04E+000,0.044382,4.49E-004,6.98E-004,0.0008296224
5.23E+011,3.08E+000,3.04E+000,0.044443,3.36E-004,5.33E-004,0.0006301293
5.28E+011,3.08E+000,3.04E+000,0.044498,4.19E-004,6.64E-004,0.0007854123
5.32E+011,3.08E+000,3.04E+000,0.044549,4.15E-004,5.84E-004,0.0007160882
5.37E+011,3.08E+000,3.04E+000,0.044596,3.47E-004,5.33E-004,0.0006361061
5.42E+011,3.08E+000,3.04E+000,0.04464,4.63E-004,7.25E-004,0.0008608818
5.47E+011,3.08E+000,3.04E+000,0.044678,3.46E-004,5.34E-004,0.0006369175
5.52E+011,3.08E+000,3.04E+000,0.044709,3.63E-004,5.40E-004,0.0006504735
5.57E+011,3.08E+000,3.04E+000,0.044734,3.83E-004,6.30E-004,0.0007372631
5.62E+011,3.08E+000,3.04E+000,0.044757,3.33E-004,5.76E-004,0.0006654589
5.67E+011,3.08E+000,3.04E+000,0.044784,3.73E-004,6.20E-004,0.0007234209
5.72E+011,3.08E+000,3.04E+000,0.044825,3.32E-004,5.39E-004,0.0006328041
5.76E+011,3.08E+000,3.04E+000,0.044887,3.35E-004,5.65E-004,0.0006565403
5.81E+011,3.08E+000,3.04E+000,0.044976,3.41E-004,6.25E-004,0.00071218
5.86E+011,3.08E+000,3.04E+000,0.045094,3.68E-004,6.07E-004,0.0007096072
5.91E+011,3.08E+000,3.04E+000,0.045237,3.28E-004,5.37E-004,0.0006297322
5.96E+011,3.08E+000,3.04E+000,0.045401,3.42E-004,5.45E-004,0.0006438312
6.01E+011,3.08E+000,3.04E+000,0.045582,3.99E-004,6.50E-004,0.0007625452
6.06E+011,3.08E+000,3.04E+000,0.045774,3.28E-004,5.60E-004,0.0006493367
6.11E+011,3.08E+000,3.04E+000,0.045971,4.17E-004,5.68E-004,0.0007049914
6.16E+011,3.08E+000,3.04E+000,0.046166,3.65E-004,5.81E-004,0.0006859603
6.20E+011,3.08E+000,3.04E+000,0.046355,3.43E-004,5.32E-004,0.0006330046
6.25E+011,3.08E+000,3.04E+000,0.046531,4.55E-004,6.74E-004,0.0008133734
6.30E+011,3.08E+000,3.04E+000,0.046689,3.30E-004,5.09E-004,0.0006063673
6.35E+011,3.08E+000,3.04E+000,0.046825,3.78E-004,5.03E-004,0.0006294514
6.40E+011,3.08E+000,3.04E+000,0.046936,3.96E-004,6.91E-004,0.0007960625
6.45E+011,3.08E+000,3.04E+000,0.047022,3.11E-004,4.92E-004,0.0005816086
6.50E+011,3.08E+000,3.04E+000,0.047083,3.89E-004,5.74E-004,0.000693381
6.55E+011,3.08E+000,3.04E+000,0.047122,3.14E-004,5.94E-004,0.000671723
6.60E+011,3.09E+000,3.04E+000,0.047141,3.16E-004,5.11E-004,0.0006007692
6.64E+011,3.09E+000,3.04E+000,0.047147,3.60E-004,6.89E-004,0.000777429
6.69E+011,3.09E+000,3.04E+000,0.047145,3.40E-004,5.12E-004,0.0006148709
6.74E+011,3.09E+000,3.04E+000,0.047143,3.34E-004,5.22E-004,0.0006194207
6.79E+011,3.09E+000,3.04E+000,0.047147,3.32E-004,6.70E-004,0.0007474423
6.84E+011,3.09E+000,3.04E+000,0.047163,3.76E-004,5.57E-004,0.000671605
6.89E+011,3.09E+000,3.04E+000,0.047192,3.35E-004,5.70E-004,0.0006613187
6.94E+011,3.09E+000,3.04E+000,0.047234,3.95E-004,5.42E-004,0.0006706186
6.99E+011,3.09E+000,3.04E+000,0.047287,3.60E-004,5.69E-004,0.0006731606
7.03E+011,3.09E+000,3.04E+000,0.047347,3.38E-004,5.97E-004,0.0006856035
7.08E+011,3.09E+000,3.04E+000,0.047411,4.40E-004,5.35E-004,0.0006920922
7.13E+011,3.09E+000,3.04E+000,0.047476,3.30E-004,5.13E-004,0.0006102099
7.18E+011,3.09E+000,3.04E+000,0.047539,3.77E-004,5.37E-004,0.0006560488
7.23E+011,3.09E+000,3.04E+000,0.047598,4.04E-004,6.27E-004,0.0007460795
7.28E+011,3.09E+000,3.04E+000,0.047651,3.15E-004,5.10E-004,0.0005992798
7.33E+011,3.09E+000,3.04E+000,0.047695,4.14E-004,5.12E-004,0.0006580913
7.38E+011,3.09E+000,3.04E+000,0.04773,3.37E-004,6.45E-004,0.0007282332
7.43E+011,3.09E+000,3.04E+000,0.047755,3.20E-004,5.41E-004,0.0006283796
7.47E+011,3.09E+000,3.04E+000,0.047768,3.89E-004,6.40E-004,0.0007490678
7.52E+011,3.09E+000,3.04E+000,0.047771,3.07E-004,5.75E-004,0.0006518333
7.57E+011,3.09E+000,3.04E+000,0.047765,3.40E-004,5.24E-004,0.0006246571
7.62E+011,3.09E+000,3.04E+000,0.047754,3.22E-004,7.53E-004,0.000819184
7.67E+011,3.09E+000,3.04E+000,0.04774,3.14E-004,5.34E-004,0.0006199282
7.72E+011,3.09E+000,3.04E+000,0.047728,3.35E-004,5.50E-004,0.0006442342
7.77E+011,3.09E+000,3.04E+000,0.047723,3.30E-004,6.99E-004,0.0007725155
7.82E+011,3.09E+000,3.04E+000,0.047728,3.27E-004,5.30E-004,0.0006222456
7.87E+011,3.09E+000,3.04E+000,0.047744,3.16E-004,6.36E-004,0.0007099698
7.91E+011,3.09E+000,3.04E+000,0.047773,3.96E-004,5.35E-004,0.0006655102
7.96E+011,3.09E+000,3.04E+000,0.047813,3.20E-004,4.94E-004,0.000589247
8.01E+011,3.09E+000,3.04E+000,0.047864,3.62E-004,6.45E-004,0.0007393164
8.06E+011,3.09E+000,3.04E+000,0.047924,4.03E-004,4.98E-004,0.0006408883
8.11E+011,3.09E+000,3.04E+000,0.047992,3.27E-004,4.97E-004,0.0005955195
8.16E+011,3.09E+000,3.04E+000,0.048067,4.49E-004,5.63E-004,0.0007204099
8.21E+011,3.09E+000,3.04E+000,0.048147,3.73E-004,5.69E-004,0.000680664
8.26E+011,3.09E+000,3.04E+000,0.04823,3.50E-004,5.58E-004,0.0006589211
8.30E+011,3.09E+000,3.04E+000,0.048313,4.42E-004,5.20E-004,0.0006822795
8.35E+011,3.09E+000,3.04E+000,0.048392,3.25E-004,5.83E-004,0.0006670149
8.40E+011,3.09E+000,3.04E+000,0.048461,3.67E-004,5.71E-004,0.0006792738
8.45E+011,3.09E+000,3.04E+000,0.048518,3.56E-004,6.24E-004,0.0007184868
8.50E+011,3.09E+000,3.04E+000,0.048561,3.16E-004,5.24E-004,0.0006118207
8.55E+011,3.09E+000,3.04E+000,0.04859,3.67E-004,5.16E-004,0.0006330989
8.60E+011,3.09E+000,3.04E+000,0.048608,3.21E-004,6.94E-004,0.0007650015
8.65E+011,3.09E+000,3.04E+000,0.04862,3.20E-004,5.22E-004,0.0006124616
8.70E+011,3.09E+000,3.04E+000,0.048628,3.29E-004,5.78E-004,0.0006648827
8.74E+011,3.09E+000,3.04E+000,0.048638,3.68E-004,6.40E-004,0.0007381575
8.79E+011,3.09E+000,3.04E+000,0.04865,3.20E-004,5.35E-004,0.0006234351
8.84E+011,3.09E+000,3.04E+000,0.048667,3.48E-004,7.21E-004,0.0008008119
8.89E+011,3.09E+000,3.04E+000,0.048688,3.79E-004,5.47E-004,0.000665738
8.94E+011,3.09E+000,3.04E+000,0.048711,3.19E-004,5.28E-004,0.0006167077
8.99E+011,3.09E+000,3.04E+000,0.048736,4.25E-004,7.32E-004,0.000846539
9.04E+011,3.09E+000,3.04E+000,0.048761,3.41E-004,5.23E-004,0.0006242772
9.09E+011,3.09E+000,3.04E+000,0.048786,3.40E-004,5.67E-004,0.0006611621
9.14E+011,3.09E+000,3.04E+000,0.048812,4.24E-004,5.81E-004,0.0007195871
9.18E+011,3.09E+000,3.04E+000,0.048838,3.10E-004,5.21E-004,0.0006062956
9.23E+011,3.09E+000,3.04E+000,0.048864,3.81E-004,6.10E-004,0.0007195871
9.28E+011,3.09E+000,3.04E+000,0.048891,3.58E-004,4.93E-004,0.0006097108
9.33E+011,3.09E+000,3.04E+000,0.048916,3.15E-004,5.09E-004,0.0005984009
9.38E+011,3.09E+000,3.04E+000,0.048937,3.96E-004,5.89E-004,0.0007097522
9.43E+011,3.09E+000,3.04E+000,0.048954,3.23E-004,5.99E-004,0.0006804063
9.48E+011,3.09E+000,3.04E+000,0.048964,3.25E-004,5.29E-004,0.0006207073
9.53E+011,3.09E+000,3.04E+000,0.048969,3.39E-004,5.33E-004,0.0006320072
9.57E+011,3.09E+000,3.04E+000,0.04897,3.55E-004,6.71E-004,0.0007595305
9.62E+011,3.09E+000,3.04E+000,0.048971,3.25E-004,5.58E-004,0.0006459059
9.67E+011,3.09E+000,3.04E+000,0.048975,3.39E-004,6.06E-004,0.0006938666
9.72E+011,3.09E+000,3.04E+000,0.048983,3.62E-004,5.75E-004,0.0006795486
9.77E+011,3.09E+000,3.04E+000,0.048997,3.16E-004,5.19E-004,0.0006078609
9.82E+011,3.09E+000,3.04E+000,0.049016,4.09E-004,7.02E-004,0.0008127624
9.87E+011,3.09E+000,3.04E+000,0.049036,3.32E-004,4.94E-004,0.0005955219
9.92E+011,3.09E+000,3.04E+000,0.049053,3.41E-004,5.17E-004,0.0006193274
9.97E+011,3.09E+000,3.04E+000,0.049063,4.21E-004,6.65E-004,0.000787011
1.00E+012,3.09E+000,3.04E+000,0.049066,3.09E-004,5.04E-004,0.0005909524
1.01E+012,3.09E+000,3.04E+000,0.049061,3.92E-004,6.33E-004,0.0007448698
1.01E+012,3.09E+000,3.04E+000,0.049051,3.57E-004,5.51E-004,0.0006566647
1.02E+012,3.09E+000,3.04E+000,0.04904,3.02E-004,5.04E-004,0.0005875452
1.02E+012,3.09E+000,3.04E+000,0.049031,3.95E-004,6.98E-004,0.0008021037
1.03E+012,3.09E+000,3.04E+000,0.049029,3.03E-004,5.07E-004,0.0005908566
1.03E+012,3.09E+000,3.04E+000,0.049033,3.15E-004,5.15E-004,0.0006041346
1.04E+012,3.09E+000,3.04E+000,0.049044,3.52E-004,5.97E-004,0.0006928658
1.04E+012,3.09E+000,3.04E+000,0.04906,3.18E-004,5.47E-004,0.0006327861
1.05E+012,3.09E+000,3.04E+000,0.049079,3.43E-004,5.73E-004,0.0006676686
1.05E+012,3.09E+000,3.04E+000,0.049098,3.25E-004,5.10E-004,0.0006048619
1.06E+012,3.09E+000,3.04E+000,0.049116,3.40E-004,5.61E-004,0.0006559655
1.06E+012,3.09E+000,3.04E+000,0.049132,3.24E-004,5.92E-004,0.0006748489
1.06E+012,3.09E+000,3.04E+000,0.049148,3.90E-004,6.09E-004,0.0007232475
1.07E+012,3.09E+000,3.04E+000,0.049165,3.18E-004,5.28E-004,0.0006160474
1.07E+012,3.09E+000,3.04E+000,0.049183,3.35E-004,5.28E-004,0.0006251882
1.08E+012,3.09E+000,3.04E+000,0.049203,4.12E-004,6.81E-004,0.0007957541
1.08E+012,3.09E+000,3.04E+000,0.049221,3.18E-004,5.13E-004,0.0006033458
1.09E+012,3.09E+000,3.04E+000,0.049236,4.08E-004,5.57E-004,0.0006904949
1.09E+012,3.09E+000,3.04E+000,0.049243,3.93E-004,5.82E-004,0.0007019723
1.10E+012,3.09E+000,3.04E+000,0.049242,3.41E-004,4.90E-004,0.0005963879
1.10E+012,3.09E+000,3.04E+000,0.04923,4.64E-004,6.66E-004,0.0008115768
1.11E+012,3.09E+000,3.04E+000,0.049211,3.47E-004,5.03E-004,0.000611727
1.11E+012,3.09E+000,3.04E+000,0.049189,3.74E-004,5.00E-004,0.0006244098
1.12E+012,3.09E+000,3.04E+000,0.049167,3.90E-004,7.00E-004,0.0008013628
1.12E+012,3.09E+000,3.04E+000,0.049151,3.30E-004,5.21E-004,0.0006164302
1.13E+012,3.09E+000,3.04E+000,0.049142,3.73E-004,6.07E-004,0.0007121911
1.13E+012,3.09E+000,3.04E+000,0.049141,3.14E-004,5.80E-004,0.0006592447
1.14E+012,3.09E+000,3.04E+000,0.049145,3.08E-004,5.23E-004,0.0006071723
1.14E+012,3.09E+000,3.04E+000,0.049151,3.15E-004,6.73E-004,0.0007429521
1.15E+012,3.09E+000,3.04E+000,0.049157,3.31E-004,5.01E-004,0.0006006592
1.15E+012,3.09E+000,3.04E+000,0.049161,3.04E-004,4.97E-004,0.0005830897
1.16E+012,3.09E+000,3.04E+000,0.049164,3.20E-004,5.77E-004,0.0006598515
1.16E+012,3.09E+000,3.04E+000,0.049167,3.78E-004,5.61E-004,0.0006768958
1.17E+012,3.09E+000,3.04E+000,0.049172,3.20E-004,5.36E-004,0.0006245164
1.17E+012,3.09E+000,3.04E+000,0.049183,4.26E-004,5.11E-004,0.0006655732
1.18E+012,3.09E+000,3.04E+000,0.049202,3.81E-004,6.08E-004,0.00071715
1.18E+012,3.09E+000,3.04E+000,0.049227,3.43E-004,5.55E-004,0.0006523715
1.19E+012,3.09E+000,3.04E+000,0.049258,4.49E-004,6.19E-004,0.0007645248
1.19E+012,3.09E+000,3.04E+000,0.049289,3.25E-004,5.49E-004,0.0006382049
1.20E+012,3.09E+000,3.04E+000,0.049315,3.65E-004,5.03E-004,0.0006218059
1.20E+012,3.09E+000,3.04E+000,0.049333,3.67E-004,6.90E-004,0.0007817516
1.21E+012,3.09E+000,3.04E+000,0.049339,3.00E-004,4.89E-004,0.0005734485
1.21E+012,3.09E+000,3.04E+000,0.049332,3.55E-004,5.04E-004,0.0006164745
1.22E+012,3.09E+000,3.04E+000,0.049315,3.03E-004,6.16E-004,0.0006869902
1.22E+012,3.09E+000,3.04E+000,0.04929,3.05E-004,4.74E-004,0.0005633651
1.23E+012,3.09E+000,3.04E+000,0.049262,3.23E-004,6.14E-004,0.0006937999
1.23E+012,3.09E+000,3.04E+000,0.049235,3.50E-004,5.10E-004,0.000618268
1.24E+012,3.09E+000,3.04E+000,0.049211,3.32E-004,4.77E-004,0.0005810978
1.24E+012,3.09E+000,3.04E+000,0.049193,3.51E-004,6.68E-004,0.0007549295
1.25E+012,3.09E+000,3.04E+000,0.04918,3.98E-004,5.11E-004,0.0006476903
1.25E+012,3.09E+000,3.04E+000,0.049173,3.49E-004,5.49E-004,0.000650459
1.26E+012,3.09E+000,3.04E+000,0.049173,4.40E-004,5.65E-004,0.0007162253
1.26E+012,3.09E+000,3.04E+000,0.049178,3.60E-004,5.32E-004,0.000642354
1.27E+012,3.09E+000,3.04E+000,0.049191,3.60E-004,6.33E-004,0.0007286733
1.27E+012,3.09E+000,3.04E+000,0.049211,4.28E-004,5.20E-004,0.0006729306
1.28E+012,3.09E+000,3.04E+000,0.049238,3.15E-004,5.11E-004,0.0005997673
1.28E+012,3.09E+000,3.04E+000,0.04927,4.01E-004,5.66E-004,0.0006936806
1.28E+012,3.09E+000,3.04E+000,0.049304,3.45E-004,6.11E-004,0.0007013121
1.29E+012,3.09E+000,3.04E+000,0.049337,3.08E-004,5.31E-004,0.000613771
1.29E+012,3.09E+000,3.04E+000,0.049364,3.89E-004,5.19E-004,0.0006486016
1.30E+012,3.09E+000,3.04E+000,0.049381,2.94E-004,6.15E-004,0.0006813017
1.30E+012,3.09E+000,3.04E+000,0.049387,3.29E-004,5.41E-004,0.0006332007
1.31E+012,3.09E+000,3.04E+000,0.049381,3.30E-004,6.39E-004,0.0007192768
1.31E+012,3.09E+000,3.04E+000,0.049367,3.07E-004,5.42E-004,0.0006225901
1.32E+012,3.09E+000,3.04E+000,0.049348,3.27E-004,5.11E-004,0.0006061576
1.32E+012,3.09E+000,3.04E+000,0.049329,3.18E-004,7.25E-004,0.0007919315
1.33E+012,3.09E+000,3.04E+000,0.049311,3.25E-004,5.05E-004,0.0006010031
1.33E+012,3.09E+000,3.04E+000,0.049297,3.17E-004,5.62E-004,0.0006449279
1.34E+012,3.09E+000,3.04E+000,0.049287,4.00E-004,6.42E-004,0.0007569652
1.34E+012,3.09E+000,3.05E+000,0.049279,3.33E-004,5.21E-004,0.0006185142
1.35E+012,3.09E+000,3.05E+000,0.049271,3.67E-004,6.78E-004,0.0007709138
1.35E+012,3.09E+000,3.05E+000,0.049264,4.15E-004,5.23E-004,0.0006676638
1.36E+012,3.09E+000,3.05E+000,0.049259,3.23E-004,5.14E-004,0.0006068835
1.36E+012,3.09E+000,3.05E+000,0.049258,4.31E-004,6.79E-004,0.0008037723
1.37E+012,3.09E+000,3.05E+000,0.049263,3.61E-004,5.52E-004,0.0006595574
1.37E+012,3.09E+000,3.05E+000,0.049276,3.29E-004,5.71E-004,0.0006586642
1.38E+012,3.09E+000,3.05E+000,0.049297,4.25E-004,5.61E-004,0.0007042495
1.38E+012,3.09E+000,3.05E+000,0.049324,3.08E-004,5.71E-004,0.0006488339
1.39E+012,3.09E+000,3.05E+000,0.049353,3.56E-004,6.32E-004,0.0007256587
1.39E+012,3.09E+000,3.05E+000,0.049377,3.47E-004,5.49E-004,0.0006499699
1.40E+012,3.09E+000,3.05E+000,0.049392,3.04E-004,5.24E-004,0.0006055755
1.40E+012,3.10E+000,3.05E+000,0.049395,3.83E-004,5.54E-004,0.0006733708
1.41E+012,3.10E+000,3.05E+000,0.049384,3.31E-004,6.43E-004,0.0007234344
1.41E+012,3.10E+000,3.05E+000,0.049363,3.46E-004,5.31E-004,0.0006340747
1.42E+012,3.10E+000,3.05E+000,0.049337,3.56E-004,5.35E-004,0.0006427682
1.42E+012,3.10E+000,3.05E+000,0.049312,3.96E-004,6.24E-004,0.0007389093
1.43E+012,3.10E+000,3.05E+000,0.049296,3.60E-004,5.23E-004,0.0006354264
1.43E+012,3.10E+000,3.05E+000,0.049291,3.85E-004,6.65E-004,0.0007682646
1.44E+012,3.10E+000,3.05E+000,0.0493,3.99E-004,5.24E-004,0.0006583877
1.44E+012,3.10E+000,3.05E+000,0.049318,3.39E-004,4.85E-004,0.0005915911
1.45E+012,3.10E+000,3.05E+000,0.049343,4.51E-004,6.85E-004,0.0008200528
1.45E+012,3.10E+000,3.05E+000,0.049368,3.47E-004,4.80E-004,0.0005926334
1.46E+012,3.10E+000,3.05E+000,0.049391,3.62E-004,5.32E-004,0.000642884
1.46E+012,3.10E+000,3.05E+000,0.049408,4.36E-004,5.74E-004,0.0007213075
1.47E+012,3.10E+000,3.05E+000,0.04942,3.32E-004,4.99E-004,0.0005999856
1.47E+012,3.10E+000,3.05E+000,0.049427,4.30E-004,6.31E-004,0.0007640257
1.48E+012,3.10E+000,3.05E+000,0.049433,3.67E-004,4.96E-004,0.0006174985
1.48E+012,3.10E+000,3.05E+000,0.049436,3.56E-004,5.09E-004,0.0006207983
1.49E+012,3.10E+000,3.05E+000,0.049437,4.36E-004,6.11E-004,0.0007502953
1.49E+012,3.10E+000,3.05E+000,0.049432,3.59E-004,5.82E-004,0.00068383
1.49E+012,3.10E+000,3.05E+000,0.049421,3.71E-004,5.75E-004,0.00068455
1.50E+012,3.10E+000,3.05E+000,0.0494,3.56E-004,5.23E-004,0.0006328266
1.50E+012,3.10E+000,3.05E+000,0.049371,3.56E-004,5.64E-004,0.0006669894
1.51E+012,3.10E+000,3.05E+000,0.049336,3.44E-004,5.72E-004,0.0006674516
1.51E+012,3.10E+000,3.05E+000,0.049302,3.53E-004,5.91E-004,0.0006880255
1.52E+012,3.10E+000,3.05E+000,0.049274,3.22E-004,4.95E-004,0.0005908563
1.52E+012,3.10E+000,3.05E+000,0.049259,3.21E-004,4.93E-004,0.0005882149
1.53E+012,3.10E+000,3.05E+000,0.049262,3.95E-004,6.30E-004,0.0007436945
1.53E+012,3.10E+000,3.05E+000,0.049283,3.16E-004,4.88E-004,0.0005808886
1.54E+012,3.10E+000,3.05E+000,0.049319,3.95E-004,5.41E-004,0.000669859
1.54E+012,3.10E+000,3.05E+000,0.049363,3.81E-004,5.75E-004,0.0006897993
1.55E+012,3.10E+000,3.05E+000,0.049406,3.38E-004,4.94E-004,0.0005988005
1.55E+012,3.10E+000,3.05E+000,0.049442,4.54E-004,6.87E-004,0.0008237699
1.56E+012,3.10E+000,3.05E+000,0.049466,3.54E-004,5.13E-004,0.0006230004
1.56E+012,3.10E+000,3.05E+000,0.049477,3.66E-004,5.03E-004,0.0006221365
1.57E+012,3.10E+000,3.05E+000,0.049477,3.85E-004,6.99E-004,0.0007978118
1.57E+012,3.10E+000,3.05E+000,0.049473,3.10E-004,5.27E-004,0.0006113423
1.58E+012,3.10E+000,3.05E+000,0.04947,3.52E-004,5.84E-004,0.0006817482
1.58E+012,3.10E+000,3.05E+000,0.049471,2.90E-004,5.60E-004,0.0006311632
1.59E+012,3.10E+000,3.05E+000,0.049478,2.85E-004,5.34E-004,0.000605381
1.59E+012,3.10E+000,3.05E+000,0.049489,2.99E-004,6.40E-004,0.0007061661
1.60E+012,3.10E+000,3.05E+000,0.049501,3.24E-004,5.24E-004,0.0006160324
1.60E+012,3.10E+000,3.05E+000,0.049508,3.06E-004,5.06E-004,0.0005911603
1.61E+012,3.10E+000,3.05E+000,0.049508,3.22E-004,5.54E-004,0.000640426
1.61E+012,3.10E+000,3.05E+000,0.0495,3.90E-004,6.12E-004,0.0007256705
1.62E+012,3.10E+000,3.05E+000,0.049488,3.32E-004,5.50E-004,0.0006425493
1.62E+012,3.10E+000,3.05E+000,0.049476,4.19E-004,5.30E-004,0.000675266
1.63E+012,3.10E+000,3.05E+000,0.04947,3.49E-004,5.57E-004,0.0006568739
1.63E+012,3.10E+000,3.05E+000,0.049473,3.38E-004,5.30E-004,0.0006286942
1.64E+012,3.10E+000,3.05E+000,0.049488,4.08E-004,6.21E-004,0.0007431933
1.64E+012,3.10E+000,3.05E+000,0.049513,3.13E-004,4.82E-004,0.0005749279
1.65E+012,3.10E+000,3.05E+000,0.049543,3.89E-004,4.72E-004,0.0006114979
1.65E+012,3.10E+000,3.05E+000,0.049574,3.71E-004,6.26E-004,0.0007276935
1.66E+012,3.10E+000,3.05E+000,0.049598,3.36E-004,4.91E-004,0.0005944842
1.66E+012,3.10E+000,3.05E+000,0.049612,4.47E-004,5.73E-004,0.000726667
1.67E+012,3.10E+000,3.05E+000,0.049614,3.66E-004,5.74E-004,0.0006813101
1.67E+012,3.10E+000,3.05E+000,0.049609,3.77E-004,4.93E-004,0.0006209149
1.68E+012,3.10E+000,3.05E+000,0.049601,3.85E-004,7.03E-004,0.0008020491
1.68E+012,3.10E+000,3.05E+000,0.049598,3.82E-004,5.31E-004,0.0006536548
1.69E+012,3.10E+000,3.05E+000,0.049601,3.68E-004,5.39E-004,0.0006528664
1.69E+012,3.10E+000,3.05E+000,0.049611,3.75E-004,6.11E-004,0.0007169347
1.70E+012,3.10E+000,3.05E+000,0.049625,3.78E-004,5.36E-004,0.0006556606
1.70E+012,3.10E+000,3.05E+000,0.049638,3.38E-004,5.89E-004,0.0006788386
1.70E+012,3.10E+000,3.05E+000,0.049645,4.23E-004,4.94E-004,0.0006504819
1.71E+012,3.10E+000,3.05E+000,0.049646,3.67E-004,5.13E-004,0.0006308035
1.71E+012,3.10E+000,3.05E+000,0.049639,3.81E-004,5.84E-004,0.0006973389
1.72E+012,3.10E+000,3.05E+000,0.049629,4.52E-004,6.01E-004,0.0007521326
1.72E+012,3.10E+000,3.05E+000,0.04962,3.64E-004,5.52E-004,0.0006610074
1.73E+012,3.10E+000,3.05E+000,0.049619,4.80E-004,5.55E-004,0.0007338047
1.73E+012,3.10E+000,3.05E+000,0.049629,4.09E-004,7.50E-004,0.0008545177
1.74E+012,3.10E+000,3.05E+000,0.049649,3.94E-004,5.94E-004,0.0007124371
1.74E+012,3.10E+000,3.05E+000,0.049676,4.53E-004,6.64E-004,0.0008036404
1.75E+012,3.10E+000,3.05E+000,0.049704,3.68E-004,6.57E-004,0.0007526141
1.75E+012,3.10E+000,3.05E+000,0.049726,4.01E-004,5.73E-004,0.0006991622
1.76E+012,3.10E+000,3.05E+000,0.049742,3.53E-004,7.62E-004,0.0008397369
1.76E+012,3.10E+000,3.05E+000,0.04975,3.42E-004,5.47E-004,0.0006455837
1.77E+012,3.10E+000,3.05E+000,0.049755,3.55E-004,5.55E-004,0.0006593014
1.77E+012,3.10E+000,3.05E+000,0.04976,3.66E-004,6.57E-004,0.0007519385
1.78E+012,3.10E+000,3.05E+000,0.049774,3.49E-004,5.08E-004,0.0006160127
1.78E+012,3.10E+000,3.05E+000,0.049799,3.56E-004,6.41E-004,0.000733273
1.79E+012,3.10E+000,3.05E+000,0.049838,4.48E-004,5.26E-004,0.0006912694
1.79E+012,3.10E+000,3.05E+000,0.049885,3.97E-004,5.02E-004,0.0006399696
1.80E+012,3.10E+000,3.05E+000,0.049933,5.05E-004,6.60E-004,0.0008311551
1.80E+012,3.10E+000,3.05E+000,0.049972,4.60E-004,5.65E-004,0.0007284638
1.81E+012,3.10E+000,3.05E+000,0.049995,4.24E-004,5.91E-004,0.0007276158
1.81E+012,3.10E+000,3.05E+000,0.049998,5.38E-004,5.94E-004,0.0008016705
1.82E+012,3.10E+000,3.05E+000,0.049982,4.03E-004,6.61E-004,0.0007745177
1.82E+012,3.10E+000,3.05E+000,0.049953,4.31E-004,6.59E-004,0.0007879818
1.83E+012,3.10E+000,3.05E+000,0.049919,4.46E-004,6.52E-004,0.0007898508
1.83E+012,3.10E+000,3.05E+000,0.04989,3.79E-004,6.29E-004,0.0007343705
1.84E+012,3.10E+000,3.05E+000,0.049872,4.16E-004,6.16E-004,0.0007431552
1.84E+012,3.10E+000,3.05E+000,0.049867,3.74E-004,7.90E-004,0.0008739362
1.85E+012,3.10E+000,3.05E+000,0.049875,3.79E-004,5.87E-004,0.0006983567
1.85E+012,3.10E+000,3.05E+000,0.049892,3.83E-004,6.01E-004,0.0007126432
1.86E+012,3.10E+000,3.05E+000,0.049911,4.14E-004,7.41E-004,0.0008491325
1.86E+012,3.10E+000,3.05E+000,0.049929,3.80E-004,5.65E-004,0.000680714
1.87E+012,3.10E+000,3.05E+000,0.049941,3.88E-004,7.02E-004,0.0008023618
1.87E+012,3.10E+000,3.05E+000,0.049949,4.32E-004,6.00E-004,0.0007392961
1.88E+012,3.10E+000,3.05E+000,0.049956,3.60E-004,5.74E-004,0.0006776216
1.88E+012,3.10E+000,3.05E+000,0.049967,4.57E-004,7.73E-004,0.0008981211
1.89E+012,3.10E+000,3.05E+000,0.049987,3.98E-004,6.03E-004,0.0007226218
1.89E+012,3.10E+000,3.05E+000,0.050017,4.56E-004,6.64E-004,0.000805827
1.90E+012,3.10E+000,3.05E+000,0.050056,4.90E-004,6.16E-004,0.0007867597
1.90E+012,3.10E+000,3.05E+000,0.0501,4.53E-004,6.05E-004,0.0007553988
1.91E+012,3.10E+000,3.05E+000,0.050143,5.45E-004,7.15E-004,0.0008993237
1.91E+012,3.10E+000,3.05E+000,0.050181,4.55E-004,6.03E-004,0.0007553711
1.91E+012,3.11E+000,3.05E+000,0.050208,4.35E-004,5.95E-004,0.0007369847
1.92E+012,3.11E+000,3.05E+000,0.050224,4.85E-004,6.47E-004,0.0008081208
1.92E+012,3.11E+000,3.06E+000,0.050232,3.97E-004,6.93E-004,0.0007989676
1.93E+012,3.11E+000,3.06E+000,0.050238,3.75E-004,5.84E-004,0.0006940986
1.93E+012,3.11E+000,3.06E+000,0.050246,3.77E-004,5.59E-004,0.0006744146
1.94E+012,3.11E+000,3.06E+000,0.050261,4.19E-004,6.63E-004,0.0007843204
1.94E+012,3.11E+000,3.06E+000,0.050281,3.69E-004,5.51E-004,0.0006626777
1.95E+012,3.11E+000,3.06E+000,0.050305,4.29E-004,6.63E-004,0.0007899132
1.95E+012,3.11E+000,3.06E+000,0.050327,4.20E-004,5.45E-004,0.0006876543
1.96E+012,3.11E+000,3.06E+000,0.05034,3.98E-004,5.20E-004,0.0006547696
1.96E+012,3.11E+000,3.06E+000,0.050341,4.96E-004,6.72E-004,0.0008354853
1.97E+012,3.11E+000,3.06E+000,0.05033,4.01E-004,5.11E-004,0.0006495204
1.97E+012,3.11E+000,3.06E+000,0.050308,4.54E-004,5.53E-004,0.0007158199
1.98E+012,3.11E+000,3.06E+000,0.050283,5.14E-004,6.25E-004,0.0008089347
1.98E+012,3.11E+000,3.06E+000,0.050259,4.64E-004,5.52E-004,0.0007207421
1.99E+012,3.11E+000,3.06E+000,0.050244,5.41E-004,6.80E-004,0.0008690385
1.99E+012,3.11E+000,3.06E+000,0.050243,4.81E-004,5.76E-004,0.0007506216
2.00E+012,3.11E+000,3.06E+000,0.050256,4.73E-004,5.79E-004,0.000747766
2.00E+012,3.11E+000,3.06E+000,0.050284,4.48E-004,6.76E-004,0.0008110326
2.01E+012,3.11E+000,3.06E+000,0.050323,4.14E-004,6.65E-004,0.0007833971
2.01E+012,3.11E+000,3.06E+000,0.050369,3.89E-004,6.30E-004,0.0007406042
2.02E+012,3.11E+000,3.06E+000,0.050418,4.04E-004,5.89E-004,0.0007142061
2.02E+012,3.11E+000,3.06E+000,0.050465,4.33E-004,6.23E-004,0.0007584574
2.03E+012,3.11E+000,3.06E+000,0.050508,4.22E-004,6.19E-004,0.0007490477
2.03E+012,3.11E+000,3.06E+000,0.050544,4.99E-004,7.13E-004,0.0008703724
2.04E+012,3.11E+000,3.06E+000,0.050572,4.41E-004,5.78E-004,0.0007266897
2.04E+012,3.11E+000,3.06E+000,0.050589,4.89E-004,5.90E-004,0.0007660399
2.05E+012,3.11E+000,3.06E+000,0.050596,5.66E-004,6.94E-004,0.0008954291
2.05E+012,3.11E+000,3.06E+000,0.050593,4.94E-004,5.52E-004,0.000740981
2.06E+012,3.11E+000,3.06E+000,0.05058,5.91E-004,6.60E-004,0.0008861549
2.06E+012,3.11E+000,3.06E+000,0.050562,4.97E-004,5.38E-004,0.0007323255
2.07E+012,3.11E+000,3.06E+000,0.050545,4.53E-004,4.90E-004,0.0006675501
2.07E+012,3.11E+000,3.06E+000,0.050532,4.75E-004,6.84E-004,0.00083259
2.08E+012,3.11E+000,3.06E+000,0.05053,4.13E-004,5.30E-004,0.0006718753
2.08E+012,3.11E+000,3.06E+000,0.05054,4.79E-004,5.65E-004,0.0007405312
2.09E+012,3.11E+000,3.06E+000,0.050564,4.84E-004,6.68E-004,0.0008243115
2.09E+012,3.11E+000,3.06E+000,0.050598,5.31E-004,6.16E-004,0.0008129762
2.10E+012,3.11E+000,3.06E+000,0.050638,5.34E-004,6.79E-004,0.0008639538
2.10E+012,3.11E+000,3.06E+000,0.050676,5.72E-004,6.12E-004,0.0008373132
2.11E+012,3.11E+000,3.06E+000,0.050708,5.33E-004,6.22E-004,0.0008191215
2.11E+012,3.11E+000,3.06E+000,0.050729,5.16E-004,6.61E-004,0.000838706
2.12E+012,3.11E+000,3.06E+000,0.050737,6.00E-004,7.17E-004,0.0009347913
2.12E+012,3.11E+000,3.06E+000,0.050734,5.01E-004,5.84E-004,0.0007696558
2.13E+012,3.11E+000,3.06E+000,0.050725,5.70E-004,5.46E-004,0.0007890866
2.13E+012,3.11E+000,3.06E+000,0.050714,4.89E-004,6.55E-004,0.0008172392
2.13E+012,3.11E+000,3.06E+000,0.050707,4.75E-004,5.70E-004,0.0007416239
2.14E+012,3.11E+000,3.06E+000,0.050706,6.24E-004,6.27E-004,0.0008844423
2.14E+012,3.11E+000,3.06E+000,0.050715,5.94E-004,6.76E-004,0.0008997787
2.15E+012,3.11E+000,3.06E+000,0.050732,7.35E-004,6.47E-004,0.0009788416
2.15E+012,3.11E+000,3.06E+000,0.050756,6.51E-004,9.13E-004,0.0011213013
2.16E+012,3.11E+000,3.06E+000,0.050785,6.41E-004,7.44E-004,0.0009825606
2.16E+012,3.11E+000,3.06E+000,0.050816,6.31E-004,8.66E-004,0.0010713289
2.17E+012,3.11E+000,3.06E+000,0.050849,5.36E-004,7.65E-004,0.0009336801
2.17E+012,3.11E+000,3.06E+000,0.050885,4.58E-004,7.30E-004,0.0008618005
2.18E+012,3.11E+000,3.06E+000,0.050925,4.44E-004,9.23E-004,0.00102468
2.18E+012,3.11E+000,3.06E+000,0.050968,5.09E-004,6.93E-004,0.00085986
2.19E+012,3.11E+000,3.06E+000,0.051013,5.02E-004,6.97E-004,0.0008584839
2.19E+012,3.11E+000,3.06E+000,0.051053,6.29E-004,7.34E-004,0.0009669138
2.20E+012,3.11E+000,3.06E+000,0.051084,5.75E-004,7.07E-004,0.0009115692
2.20E+012,3.11E+000,3.06E+000,0.051099,5.91E-004,6.61E-004,0.0008864382
2.21E+012,3.11E+000,3.06E+000,0.051094,6.49E-004,6.02E-004,0.0008853182
2.21E+012,3.11E+000,3.06E+000,0.051069,5.99E-004,6.93E-004,0.0009160471
2.22E+012,3.11E+000,3.06E+000,0.051026,6.68E-004,6.67E-004,0.0009442561
2.22E+012,3.11E+000,3.06E+000,0.050974,6.91E-004,7.54E-004,0.0010233426
2.23E+012,3.11E+000,3.06E+000,0.050926,7.45E-004,6.98E-004,0.0010208433
2.23E+012,3.11E+000,3.06E+000,0.050894,7.51E-004,6.79E-004,0.0010126295
2.24E+012,3.11E+000,3.06E+000,0.050889,8.07E-004,9.05E-004,0.0012130453
2.24E+012,3.11E+000,3.06E+000,0.050919,8.05E-004,6.98E-004,0.0010653447
2.25E+012,3.11E+000,3.06E+000,0.050981,7.59E-004,8.92E-004,0.0011711638
2.25E+012,3.11E+000,3.06E+000,0.051068,8.61E-004,6.61E-004,0.0010851985
2.26E+012,3.11E+000,3.06E+000,0.051167,9.27E-004,7.40E-004,0.0011861864
2.26E+012,3.11E+000,3.06E+000,0.051261,1.07E-003,8.33E-004,0.0013587128
2.27E+012,3.11E+000,3.06E+000,0.051334,9.63E-004,7.76E-004,0.0012369355
2.27E+012,3.11E+000,3.06E+000,0.051374,9.25E-004,9.40E-004,0.0013194293
2.28E+012,3.11E+000,3.06E+000,0.051374,8.21E-004,6.99E-004,0.0010787564
2.28E+012,3.11E+000,3.06E+000,0.051336,6.43E-004,7.39E-004,0.0009799282
2.29E+012,3.11E+000,3.06E+000,0.051269,6.20E-004,7.74E-004,0.000992037
2.29E+012,3.11E+000,3.06E+000,0.051188,7.39E-004,7.54E-004,0.0010561519
2.30E+012,3.12E+000,3.06E+000,0.051108,8.60E-004,7.35E-004,0.001131018
2.30E+012,3.12E+000,3.06E+000,0.051042,9.08E-004,7.18E-004,0.0011572592
2.31E+012,3.12E+000,3.06E+000,0.050999,9.78E-004,7.69E-004,0.0012441019
2.31E+012,3.12E+000,3.06E+000,0.050985,9.34E-004,7.22E-004,0.0011802564
2.32E+012,3.12E+000,3.06E+000,0.051002,8.76E-004,7.30E-004,0.0011397076
2.32E+012,3.12E+000,3.06E+000,0.051049,7.44E-004,6.32E-004,0.0009760772
2.33E+012,3.12E+000,3.06E+000,0.051124,6.44E-004,6.63E-004,0.0009237186
2.33E+012,3.12E+000,3.06E+000,0.051222,7.45E-004,8.02E-004,0.0010942152
2.34E+012,3.12E+000,3.06E+000,0.051336,7.84E-004,8.09E-004,0.0011262379
2.34E+012,3.12E+000,3.06E+000,0.051456,8.52E-004,9.59E-004,0.0012826368
2.34E+012,3.12E+000,3.07E+000,0.051572,1.01E-003,9.28E-004,0.0013677352
2.35E+012,3.12E+000,3.07E+000,0.051672,1.05E-003,9.65E-004,0.001427171
2.35E+012,3.12E+000,3.07E+000,0.051746,1.28E-003,9.83E-004,0.0016126286
2.36E+012,3.12E+000,3.07E+000,0.051789,1.11E-003,9.36E-004,0.001455621
2.36E+012,3.12E+000,3.07E+000,0.051796,1.21E-003,9.12E-004,0.0015171182
2.37E+012,3.12E+000,3.07E+000,0.051767,1.18E-003,1.06E-003,0.0015856185
2.37E+012,3.12E+000,3.07E+000,0.051703,1.00E-003,1.01E-003,0.0014225665
2.38E+012,3.12E+000,3.07E+000,0.051609,9.35E-004,1.06E-003,0.0014123186
2.38E+012,3.12E+000,3.07E+000,0.051497,9.39E-004,1.10E-003,0.0014489635
2.39E+012,3.12E+000,3.07E+000,0.051379,9.89E-004,1.01E-003,0.0014148763
2.39E+012,3.12E+000,3.07E+000,0.051271,1.07E-003,1.09E-003,0.0015271988
2.40E+012,3.12E+000,3.07E+000,0.051185,1.07E-003,1.14E-003,0.0015609362
2.40E+012,3.12E+000,3.07E+000,0.051129,1.27E-003,1.17E-003,0.0017220871
2.41E+012,3.12E+000,3.07E+000,0.051101,1.09E-003,1.18E-003,0.0016079082
2.41E+012,3.12E+000,3.07E+000,0.051095,1.16E-003,1.27E-003,0.0017176651
2.42E+012,3.12E+000,3.07E+000,0.051102,1.16E-003,1.11E-003,0.0016025794
2.42E+012,3.12E+000,3.07E+000,0.051111,1.33E-003,1.32E-003,0.0018685974
2.43E+012,3.12E+000,3.07E+000,0.051114,1.22E-003,9.80E-004,0.0015675421
2.43E+012,3.12E+000,3.07E+000,0.051103,1.41E-003,1.04E-003,0.0017531191
2.44E+012,3.12E+000,3.07E+000,0.051076,1.43E-003,9.97E-004,0.0017436665
2.44E+012,3.12E+000,3.07E+000,0.051037,1.33E-003,9.97E-004,0.0016648907
2.45E+012,3.12E+000,3.07E+000,0.050994,1.41E-003,9.03E-004,0.0016759686
2.45E+012,3.12E+000,3.07E+000,0.050962,1.34E-003,1.05E-003,0.0017021278
2.46E+012,3.12E+000,3.07E+000,0.050952,1.43E-003,9.83E-004,0.0017369787
2.46E+012,3.12E+000,3.07E+000,0.050975,1.55E-003,9.92E-004,0.0018399754
2.47E+012,3.12E+000,3.07E+000,0.05103,1.65E-003,1.06E-003,0.0019583991
2.47E+012,3.12E+000,3.07E+000,0.051109,1.63E-003,1.13E-003,0.0019894778
2.48E+012,3.12E+000,3.07E+000,0.051194,1.72E-003,1.25E-003,0.002128703
2.48E+012,3.12E+000,3.07E+000,0.051265,1.90E-003,1.52E-003,0.0024303561
2.49E+012,3.12E+000,3.07E+000,0.051306,1.73E-003,1.31E-003,0.0021722749
2.49E+012,3.12E+000,3.07E+000,0.051308,1.74E-003,1.40E-003,0.0022300396
2.50E+012,3.12E+000,3.07E+000,0.051272,1.83E-003,1.16E-003,0.0021667355
2.50E+012,3.12E+000,3.07E+000,0.05121,1.88E-003,1.15E-003,0.0022001775
