,freq,a,b
0,75000000000.0,0.719646119696771,0.6943410274536432
1,75025000000.0,0.7199416516710911,0.6940345943748778
2,75050000000.0,0.7202219716972418,0.6937436929331595
3,75075000000.0,0.7204868330009354,0.693468617510758
4,75100000000.0,0.7207360285318652,0.6932096199391019
5,75125000000.0,0.7209693906906479,0.6929669095181648
6,75150000000.0,0.7211867909672091,0.6927406531555799
7,75175000000.0,0.7213881394627719,0.692530975655559
8,75200000000.0,0.7215733843227821,0.6923379601299985
9,75225000000.0,0.7217425110538648,0.692161648560264
10,75250000000.0,0.7218955417632635,0.6920020424697635
11,75275000000.0,0.722032534308236,0.6918591037201328
12,75300000000.0,0.7221535813527027,0.6917327554333867
13,75325000000.0,0.7222588093424231,0.6916228830274964
14,75350000000.0,0.7223483774224575,0.691529335339538
15,75375000000.0,0.7224224762632323,0.6914519258702658
16,75400000000.0,0.7224813268338931,0.6913904341082086
17,75425000000.0,0.722525179112464,0.6913446069425159
18,75450000000.0,0.7225543107425323,0.6913141601525196
19,75475000000.0,0.7225690256422059,0.6912987799659952
20,75500000000.0,0.7225696525583756,0.6912981246912714
21,75525000000.0,0.7225565436022471,0.6913118263834162
22,75550000000.0,0.722530072735113,0.6913394925746629
23,75575000000.0,0.7224906342370444,0.6913807080326683
24,75600000000.0,0.7224386411451761,0.6914350365582521
25,75625000000.0,0.7223745236826988,0.6915020227983384
26,75650000000.0,0.7222987276804252,0.6915811940699658
27,75675000000.0,0.7222117129786996,0.6916720622060518
28,75700000000.0,0.7221139518512827,0.6917741253774407
29,75725000000.0,0.7220059274092339,0.6918868699331794
30,75750000000.0,0.7218881320394491,0.6920097722002163
31,75775000000.0,0.7217610658462627,0.6921423002739157
32,75800000000.0,0.721625235116631,0.6922839157765169
33,75825000000.0,0.7214811508084281,0.6924340755827567
34,75850000000.0,0.7213293270737172,0.6925922334991766
35,75875000000.0,0.7211702798171297,0.692757841896058
36,75900000000.0,0.7210045252883311,0.6929303532922686
37,75925000000.0,0.7208325787224287,0.6931092218780341
38,75950000000.0,0.7206549530208061,0.6932939049830023
39,75975000000.0,0.7204721574960737,0.6934838644647416
40,76000000000.0,0.7202846966478879,0.6936785680521352
41,76025000000.0,0.7200930690179702,0.6938774905934626
42,76050000000.0,0.7198977660871954,0.6940801152479918
43,76075000000.0,0.7196992712488789,0.6942859345859118
44,76100000000.0,0.7194980588284953,0.6944944516279645
45,76125000000.0,0.7192945931781874,0.6947051807958722
46,76150000000.0,0.7190893278375826,0.6949176487830006
47,76175000000.0,0.7188827047557508,0.6951313953513076
48,76200000000.0,0.7186751535854804,0.6953459740437754
49,76225000000.0,0.7184670910427328,0.6955609528205228
50,76250000000.0,0.7182589203281897,0.6957759146226485
51,76275000000.0,0.7180510306311407,0.695990457843753
52,76300000000.0,0.7178437966743197,0.6962041967527907
53,76325000000.0,0.7176375783512285,0.6964167618159289
54,76350000000.0,0.7174327204044447,0.6966277999714612
55,76375000000.0,0.7172295521836353,0.6968369748186891
56,76400000000.0,0.7170283874408074,0.6970439667653939
57,76425000000.0,0.7168295242090885,0.6972484730870134
58,76450000000.0,0.7166332447221513,0.697450207942475
59,76475000000.0,0.7164398153772682,0.6976489023442852
60,76500000000.0,0.7162494867742173,0.6978443040504598
61,76525000000.0,0.7160624937708081,0.6980361774397738
62,76550000000.0,0.7158790556058292,0.6982243033187157
63,76575000000.0,0.7156993760497936,0.6984084787013509
64,76600000000.0,0.7155236435919907,0.6985885165538023
65,76625000000.0,0.7153520316739899,0.6987642454933534
66,76650000000.0,0.7151846989322863,0.6989355094807639
67,76675000000.0,0.7150217894922094,0.6991021674629241
68,76700000000.0,0.7148634332667535,0.6992640930135553
69,76725000000.0,0.714709746286311,0.6994211739455393
70,76750000000.0,0.7145608310379178,0.6995733119169146
71,76775000000.0,0.7144167768322086,0.6997204220120191
72,76800000000.0,0.7142776601640509,0.6998624323326467
73,76825000000.0,0.714143545097119,0.6999992835682899
74,76850000000.0,0.714014483646313,0.7001309285721418
75,76875000000.0,0.7144082053177658,0.7007932025933158
76,76900000000.0,0.7148930363096702,0.7015362530269789
77,76925000000.0,0.7153938128143518,0.7022817782128647
78,76950000000.0,0.7159099670875879,0.7030289113104107
79,76975000000.0,0.7164408886524752,0.703776774358403
80,77000000000.0,0.7169859245350296,0.704524482212155
81,77025000000.0,0.7175443795345717,0.7052711466774071
82,77050000000.0,0.7181155165126731,0.7060158806653719
83,77075000000.0,0.718698556924212,0.7067578025032144
84,77100000000.0,0.7192926814672321,0.7074960400950164
85,77125000000.0,0.7198970310742764,0.7082297350129064
86,77150000000.0,0.7205107082150967,0.7089580463570772
87,77175000000.0,0.7211327786430527,0.7096801543431901
88,77200000000.0,0.721762273550105,0.7103952634943035
89,77225000000.0,0.7223981922046548,0.7111026054336284
90,77250000000.0,0.7230395051720222,0.7118014412563335
91,77275000000.0,0.7236851579098461,0.7124910633788714
92,77300000000.0,0.7243340749346455,0.7131707969899472
93,77325000000.0,0.7249851643234791,0.7138400010090588
94,77350000000.0,0.7256373226500611,0.7144980687160074
95,77375000000.0,0.7262894401031942,0.7151444279814443
96,77400000000.0,0.7269404058756848,0.7157785412956947
97,77425000000.0,0.7275891135641692,0.7163999055458247
98,77450000000.0,0.7282344666430199,0.7170080517138232
99,77475000000.0,0.7288753837947652,0.7176025444728644
100,77500000000.0,0.7295108040823198,0.7181829817937156
101,77525000000.0,0.7301396919064953,0.7187489946016734
102,77550000000.0,0.7307610416793574,0.7193002464919142
103,77575000000.0,0.7313738821524023,0.7198364335565706
104,77600000000.0,0.7319772803674882,0.7203572842809832
105,77625000000.0,0.7325703453216433,0.7208625596188032
106,77650000000.0,0.733152231161775,0.7213520531009048
107,77675000000.0,0.7337221400227639,0.7218255910304584
108,77700000000.0,0.734279324538327,0.7222830327903116
109,77725000000.0,0.7348230899489709,0.722724271150586
110,77750000000.0,0.7353527958744509,0.7231492325938464
111,77775000000.0,0.7358678577901303,0.7235578776598377
112,77800000000.0,0.7363677481456025,0.7239502012194898
113,77825000000.0,0.7368519972450566,0.724326232723104
114,77850000000.0,0.7373201938138446,0.7246860363647434
115,77875000000.0,0.7377719853438982,0.7250297111501404
116,77900000000.0,0.7382070781981726,0.7253573908883584
117,77925000000.0,0.7386252374161638,0.7256692439837231
118,77950000000.0,0.739026286450926,0.7259654732264181
119,77975000000.0,0.7394101065724308,0.7262463153409984
120,78000000000.0,0.7397766361479029,0.726512040442827
121,78025000000.0,0.7401258697577481,0.7267629513748475
122,78050000000.0,0.7404578570799135,0.7269993828522069
123,78075000000.0,0.740772701724419,0.7272217005579706
124,78100000000.0,0.741070559768991,0.727430299978813
125,78125000000.0,0.7413516383341993,0.7276256052673002
126,78150000000.0,0.7416161938810423,0.7278080678629724
127,78175000000.0,0.7418645304573391,0.7279781650579693
128,78200000000.0,0.7420969978221366,0.7281363984474275
129,78225000000.0,0.7423139894631998,0.7282832922817459
130,78250000000.0,0.7425159405082578,0.7284193917382815
131,78275000000.0,0.7427033255569583,0.7285452611013192
132,78300000000.0,0.7428766564366278,0.7286614818875771
133,78325000000.0,0.7430364798697418,0.7287686509066329
134,78350000000.0,0.7431833751313095,0.7288673782953087
135,78375000000.0,0.7433179515443163,0.7289582854427356
136,78400000000.0,0.7434408460511044,0.7290420029864725
137,78425000000.0,0.7435527206788556,0.7291191687115472
138,78450000000.0,0.7436542599682106,0.7291904254529615
139,78475000000.0,0.7437461684287298,0.7292564190382355
140,78500000000.0,0.743829167904724,0.7293177961500245
141,78525000000.0,0.7439039950200282,0.7293752022976004
142,78550000000.0,0.7439713985479831,0.729429279731806
143,78575000000.0,0.7440321368253683,0.7294806654402591
144,78600000000.0,0.7440869751908532,0.7295299891563256
145,78625000000.0,0.7441366833629944,0.7295778713765124
146,78650000000.0,0.744182032965497,0.7296249215163889
147,78675000000.0,0.7442237949533417,0.7296717359938806
148,78700000000.0,0.7442627371793585,0.7297188965004622
149,78725000000.0,0.7442996219413001,0.7297669682507009
150,78750000000.0,0.744335203566983,0.729816498316329
151,78775000000.0,0.744370226091568,0.7298680140597253
152,78800000000.0,0.7444054209149797,0.7299220216044408
153,78825000000.0,0.7444415046239903,0.7299790044512868
154,78850000000.0,0.744479176757086,0.7300394221064825
155,78875000000.0,0.7445191176924327,0.7301037088318715
156,78900000000.0,0.7445619865753481,0.7301722724805257
157,78925000000.0,0.7446084193673278,0.7302454934529387
158,78950000000.0,0.7446590268732585,0.7303237236885717
159,78975000000.0,0.7447143929160747,0.7304072858075136
160,79000000000.0,0.7447750725763742,0.7304964723386022
161,79025000000.0,0.7448415904726644,0.7305915450168017
162,79050000000.0,0.7449144391731336,0.7306927342208099
163,79075000000.0,0.744994077631454,0.7308002384777036
164,79100000000.0,0.7450809297623769,0.7309142240705264
165,79125000000.0,0.7451753831413355,0.7310348248156652
166,79150000000.0,0.745277787651006,0.7311621417808909
167,79175000000.0,0.7453884544119848,0.731296243278619
168,79200000000.0,0.7455076546783299,0.7314371648226259
169,79225000000.0,0.7456356189288079,0.7315849092570105
170,79250000000.0,0.7457725359726336,0.7317394469011014
171,79275000000.0,0.7459185522813705,0.7319007158565828
172,79300000000.0,0.746073771345125,0.7320686223416678
173,79325000000.0,0.7462382532184177,0.7322430411427169
174,79350000000.0,0.7464120141466314,0.7324238161028029
175,79375000000.0,0.7465950263434202,0.7326107607181596
176,79400000000.0,0.7467872178968008,0.7328036587815256
177,79425000000.0,0.7469884728346848,0.7330022651004742
178,79450000000.0,0.7471986313049197,0.7332063062864494
179,79475000000.0,0.7474174898712653,0.7334154815559834
180,79500000000.0,0.7476448020465224,0.7336294636598186
181,79525000000.0,0.7478802788487795,0.7338478997876371
182,79550000000.0,0.748123589612732,0.7340704125921031
183,79575000000.0,0.7483743628739206,0.7342966012147882
184,79600000000.0,0.7486321874207911,0.7345260423724688
185,79625000000.0,0.7488966134629148,0.7347582914725639
186,79650000000.0,0.7491671539912983,0.7349928838240988
187,79675000000.0,0.7494432862047765,0.7352293358256002
188,79700000000.0,0.7497244531177659,0.7354671462524794
189,79725000000.0,0.7500100652137441,0.7357057975150924
190,79750000000.0,0.7502995023131243,0.7359447570591515
191,79775000000.0,0.7505921154733248,0.7361834787252812
192,79800000000.0,0.750887229011846,0.7364214041843955
193,79825000000.0,0.7511841426088818,0.736657964394771
194,79850000000.0,0.751482133541842,0.7368925811564518
195,79875000000.0,0.7517804588925175,0.7371246685985162
196,79900000000.0,0.75207835795633,0.7373536348343227
197,79925000000.0,0.752375054552827,0.7375788835204513
198,79950000000.0,0.7526697595429378,0.7377998155705563
199,79975000000.0,0.7529616732463598,0.7380158308018445
200,80000000000.0,0.7532499879816419,0.7382263296685856
201,80025000000.0,0.753533890563635,0.7384307149807422
202,80050000000.0,0.753812564853626,0.7386283936561313
203,80075000000.0,0.7540851943059271,0.7388187784930966
204,80100000000.0,0.7543509644757501,0.7390012899212528
205,80125000000.0,0.7546090655622942,0.7391753577813315
206,80150000000.0,0.7548586948810603,0.739340423074645
207,80175000000.0,0.7550990593266154,0.7394959396985645
208,80200000000.0,0.7553293778273432,0.7396413762015751
209,80225000000.0,0.7555488836614462,0.7397762174232576
210,80250000000.0,0.7557568268461361,0.73989996620678
211,80275000000.0,0.7559524763598393,0.7400121449886865
212,80300000000.0,0.7561351223457075,0.7401122973583081
213,80325000000.0,0.7563040782122445,0.740199989565501
214,80350000000.0,0.7564586826750849,0.7402748119596787
215,80375000000.0,0.7565983017330961,0.740336380379528
216,80400000000.0,0.7567223304690658,0.7403843374095959
217,80425000000.0,0.7568301948212774,0.7404183536023183
218,80450000000.0,0.7569213532443784,0.7404381286056446
219,80475000000.0,0.7569952982178344,0.7404433921590322
220,80500000000.0,0.7570515576728415,0.740433905031943
221,80525000000.0,0.7570896963018273,0.7404094598380749
222,80550000000.0,0.757109316713516,0.7403698817395254
223,80575000000.0,0.7571100605077117,0.7403150290543573
224,80600000000.0,0.7570916091661901,0.7402447937327085
225,80625000000.0,0.7570536848862726,0.7401591017515429
226,80650000000.0,0.7569960511819518,0.7400579133400591
227,80675000000.0,0.7569185134535122,0.7399412231491934
228,80700000000.0,0.7568209193449992,0.7398090602535508
229,80725000000.0,0.7567031590280537,0.73966148809224
230,80750000000.0,0.7565651653045742,0.7394986042451657
231,80775000000.0,0.7564069135953568,0.7393205401185868
232,80800000000.0,0.7562284218128237,0.7391274605398881
233,80825000000.0,0.7560297500771875,0.7389195632076865
234,80850000000.0,0.7558110003439299,0.7386970780849224
235,80875000000.0,0.7555723158556151,0.7384602666408282
236,80900000000.0,0.7553138805526228,0.7382094210666508
237,80925000000.0,0.7550359182989792,0.7379448633331416
238,80950000000.0,0.7547386920259298,0.7376669442017465
239,80975000000.0,0.754422502795733,0.7373760421645625
240,81000000000.0,0.7540876887155673,0.7370725622743491
241,81025000000.0,0.7537346238275754,0.7367569349559974
242,81050000000.0,0.7533637168377865,0.7364296147127125
243,81075000000.0,0.7529754098202271,0.7360910787974534
244,81100000000.0,0.7525701768433691,0.7357418258630736
245,81125000000.0,0.752148522477696,0.7353823744900989
246,81150000000.0,0.7517109803090891,0.7350132617760593
247,81175000000.0,0.7512581113752421,0.7346350418358565
248,81200000000.0,0.7507905025253591,0.7342482842803462
249,81225000000.0,0.7503087647595744,0.7338535726836215
250,81250000000.0,0.7498135315830157,0.7334515030783652
251,81275000000.0,0.7493054572275442,0.733042682357889
252,81300000000.0,0.7487852149668811,0.732627726777723
253,81325000000.0,0.7482534953098215,0.7322072603684908
254,81350000000.0,0.7477110042615863,0.7317819134142368
255,81375000000.0,0.7471584615666784,0.7313523209505561
256,81400000000.0,0.7465965989120102,0.7309191212275521
257,81425000000.0,0.7460261582012816,0.7304829542653676
258,81450000000.0,0.7454478897512223,0.7300444603388756
259,81475000000.0,0.7448625506328845,0.7296042786197124
260,81500000000.0,0.7442709029016054,0.7291630457302573
261,81525000000.0,0.7436737119247393,0.7287213943985044
262,81550000000.0,0.7430717447361026,0.7282799521362251
263,81575000000.0,0.7424657684121716,0.727839339960805
264,81600000000.0,0.7418565484527428,0.7274001711339817
265,81625000000.0,0.7412448472674826,0.7269630499977774
266,81650000000.0,0.7406314226341203,0.7265285707762936
267,81675000000.0,0.7400170262638304,0.7260973165199751
268,81700000000.0,0.7394024023305504,0.7256698579910346
269,81725000000.0,0.7387882861640425,0.7252467527036741
270,81750000000.0,0.7381754028619195,0.724828543914865
271,81775000000.0,0.7375644660636937,0.7244157597406587
272,81800000000.0,0.7369561767066636,0.7240089122629179
273,81825000000.0,0.7363512218630429,0.7236084967278237
274,81850000000.0,0.7357502736515849,0.7232149907766936
275,81875000000.0,0.7351539881505379,0.7228288537074176
276,81900000000.0,0.7345630044242901,0.7224505258112738
277,81925000000.0,0.7339779435636292,0.7220804277337225
278,81950000000.0,0.7333994078335416,0.7217189599066096
279,81975000000.0,0.7328279798225957,0.7213665020020398
280,82000000000.0,0.7322642216799574,0.7210234124245767
281,82025000000.0,0.7317086744359946,0.7206900278941454
282,82050000000.0,0.7311618573368542,0.7203666630098028
283,82075000000.0,0.7306242672710742,0.720053609900994
284,82100000000.0,0.7300963782473034,0.7197511378948053
285,82125000000.0,0.729578640927813,0.7194594932264071
286,82150000000.0,0.7290714822388833,0.7191788987918781
287,82175000000.0,0.7285753050337527,0.7189095539452164
288,82200000000.0,0.7280904878325721,0.7186516343180333
289,82225000000.0,0.7276173845819827,0.7184052916525094
290,82250000000.0,0.7271563245530399,0.7181706537283205
291,82275000000.0,0.7267076122248796,0.7179478242391926
292,82300000000.0,0.7262715272929063,0.7177368827659215
293,82325000000.0,0.7258483247390074,0.7175378847524347
294,82350000000.0,0.7254382348905042,0.7173508614600904
295,82375000000.0,0.725041463695628,0.7171758200446062
296,82400000000.0,0.7246581929217586,0.7170127435571543
297,82425000000.0,0.7242885805117623,0.7168615910090915
298,82450000000.0,0.7239327609988233,0.7167222974549049
299,82475000000.0,0.7235908459400016,0.7165947740484284
300,82500000000.0,0.7232629245191692,0.7164789081676742
301,82525000000.0,0.7229490641523761,0.7163745635013501
302,82550000000.0,0.7226493111960732,0.716281580162313
303,82575000000.0,0.7223636917222732,0.7161997747867869
304,82600000000.0,0.722092212382713,0.716128940659495
305,82625000000.0,0.7218348613379981,0.7160688478227283
306,82650000000.0,0.7215916092893891,0.716019243210373
307,82675000000.0,0.7213624104952355,0.7159798507321368
308,82700000000.0,0.7211472039376463,0.7159503714353764
309,82725000000.0,0.7209459145080243,0.7159304836691889
310,82750000000.0,0.7207584542157064,0.7159198432698793
311,82775000000.0,0.7205847233455215,0.7159180837582564
312,82800000000.0,0.720424611747298,0.71592481676212
313,82825000000.0,0.7202779998819561,0.7159396323872814
314,82850000000.0,0.7201447598447964,0.7159620998681736
315,82875000000.0,0.720024756217571,0.7159917684500653
316,82900000000.0,0.7199178465990801,0.7160281685540364
317,82925000000.0,0.719823881785555,0.716070813349083
318,82950000000.0,0.7197427054895917,0.7161192008537437
319,82975000000.0,0.719674153507754,0.7161728166693757
320,83000000000.0,0.7196180521061183,0.7162311373674288
321,83025000000.0,0.719574215773773,0.7162936347946522
322,83050000000.0,0.7195424439868635,0.7163597810782151
323,83075000000.0,0.7195225173344878,0.7164290545628149
324,83100000000.0,0.719514192876637,0.7165009463602948
325,83125000000.0,0.7195171991231633,0.7165749673704745
326,83150000000.0,0.719531230892111,0.7166506553695917
327,83175000000.0,0.7195559446159481,0.716727581727472
328,83200000000.0,0.719590954502092,0.716805357173604
329,83225000000.0,0.719635830176639,0.7168836361251129
330,83250000000.0,0.7196900962176408,0.7169621191353893
331,83275000000.0,0.7197532337653944,0.7170405531323449
332,83300000000.0,0.7198246843946391,0.7171187295166194
333,83325000000.0,0.71990385591854,0.7171964802376605
334,83350000000.0,0.7199901296867671,0.7172736722555471
335,83375000000.0,0.7200828689443419,0.7173502010394052
336,83400000000.0,0.7201814275104376,0.7174259836186189
337,83425000000.0,0.7202851582795603,0.7175009518053274
338,83450000000.0,0.720393421009778,0.7175750459950768
339,83475000000.0,0.7205055892092663,0.7176482099609187
340,83500000000.0,0.7206210557847975,0.7177203866813056
341,83525000000.0,0.7207392374932616,0.7177915153036784
342,83550000000.0,0.7208595783401707,0.7178615292414428
343,83575000000.0,0.7209815518492846,0.7179303551327599
344,83600000000.0,0.7211046625503332,0.7179979126402176
345,83625000000.0,0.7212284467323791,0.71806411483656
346,83650000000.0,0.7213524726649783,0.7181288690547277
347,83675000000.0,0.7214763404373794,0.7181920780673962
348,83700000000.0,0.7215996814718065,0.7182536414275636
349,83725000000.0,0.7217221578749002,0.7183134569472331
350,83750000000.0,0.7218434616884563,0.7183714222088114
351,83775000000.0,0.7219633139849899,0.7184274360000902
352,83800000000.0,0.7220814640297457,0.7184813997538847
353,83825000000.0,0.7221976883773452,0.7185332188620064
354,83850000000.0,0.7223117899973177,0.7185828038993459
355,83875000000.0,0.7224235973654265,0.7186300716989737
356,83900000000.0,0.7225329636961795,0.7186749464045576
357,83925000000.0,0.7226397660124437,0.7187173602627214
358,83950000000.0,0.7227439044328258,0.7187572544646107
359,83975000000.0,0.7228453013196925,0.7187945797486541
360,84000000000.0,0.7229439005201208,0.7188292969739918
361,84025000000.0,0.7230396665527625,0.7188613775372441
362,84050000000.0,0.7231325838952226,0.7188908037867588
363,84075000000.0,0.723222656152338,0.7189175692470859
364,84100000000.0,0.7233099053196828,0.7189416788426714
365,84125000000.0,0.7233943709611692,0.7189631489906122
366,84150000000.0,0.7234761094690233,0.7189820076909917
367,84175000000.0,0.7235551931910642,0.7189982944494926
368,84200000000.0,0.7236317096988781,0.7190120602726976
369,84225000000.0,0.7237057608965317,0.719023367480354
370,84250000000.0,0.7237774622018417,0.7190322895314689
371,84275000000.0,0.7238469417554978,0.7190389108378336
372,84300000000.0,0.7239143394752733,0.7190433264118276
373,84325000000.0,0.7239798062521878,0.71904564159151
374,84350000000.0,0.7240435030636329,0.7190459716655146
375,84375000000.0,0.7241056001098726,0.7190444414894631
376,84400000000.0,0.7241662759023173,0.7190411850227361
377,84425000000.0,0.724225716408859,0.7190363448800713
378,84450000000.0,0.7242841141895683,0.7190300718540832
379,84475000000.0,0.7243416674625568,0.71902252433739
380,84500000000.0,0.7243985793024905,0.7190138678332202
381,84525000000.0,0.7244550567442835,0.7190042743498364
382,84550000000.0,0.7245113099236884,0.7189939218017811
383,84575000000.0,0.7245675512559464,0.7189829934050256
384,84600000000.0,0.7246239946289234,0.718971677062702
385,84625000000.0,0.7246808545552194,0.7189601646867089
386,84650000000.0,0.7247383454145937,0.7189486515536674
387,84675000000.0,0.7247966806878274,0.718937335645966
388,84700000000.0,0.7248560722007081,0.7189264169621089
389,84725000000.0,0.7249167294072023,0.7189160968351184
390,84750000000.0,0.7249788587106487,0.7189065772609068
391,84775000000.0,0.7250426627704817,0.7188980601928926
392,84800000000.0,0.7251083398926833,0.7188907468862075
393,84825000000.0,0.725176083364435,0.7188848371696236
394,84850000000.0,0.7252460809323596,0.7188805288319405
395,84875000000.0,0.725318514211571,0.7188780169205571
396,84900000000.0,0.7253935581652239,0.7188774931002411
397,84925000000.0,0.7254713806261619,0.7188791450264919
398,84950000000.0,0.7255521417884636,0.7188831556853502
399,84975000000.0,0.7256359938317686,0.718889702844502
400,85000000000.0,0.7257230804969397,0.7188989584470982
401,85025000000.0,0.7258135366743791,0.7189110880226721
402,85050000000.0,0.7259074881317233,0.7189262502097056
403,85075000000.0,0.7260050511413194,0.7189445961963972
404,85100000000.0,0.7261063322231431,0.71896626925672
405,85125000000.0,0.7262114279154038,0.7189914043158852
406,85150000000.0,0.7263204245175178,0.7190201275046529
407,85175000000.0,0.7264333979239384,0.7190525557836553
408,85200000000.0,0.7265504134438128,0.7190887965727695
409,85225000000.0,0.7266715256805569,0.719128947437529
410,85250000000.0,0.726796778445474,0.7191730958198839
411,85275000000.0,0.7269262046481644,0.719221318745105
412,85300000000.0,0.7270598262784131,0.7192736826388265
413,85325000000.0,0.72719765437259,0.7193302431195582
414,85350000000.0,0.7273396890420202,0.7193910448790932
415,85375000000.0,0.7274859195146839,0.7194561215708061
416,85400000000.0,0.7276363241596099,0.7195254957021391
417,85425000000.0,0.7277908706275851,0.719599178638385
418,85450000000.0,0.7279495159406123,0.7196771705805156
419,85475000000.0,0.7281122066825706,0.719759460636006
420,85500000000.0,0.7282788790774144,0.7198460268060621
421,85525000000.0,0.728449459288452,0.7199368361822166
422,85550000000.0,0.7286238635854767,0.720031845034991
423,85575000000.0,0.7288019985599259,0.720130998964504
424,85600000000.0,0.728983761479842,0.7202342331659148
425,85625000000.0,0.7291690404773551,0.7203414725824977
426,85650000000.0,0.7293577149257268,0.7204526322218134
427,85675000000.0,0.7295496557447885,0.7205676174154876
428,85700000000.0,0.729744725765256,0.720686324155393
429,85725000000.0,0.7299427800865127,0.7208086394165328
430,85750000000.0,0.7301436664623214,0.7209344415241953
431,85775000000.0,0.7303472257236515,0.7210636005523483
432,85800000000.0,0.7305532921687721,0.7211959787090648
433,85825000000.0,0.7307616940501649,0.7213314308076804
434,85850000000.0,0.730972253953629,0.721469804650508
435,85875000000.0,0.7311847893319765,0.7216109415560276
436,85900000000.0,0.7313991129208751,0.7217546767801335
437,85925000000.0,0.731615033270426,0.7219008400554282
438,85950000000.0,0.7318323551970186,0.7220492560516693
439,85975000000.0,0.7320508803014494,0.7221997449046705
440,86000000000.0,0.7322704074704139,0.7223521227296389
441,86025000000.0,0.7324907334002995,0.7225062021596139
442,86050000000.0,0.7327116530786891,0.7226617928449505
443,86075000000.0,0.7329329603407359,0.7228187020225376
444,86100000000.0,0.7331544483390713,0.7229767350049467
445,86125000000.0,0.7333759100800388,0.7231356957338312
446,86150000000.0,0.7335971389310674,0.7232953873062499
447,86175000000.0,0.7338179291383092,0.7234556125031367
448,86200000000.0,0.7340380762937632,0.7236161742841687
449,86225000000.0,0.7342573778546254,0.7237768763192446
450,86250000000.0,0.7344756335988989,0.7239375234621379
451,86275000000.0,0.7346926461351686,0.7240979222750022
452,86300000000.0,0.7349082213265851,0.7242578814733466
453,86325000000.0,0.7351221687310744,0.7244172123832847
454,86350000000.0,0.7353343020849993,0.7245757294342262
455,86375000000.0,0.7355444396424672,0.7247332505238693
456,86400000000.0,0.7357524046418576,0.7248895974922872
457,86425000000.0,0.7359580256196266,0.7250445964605764
458,86450000000.0,0.7361611368303345,0.7251980782600169
459,86475000000.0,0.73636157852442,0.7253498787291961
460,86500000000.0,0.7365591973015899,0.7254998390855598
461,86525000000.0,0.736753846389024,0.7256478062161978
462,86550000000.0,0.7369453858916678,0.7257936329569116
463,86575000000.0,0.7371336830768459,0.7259371783809971
464,86600000000.0,0.7373186125269439,0.7260783079872227
465,86625000000.0,0.7375000563876704,0.7262168939582027
466,86650000000.0,0.7376779045032241,0.7263528153230868
467,86675000000.0,0.7378520545568823,0.7264859581221512
468,86700000000.0,0.7380224121688884,0.7266162155291404
469,86725000000.0,0.7381888909882935,0.7267434879721626
470,86750000000.0,0.7383514127670107,0.7268676832305633
471,86775000000.0,0.7385099073389924,0.7269887164554969
472,86800000000.0,0.7386643126503915,0.7271065102257989
473,86825000000.0,0.7388145747284882,0.7272209945524337
474,86850000000.0,0.7389606476138348,0.7273321068484971
475,86875000000.0,0.7391024932991827,0.7274397919067297
476,86900000000.0,0.7392400815967882,0.7275440018096113
477,86925000000.0,0.7393733900047219,0.7276446958366186
478,86950000000.0,0.7395024035947645,0.7277418403927625
479,86975000000.0,0.7396271147815631,0.7278354088341383
480,87000000000.0,0.7397475231338625,0.7279253813164622
481,87025000000.0,0.7398636351607555,0.728011744641952
482,87050000000.0,0.739975464063844,0.7280944920496191
483,87075000000.0,0.7400830294694389,0.7281736230105422
484,87100000000.0,0.7401863571494299,0.7282491429987402
485,87125000000.0,0.7402854787234493,0.7283210632457154
486,87150000000.0,0.7403804313396245,0.7283894004775676
487,87175000000.0,0.7404712573735285,0.7284541766668955
488,87200000000.0,0.7405580040547457,0.7285154187174676
489,87225000000.0,0.7406407231356172,0.7285731581868169
490,87250000000.0,0.7407194705625485,0.7286274310073573
491,87275000000.0,0.7407943060530238,0.7286782771251956
492,87300000000.0,0.7408652927628804,0.7287257402139964
493,87325000000.0,0.7409324969069045,0.7287698673499067
494,87350000000.0,0.7409959873864483,0.7288107086845114
495,87375000000.0,0.7410558353875645,0.7288483170977392
496,87400000000.0,0.7411121140176693,0.7288827478750403
497,87425000000.0,0.7411648979425836,0.7289140583897693
498,87450000000.0,0.7412142630168785,0.7289423077706406
499,87475000000.0,0.741260285864235,0.7289675565278585
500,87500000000.0,0.7413030435926059,0.7289898662957452
501,87525000000.0,0.7413426133873494,0.7290092994593305
502,87550000000.0,0.7413790721753453,0.7290259188526833
503,87575000000.0,0.7414124963444656,0.7290397874906762
504,87600000000.0,0.7414429613431798,0.7290509682004507
505,87625000000.0,0.741470541443689,0.7290595233966947
506,87650000000.0,0.7414953093877099,0.7290655147432842
507,87675000000.0,0.7415173361666478,0.729069002937529
508,87700000000.0,0.7415366907319315,0.7290700474319138
509,87725000000.0,0.7415534397335771,0.7290687061679323
510,87750000000.0,0.7415676473312526,0.7290650353896662
511,87775000000.0,0.7415793749577125,0.7290590893963621
512,87800000000.0,0.7415886811478988,0.7290509203609067
513,87825000000.0,0.7415956213494016,0.72904057812846
514,87850000000.0,0.7416002478064686,0.7290281100777878
515,87875000000.0,0.7416026093809586,0.729013560926792
516,87900000000.0,0.7416027515052733,0.7289969726513933
517,87925000000.0,0.7416007160489116,0.7289783843294017
518,87950000000.0,0.7415965412828233,0.7289578320694071
519,87975000000.0,0.7415902618074862,0.7289353489084855
520,88000000000.0,0.7415819085568606,0.7289109647719398
521,88025000000.0,0.7415715087761265,0.7288847064189707
522,88050000000.0,0.7415590860640396,0.7288565974328186
523,88075000000.0,0.7415446603808808,0.7288266581909574
524,88100000000.0,0.7415282481389518,0.728794905909668
525,88125000000.0,0.7415098622624317,0.7287613546503956
526,88150000000.0,0.7414895122741575,0.7287260153644343
527,88175000000.0,0.7414672044618218,0.728688895999918
528,88200000000.0,0.7414429419471869,0.7286500015299555
529,88225000000.0,0.7414167248753568,0.7286093340826574
530,88250000000.0,0.7413885505878693,0.7285668930638033
531,88275000000.0,0.7413584137627759,0.7285226752492047
532,88300000000.0,0.741326306682236,0.7284766749941582
533,88325000000.0,0.741292219361035,0.72842888431517
534,88350000000.0,0.7412561398365226,0.7283792931264698
535,88375000000.0,0.741218054365886,0.728327889391596
536,88400000000.0,0.7411779476664603,0.7282746593116445
537,88425000000.0,0.7411358032015989,0.728219587564403
538,88450000000.0,0.7410916034108453,0.728162657491316
539,88475000000.0,0.7410453299922728,0.7281038513354282
540,88500000000.0,0.7409969641650828,0.7280431504604395
541,88525000000.0,0.74094648695402,0.7279805356003751
542,88550000000.0,0.7408938794525893,0.7279159870820816
543,88575000000.0,0.7408391231490408,0.7278494851186511
544,88600000000.0,0.7407822001404679,0.7277810099929857
545,88625000000.0,0.7407230934670269,0.7277105423636544
546,88650000000.0,0.7406617873660871,0.7276380634917691
547,88675000000.0,0.7405982675341869,0.7275635554839242
548,88700000000.0,0.7405325214317898,0.7274870015774451
549,88725000000.0,0.7404645384987848,0.7274083863411496
550,88750000000.0,0.74039431046022,0.7273276959658767
551,88775000000.0,0.7403218315074434,0.7272449184463489
552,88800000000.0,0.7402470986087104,0.7271600438796485
553,88825000000.0,0.7401701116767673,0.7270730646367741
554,88850000000.0,0.7400908737993256,0.7269839755959839
555,88875000000.0,0.7400093914439168,0.7268927743541835
556,88900000000.0,0.7399256746290692,0.7267994614143928
557,88925000000.0,0.7398397371224694,0.7267040403897302
558,88950000000.0,0.7397515965616094,0.7266065181545716
559,88975000000.0,0.7396612746165919,0.7265069050227132
560,89000000000.0,0.7395687970973807,0.7264052148829095
561,89025000000.0,0.7394741940410579,0.7263014653204483
562,89050000000.0,0.7393774998392796,0.726195677773345
563,89075000000.0,0.7392787532678397,0.7260878776024307
564,89100000000.0,0.7391779975291963,0.7259780941742335
565,89125000000.0,0.7390752803066599,0.7258663609563446
566,89150000000.0,0.7389706537316784,0.7257527155365685
567,89175000000.0,0.7388641744184351,0.7256371996996478
568,89200000000.0,0.738755903376758,0.7255198593993845
569,89225000000.0,0.7386459059701314,0.7254007447665467
570,89250000000.0,0.7385342518808347,0.7252799101286859
571,89275000000.0,0.7384210149581728,0.7251574139212066
572,89300000000.0,0.7383062731446295,0.7250333186639326
573,89325000000.0,0.7381901083211678,0.7249076908760576
574,89350000000.0,0.7380726061632011,0.7247806009843536
575,89375000000.0,0.7379538559462622,0.7246521231977042
576,89400000000.0,0.7378339504224856,0.7245223354349737
577,89425000000.0,0.7377129855378811,0.724391319110653
578,89450000000.0,0.7375910602527487,0.7242591590150175
579,89475000000.0,0.7374682763020503,0.7241259431273485
580,89500000000.0,0.7373447379483916,0.7239917624330734
581,89525000000.0,0.7372205516904484,0.7238567106855518
582,89550000000.0,0.7370958260397398,0.72372088423436
583,89575000000.0,0.7369706711680782,0.7235843817278396
584,89600000000.0,0.7368451986771068,0.7234473039299095
585,89625000000.0,0.7367195212182959,0.723309753388151
586,89650000000.0,0.7365937522586259,0.723171834235008
587,89675000000.0,0.7364680056872002,0.723033651843115
588,89700000000.0,0.7363423955521894,0.7228953125894064
589,89725000000.0,0.7362170356544977,0.7227569234864898
590,89750000000.0,0.7360920392932729,0.7226185919524785
591,89775000000.0,0.7359675188861001,0.7224804254502404
592,89800000000.0,0.7358435856325621,0.7223425311805263
593,89825000000.0,0.7357203491993638,0.7222050157695903
594,89850000000.0,0.7355979173681594,0.722067984933773
595,89875000000.0,0.7354763957107641,0.721931543159141
596,89900000000.0,0.7353558872618607,0.7217957933722687
597,89925000000.0,0.7352364922299295,0.7216608366485433
598,89950000000.0,0.735118307609368,0.7215267718192827
599,89975000000.0,0.7350014269759547,0.7213936952480107
600,90000000000.0,0.7348859400897897,0.721261700424726
601,90025000000.0,0.7347719326821684,0.7211308777259581
602,90050000000.0,0.7346594861675972,0.7210013141020689
603,90075000000.0,0.7345486773380089,0.7208730927496902
604,90100000000.0,0.7344395781655442,0.7207462928755451
605,90125000000.0,0.7343322555522429,0.7206209894156527
606,90150000000.0,0.7342267710831217,0.7204972527484619
607,90175000000.0,0.7341231808694421,0.720375148498381
608,90200000000.0,0.7340215353106252,0.7202547372572788
609,90225000000.0,0.733921878957975,0.7201360743984107
610,90250000000.0,0.7338242503630102,0.7200192098813066
611,90275000000.0,0.7337286819119941,0.7199041880384498
612,90300000000.0,0.7336351997337267,0.7197910474333973
613,90325000000.0,0.7335438236101308,0.7196798207175784
614,90350000000.0,0.733454566890537,0.719570534499231
615,90375000000.0,0.733367436433548,0.7194632092293086
616,90400000000.0,0.733282432566227,0.7193578591119705
617,90425000000.0,0.73319954910967,0.7192544920767757
618,90450000000.0,0.7331187733335289,0.7191531096834272
619,90475000000.0,0.7330400860171832,0.7190537071338301
620,90500000000.0,0.7329634615030602,0.7189562732732664
621,90525000000.0,0.7328888677481263,0.7188607905950521
622,90550000000.0,0.7328162664425315,0.7187672353124108
623,90575000000.0,0.7327456131045291,0.7186755774062511
624,90600000000.0,0.7326768572359202,0.7185857807359142
625,90625000000.0,0.7326099424505783,0.7184978031284553
626,90650000000.0,0.7325448066936456,0.7184115965521469
627,90675000000.0,0.7324813823977566,0.7183271072378498
628,90700000000.0,0.7324195967348281,0.7182442758892307
629,90725000000.0,0.7323593718353805,0.7181630378716742
630,90750000000.0,0.7323006250429102,0.7180833234303061
631,90775000000.0,0.7322432692102818,0.7180050579555753
632,90800000000.0,0.7321872129728536,0.7179281622296261
633,90825000000.0,0.732132361052646,0.7178525527004175
634,90850000000.0,0.7320786145993075,0.7177781418004556
635,90875000000.0,0.732025871535962,0.7177048382687686
636,90900000000.0,0.7319740268813276,0.7176325474525215
637,90925000000.0,0.7319229731460631,0.7175611716859155
638,90950000000.0,0.7318726007045901,0.717490610644266
639,90975000000.0,0.7318227981755739,0.7174207617102449
640,91000000000.0,0.7317734528295514,0.717351520371783
641,91025000000.0,0.7317244510071901,0.7172827806254904
642,91050000000.0,0.7316756785194003,0.7172144353702827
643,91075000000.0,0.7316270210608274,0.7171463768171814
644,91100000000.0,0.7315783646717756,0.7170784969429661
645,91125000000.0,0.7315295961139674,0.7170106878654853
646,91150000000.0,0.7314806033591421,0.7169428423289782
647,91175000000.0,0.7314312759871949,0.7168748541067805
648,91200000000.0,0.7313815056052682,0.7168066184215215
649,91225000000.0,0.7313311863029833,0.7167380324049409
650,91250000000.0,0.7312802150610791,0.7166689955142936
651,91275000000.0,0.7312284921736356,0.7165994099620562
652,91300000000.0,0.7311759216465562,0.7165291811265386
653,91325000000.0,0.7311224116281229,0.7164582179918798
654,91350000000.0,0.7310678747498242,0.716386433506867
655,91375000000.0,0.7310122285655141,0.7163137450351217
656,91400000000.0,0.7309553958803763,0.716240074706043
657,91425000000.0,0.7308973051056422,0.7161653497873636
658,91450000000.0,0.7308378906217033,0.7160895030694016
659,91475000000.0,0.7307770930540457,0.7160124731641402
660,91500000000.0,0.7307148596162306,0.7159342048738921
661,91525000000.0,0.7306511443711609,0.7158546494783264
662,91550000000.0,0.7305859084836235,0.7157737650139614
663,91575000000.0,0.7305191204931033,0.71569151657841
664,91600000000.0,0.7304507564961357,0.7156078765441698
665,91625000000.0,0.7303808003475958,0.7155228247906898
666,91650000000.0,0.730309243838484,0.715436348916817
667,91675000000.0,0.7302360868424843,0.7153484444214089
668,91700000000.0,0.7301613374153935,0.7152591148397839
669,91725000000.0,0.7300850118935635,0.7151683718789742
670,91750000000.0,0.7300071349665777,0.7150762355268918
671,91775000000.0,0.7299277397110832,0.7149827341239021
672,91800000000.0,0.7298468675895353,0.7148879044003524
673,91825000000.0,0.7297645684409186,0.7147917915053815
674,91850000000.0,0.7296809004336039,0.7146944489975656
675,91875000000.0,0.729595930001721,0.7145959388184283
676,91900000000.0,0.7295097317168008,0.7144963312023375
677,91925000000.0,0.7294223882018744,0.7143957046240269
678,91950000000.0,0.7293339899134282,0.714294145619324
679,91975000000.0,0.7292446350466568,0.7141917487184082
680,92000000000.0,0.7291544292452546,0.7140886161923891
681,92025000000.0,0.7290634854082152,0.7139848578860616
682,92050000000.0,0.728971923451722,0.7138805910089487
683,92075000000.0,0.7288798699769579,0.7137759398270529
684,92100000000.0,0.7287874580151422,0.7136710354300444
685,92125000000.0,0.7286948266624013,0.713566015385472
686,92150000000.0,0.7286021207871709,0.7134610234613649
687,92175000000.0,0.7285094906006706,0.7133562092103177
688,92200000000.0,0.7284170913083926,0.7132517276290867
689,92225000000.0,0.7283250827028992,0.7131477387568366
690,92250000000.0,0.7282336287593376,0.7130444072710657
691,92275000000.0,0.7281428971671786,0.7129419020183642
692,92300000000.0,0.7280530589266652,0.7128403956028037
693,92325000000.0,0.7279642878410517,0.7127400638699115
694,92350000000.0,0.7278767600920626,0.7126410854645326
695,92375000000.0,0.7277906537409772,0.7125436413156663
696,92400000000.0,0.7277061482227287,0.7124479141084441
697,92425000000.0,0.727623423892095,0.7123540878022492
698,92450000000.0,0.7275426614781865,0.7122623470577961
699,92475000000.0,0.7274640416207838,0.7121728767388735
700,92500000000.0,0.727387744335133,0.7120858613410197
701,92525000000.0,0.7273139485132474,0.712001484454316
702,92550000000.0,0.727242831429146,0.7119199282262578
703,92575000000.0,0.7271745682077865,0.7118413727863824
704,92600000000.0,0.7271093313230482,0.7117659956986712
705,92625000000.0,0.7270472901331163,0.7116939714474525
706,92650000000.0,0.7269886103387084,0.711625470848706
707,92675000000.0,0.7269334535258506,0.7115606605410696
708,92700000000.0,0.726881976680481,0.7114997024505058
709,92725000000.0,0.7268343316860254,0.7114427532386811
710,92750000000.0,0.7267906649235186,0.7113899638507185
711,92775000000.0,0.7267511167622835,0.7113414789583618
712,92800000000.0,0.7267158211596475,0.7112974365121114
713,92825000000.0,0.7266849052086516,0.7112579672421918
714,92850000000.0,0.7266584887609104,0.7112231942374594
715,92875000000.0,0.7266366840021266,0.7111932324801608
716,92900000000.0,0.7266195950779926,0.7111681884341504
717,92925000000.0,0.7266073177501308,0.7111481596649285
718,92950000000.0,0.7265999390543082,0.7111332344667571
719,92975000000.0,0.7265975369409774,0.7111234914782368
720,93000000000.0,0.7266001800168035,0.7111189993989212
721,93025000000.0,0.7266079272340703,0.7111198166627819
722,93050000000.0,0.726620827630492,0.7111259911642732
723,93075000000.0,0.7266389200976396,0.71113756001969
724,93100000000.0,0.7266622331692012,0.7111545493522621
725,93125000000.0,0.7266907848124217,0.7111769740875075
726,93150000000.0,0.7267245822692395,0.7112048378024878
727,93175000000.0,0.7267636219003695,0.7112381325848238
728,93200000000.0,0.7268078890737435,0.7112768389400405
729,93225000000.0,0.7268573580861992,0.7113209257382849
730,93250000000.0,0.726911992056642,0.7113703501394668
731,93275000000.0,0.7269717429268305,0.7114250576281458
732,93300000000.0,0.7270365514242869,0.7114849820182565
733,93325000000.0,0.7271063470693396,0.7115500455061444
734,93350000000.0,0.7271810482315553,0.711620158776276
735,93375000000.0,0.7272605621903724,0.7116952211166695
736,93400000000.0,0.727344785241302,0.711775120582648
737,93425000000.0,0.7274336028019411,0.7118597341652
738,93450000000.0,0.7275268895756979,0.7119489280185195
739,93475000000.0,0.7276245097518508,0.7120425577261554
740,93500000000.0,0.7277263171616668,0.7121404685281836
741,93525000000.0,0.727832155572941,0.7122424956834681
742,93550000000.0,0.7279418589346361,0.7123484647861682
743,93575000000.0,0.7280552516383014,0.7124581921000335
744,93600000000.0,0.7281721488931098,0.712571485001856
745,93625000000.0,0.7282923570362181,0.7126881423638843
746,93650000000.0,0.728415673915998,0.7128079550050707
747,93675000000.0,0.7285418892906551,0.712930706156569
748,93700000000.0,0.7286707852505327,0.7130561719482763
749,93725000000.0,0.7288021366821311,0.7131841219329408
750,93750000000.0,0.7289357117139748,0.7133143195904148
751,93775000000.0,0.7290712722471192,0.7134465229099809
752,93800000000.0,0.7292085744241755,0.7135804849094787
753,93825000000.0,0.7293473692281736,0.7137159542748693
754,93850000000.0,0.7294874029841049,0.7138526759022426
755,93875000000.0,0.7296284179771194,0.713990391545538
756,93900000000.0,0.7297701529991081,0.7141288403915149
757,93925000000.0,0.729912344027291,0.7142677597541426
758,93950000000.0,0.7300547247606217,0.7144068856276494
759,93975000000.0,0.7301970273222184,0.7145459533921523
760,94000000000.0,0.7303389828550774,0.7146846984109652
761,94025000000.0,0.7304803222156753,0.7148228567143746
762,94050000000.0,0.7306207766037017,0.7149601656167486
763,94075000000.0,0.7307600782384567,0.7150963643716642
764,94100000000.0,0.7308979610112155,0.7152311947973271
765,94125000000.0,0.7310341611865888,0.7153644019430097
766,94150000000.0,0.7311684180125314,0.7154957346620798
767,94175000000.0,0.7313004744372578,0.7156249462811912
768,94200000000.0,0.731430077739587,0.7157517951812911
769,94225000000.0,0.7315569801661193,0.7158760453808731
770,94250000000.0,0.7316809395833662,0.7159974671271309
771,94275000000.0,0.7318017201124758,0.7161158374674249
772,94300000000.0,0.731919092717848,0.7162309407726591
773,94325000000.0,0.732032835806176,0.7163425692661329
774,94350000000.0,0.7321427358066338,0.7164505235327708
775,94375000000.0,0.7322485877197537,0.716554612994585
776,94400000000.0,0.7323501956584137,0.7166546563780266
777,94425000000.0,0.7324473733304994,0.7167504821231598
778,94450000000.0,0.7325399445375089,0.7168419288072329
779,94475000000.0,0.732627743602817,0.7169288455013199
780,94500000000.0,0.7327106158208317,0.7170110921460244
781,94525000000.0,0.7327884178107686,0.7170885398366122
782,94550000000.0,0.7328610179014491,0.717161071139867
783,94575000000.0,0.7329282964107143,0.7172285803106289
784,94600000000.0,0.73299014598029,0.717290973562944
785,94625000000.0,0.7330464717721464,0.7173481692112633
786,94650000000.0,0.7330971916951159,0.7174000978443921
787,94675000000.0,0.7331422365925084,0.7174467024613449
788,94700000000.0,0.7331815503454254,0.7174879385339468
789,94725000000.0,0.7332150899735048,0.7175237740666459
790,94750000000.0,0.7332428256813531,0.7175541896091442
791,94775000000.0,0.7332647408803461,0.7175791782491441
792,94800000000.0,0.7332808321664419,0.7175987455652891
793,94825000000.0,0.7332911092016657,0.7176129094935114
794,94850000000.0,0.7332955946738231,0.7176217002683727
795,94875000000.0,0.7332943241127696,0.7176251602335675
796,94900000000.0,0.7332873456940142,0.7176233436419974
797,94925000000.0,0.7332747200674966,0.7176163164833059
798,94950000000.0,0.7332565200363509,0.7176041561704817
799,94975000000.0,0.7332328303133024,0.7175869513038179
800,95000000000.0,0.7332037471640492,0.7175648013290431
801,95025000000.0,0.7331693780733111,0.7175378162183835
802,95050000000.0,0.7331298413341459,0.717506116081347
803,95075000000.0,0.7330852656317843,0.7174698307702292
804,95100000000.0,0.7330357896234438,0.7174290994850585
805,95125000000.0,0.7329815614219158,0.7173840702842936
806,95150000000.0,0.732922738148285,0.71733489966494
807,95175000000.0,0.732859485356974,0.7172817520198189
808,95200000000.0,0.7327919765586166,0.7172247991865348
809,95225000000.0,0.7327203926221065,0.7171642198832612
810,95250000000.0,0.7326449212121796,0.7171001991758695
811,95275000000.0,0.7325657562052985,0.717032927923309
812,95300000000.0,0.7324830970950009,0.7169626022130108
813,95325000000.0,0.732397148379202,0.7168894227751923
814,95350000000.0,0.7323081189474363,0.7168135943979361
815,95375000000.0,0.7322162214471396,0.7167353253181825
816,95400000000.0,0.7321216716721362,0.7166548266331376
817,95425000000.0,0.7320246879328118,0.7165723116921634
818,95450000000.0,0.7319254904247464,0.7164879954842572
819,95475000000.0,0.7318243006039054,0.7164020940293708
820,95500000000.0,0.7317213405628852,0.7163148237711346
821,95525000000.0,0.7316168324242889,0.7162264009792426
822,95550000000.0,0.7315109977220291,0.7161370411421466
823,95575000000.0,0.7314040568127675,0.7160469583857495
824,95600000000.0,0.7312962282814932,0.7159563648838696
825,95625000000.0,0.7311877283638207,0.7158654702830528
826,95650000000.0,0.7310787703810891,0.7157744811395063
827,95675000000.0,0.7309695642054186,0.7156836003825038
828,95700000000.0,0.7308603157166521,0.7155930267698061
829,95725000000.0,0.730751226301195,0.715502954381866
830,95750000000.0,0.7306424923258253,0.7154135720926503
831,95775000000.0,0.7305343047066871,0.7153250631307941
832,95800000000.0,0.7304268484375737,0.7152376046032782
833,95825000000.0,0.7303203021256948,0.7151513670265456
834,95850000000.0,0.7302148376321869,0.7150665139575094
835,95875000000.0,0.7301106196521553,0.7149832015709189
836,95900000000.0,0.7300078053631042,0.7149015783009752
837,95925000000.0,0.7299065440782911,0.7148217844932231
838,95950000000.0,0.7298069769279281,0.7147439520816358
839,95975000000.0,0.7297092366101087,0.7146682043366251
840,96000000000.0,0.7296134470635074,0.7145946555445586
841,96025000000.0,0.729519723286321,0.7145234108238584
842,96050000000.0,0.7294281710909216,0.7144545658887878
843,96075000000.0,0.7293388869500873,0.7143882069016652
844,96100000000.0,0.7292519578144161,0.7143244103025226
845,96125000000.0,0.729167460998006,0.7142632427066912
846,96150000000.0,0.7290854640750684,0.7142047608197476
847,96175000000.0,0.7290060247823594,0.7141490113580595
848,96200000000.0,0.7289291910102748,0.7140960310630303
849,96225000000.0,0.7288550007677926,0.7140458466896766
850,96250000000.0,0.7287834821505405,0.7139984750070584
851,96275000000.0,0.7287146534346466,0.7139539229185837
852,96300000000.0,0.7286485230918787,0.713912187515256
853,96325000000.0,0.7285850898697772,0.713873256192411
854,96350000000.0,0.7285243429474528,0.7138371068403991
855,96375000000.0,0.7284662620248187,0.7138037079804024
856,96400000000.0,0.7284108175019719,0.7137730189855731
857,96425000000.0,0.7283579706604156,0.7137449903060927
858,96450000000.0,0.7283076738821019,0.713719563736973
859,96475000000.0,0.7282598708615747,0.7136966726765873
860,96500000000.0,0.7282144968773202,0.7136762424470662
861,96525000000.0,0.7281714790736272,0.7136581906242992
862,96550000000.0,0.7281307367287682,0.7136424273571786
863,96575000000.0,0.7280921816124388,0.7136288557709515
864,96600000000.0,0.7280557182897759,0.713617372321796
865,96625000000.0,0.7280212445132749,0.7136078672330863
866,96650000000.0,0.7279886515813586,0.7136002249003045
867,96675000000.0,0.7279578247109423,0.7135943243088251
868,96700000000.0,0.727928643482151,0.7135900395172137
869,96725000000.0,0.7279009822491802,0.7135872401076525
870,96750000000.0,0.7278747105648545,0.7135857916474347
871,96775000000.0,0.7278496936529365,0.7135855561919121
872,96800000000.0,0.7278257928460967,0.7135863927537447
873,96825000000.0,0.7278028660800437,0.7135881578201444
874,96850000000.0,0.727780768363821,0.7135907058459577
875,96875000000.0,0.7277593522642294,0.7135938897547884
876,96900000000.0,0.7277384684090955,0.7135975614552637
877,96925000000.0,0.7277179659815449,0.7136015723431363
878,96950000000.0,0.7276976932198339,0.7136057738059219
879,96975000000.0,0.7276774979351193,0.713610017738307
880,97000000000.0,0.7276572279997422,0.7136141570264068
881,97025000000.0,0.7276367318439262,0.7136180460348233
882,97050000000.0,0.7276158590007472,0.7136215411339176
883,97075000000.0,0.7275944605340416,0.7136245011135108
884,97100000000.0,0.7275723895879711,0.7136267877049851
885,97125000000.0,0.7275495018395511,0.713628266008329
886,97150000000.0,0.7275256559611792,0.7136288049242795
887,97175000000.0,0.7275007141202403,0.7136282776159241
888,97200000000.0,0.7274745423962635,0.7136265618898633
889,97225000000.0,0.7274470112396726,0.7136235406115506
890,97250000000.0,0.7274179958663043,0.7136191020569216
891,97275000000.0,0.7273873766929473,0.7136131402985818
892,97300000000.0,0.7273550397089499,0.7136055555288426
893,97325000000.0,0.7273208768390687,0.7135962543713701
894,97350000000.0,0.7272847863082411,0.7135851501913856
895,97375000000.0,0.7272466729404824,0.7135721633420592
896,97400000000.0,0.7272064485039765,0.7135572214510397
897,97425000000.0,0.7271640319374928,0.7135402595943113
898,97450000000.0,0.7271193496657925,0.7135212205507062
899,97475000000.0,0.7270723357701042,0.7135000549202418
900,97500000000.0,0.7270229322438179,0.713476721319078
901,97525000000.0,0.7269710891173492,0.7134511864524541
902,97550000000.0,0.7269167646638364,0.7134234252611866
903,97575000000.0,0.7268599254841267,0.7133934209550242
904,97600000000.0,0.7268005466129752,0.7133611650646492
905,97625000000.0,0.7267386115708587,0.7133266574430457
906,97650000000.0,0.7266741124282338,0.7132899062775471
907,97675000000.0,0.7266070497978085,0.713250928034649
908,97700000000.0,0.7265374328090722,0.7132097473886254
909,97725000000.0,0.726465279077149,0.7131663971440496
910,97750000000.0,0.7263906146212539,0.7131209181120324
911,97775000000.0,0.7263134737629602,0.7130733589675052
912,97800000000.0,0.7262338989953362,0.7130237760796727
913,97825000000.0,0.7261519408316247,0.7129722333237273
914,97850000000.0,0.7260676576166931,0.7129188018578356
915,97875000000.0,0.7259811153573925,0.71286355991859
916,97900000000.0,0.7258923874338368,0.7128065925052953
917,97925000000.0,0.7258015543935293,0.7127479911422508
918,97950000000.0,0.7257087036792648,0.7126878535795088
919,97975000000.0,0.7256139293180581,0.7126262834577921
920,98000000000.0,0.7255173316034131,0.7125633899672129
921,98025000000.0,0.7254190167858634,0.7124992875146471
922,98050000000.0,0.7253190967183955,0.7124340953491572
923,98075000000.0,0.7252176884884802,0.7123679371752027
924,98100000000.0,0.7251149140353582,0.7123009407527761
925,98125000000.0,0.7250108997801591,0.7122332375103029
926,98150000000.0,0.7249057761988252,0.7121649621033083
927,98175000000.0,0.7247996774341173,0.7120962520119328
928,98200000000.0,0.724692740854024,0.7120272470877943
929,98225000000.0,0.7245851066444688,0.7119580891335595
930,98250000000.0,0.7244769173444231,0.7118889214302532
931,98275000000.0,0.7243683174675734,0.7118198883453354
932,98300000000.0,0.7242594529712956,0.7117511347994587
933,98325000000.0,0.7241504709154154,0.7116828059117748
934,98350000000.0,0.7240415189351948,0.7116150464724084
935,98375000000.0,0.7239327448561268,0.7115480005488191
936,98400000000.0,0.7238242962205931,0.7114818110116111
937,98425000000.0,0.72371631987719,0.7114166191197744
938,98450000000.0,0.7236089615216071,0.7113525640631874
939,98475000000.0,0.7235023653227657,0.7112897825866987
940,98500000000.0,0.72339667344379,0.7112284085172005
941,98525000000.0,0.723292025664607,0.7111685723889911
942,98550000000.0,0.7231885590112893,0.7111104010775119
943,98575000000.0,0.7230864073187724,0.7110540173738755
944,98600000000.0,0.7229857008850455,0.7109995396473495
945,98625000000.0,0.7228865660937923,0.7109470814817731
946,98650000000.0,0.7227891250803029,0.7108967513562217
947,98675000000.0,0.7226934953690539,0.7108486523014804
948,98700000000.0,0.7225997895935331,0.7108028816384957
949,98725000000.0,0.7225081151584932,0.7107595306662433
950,98750000000.0,0.7224185739543374,0.7107186844023735
951,98775000000.0,0.7223312621033761,0.7106804213578933
952,98800000000.0,0.7222462696987202,0.7106448133097395
953,98825000000.0,0.7221636805655024,0.7106119250979532
954,98850000000.0,0.7220835720398783,0.7105818144447927
955,98875000000.0,0.722006014800767,0.7105545318274505
956,98900000000.0,0.7219310726453623,0.7105301203024027
957,98925000000.0,0.7218588023844663,0.7105086154476041
958,98950000000.0,0.7217892536622963,0.7104900452379048
959,98975000000.0,0.7217224688698227,0.7104744300126314
960,99000000000.0,0.7216584830221023,0.7104617824145075
961,99025000000.0,0.7215973237071875,0.7104521074000029
962,99050000000.0,0.7215390110314372,0.7104454022500042
963,99075000000.0,0.7214835575607756,0.7104416565815234
964,99100000000.0,0.7214309683278591,0.7104408524252124
965,99125000000.0,0.72138124084629,0.7104429643124351
966,99150000000.0,0.721334365135417,0.7104479593765282
967,99175000000.0,0.7212903237605487,0.7104557974711264
968,99200000000.0,0.7212490919213768,0.7104664313369545
969,99225000000.0,0.7212106375225232,0.7104798067541804
970,99250000000.0,0.7211749212996797,0.7104958627483912
971,99275000000.0,0.7211418969634836,0.7105145318156938
972,99300000000.0,0.7211115113254727,0.7105357401318477
973,99325000000.0,0.7210837044932417,0.7105594078267591
974,99350000000.0,0.7210584100234967,0.7105854492210021
975,99375000000.0,0.7210355551815288,0.7106137731596631
976,99400000000.0,0.7210150611181056,0.7106442832692407
977,99425000000.0,0.7209968431440078,0.7106768783065336
978,99450000000.0,0.7209808109911928,0.7107114524896644
979,99475000000.0,0.7209668690569172,0.7107478958141931
980,99500000000.0,0.7209549167203383,0.7107860944312434
981,99525000000.0,0.720944848650186,0.710825931016534
982,99550000000.0,0.7209365551115884,0.7108672851342361
983,99575000000.0,0.7209299222963563,0.7109100336152725
984,99600000000.0,0.720924832679313,0.7109540509625472
985,99625000000.0,0.7209211653757547,0.7109992097439067
986,99650000000.0,0.7209187964809508,0.711045380964405
987,99675000000.0,0.7209175994718944,0.7110924344987042
988,99700000000.0,0.7209174455836765,0.7111402394836835
989,99725000000.0,0.7209182041748735,0.7111886646973963
990,99750000000.0,0.7209197431640973,0.7112375789997903
991,99775000000.0,0.7209219293910619,0.711286851691583
992,99800000000.0,0.7209246290335234,0.7113363529272163
993,99825000000.0,0.7209277080136082,0.7113859540974504
994,99850000000.0,0.7209310323942215,0.7114355282059419
995,99875000000.0,0.720934468794132,0.7114849502529109
996,99900000000.0,0.7209378847771584,0.7115340975831569
997,99925000000.0,0.7209411492589723,0.711582850250785
998,99950000000.0,0.7209441329004227,0.7116310913596395
999,99975000000.0,0.7209467084858311,0.7116787073827111
1000,100000000000.0,0.7209487513174963,0.7117255884933569
1001,100025000000.0,0.7209501395736323,0.7117716288501799
1002,100050000000.0,0.7209507546800007,0.7118167268993204
1003,100075000000.0,0.7209504816459976,0.7118607856207387
1004,100100000000.0,0.7209492094217828,0.711903712811824
1005,100125000000.0,0.7209468311988725,0.7119454212897813
1006,100150000000.0,0.7209432447356526,0.7119858291295712
1007,100175000000.0,0.7209383526446771,0.7120248598550272
1008,100200000000.0,0.7209320626623715,0.7120624426130748
1009,100225000000.0,0.7209242879035844,0.7120985123239516
1010,100250000000.0,0.7209149471226663,0.7121330098463712
1011,100275000000.0,0.720903964903518,0.7121658820621093
1012,100300000000.0,0.7208912718547065,0.7121970819736426
1013,100325000000.0,0.7208768048010731,0.7122265687880494
1014,100350000000.0,0.7208605069398687,0.7122543079733916
1015,100375000000.0,0.7208423279454176,0.7122802712681298
1016,100400000000.0,0.7208222241061981,0.7123044367089618
1017,100425000000.0,0.7208001583876843,0.7123267886065892
1018,100450000000.0,0.7207761004939013,0.7123473175057928
1019,100475000000.0,0.7207500269117273,0.7123660201399818
1020,100500000000.0,0.7207219209193532,0.7123828993502821
1021,100525000000.0,0.7206917725685694,0.7123979639787359
1022,100550000000.0,0.7206595786591529,0.7124112287624544
1023,100575000000.0,0.7206253426685869,0.7124227141844619
1024,100600000000.0,0.7205890746833772,0.7124324463278018
1025,100625000000.0,0.7205507912831991,0.7124404566886419
1026,100650000000.0,0.7205105154138889,0.7124467819826912
1027,100675000000.0,0.7204682762275484,0.7124514639269014
1028,100700000000.0,0.7204241089378424,0.7124545490274273
1029,100725000000.0,0.7203780546220304,0.7124560883361444
1030,100750000000.0,0.7203301599762092,0.7124561371569955
1031,100775000000.0,0.7202804771416255,0.7124547548217549
1032,100800000000.0,0.7202290634133895,0.712452004366535
1033,100825000000.0,0.7201759809893916,0.7124479522449667
1034,100850000000.0,0.7201212967072032,0.7124426680308946
1035,100875000000.0,0.7200650817196907,0.7124362240801169
1036,100900000000.0,0.7200074111970863,0.7124286952024654
1037,100925000000.0,0.7199483640303201,0.7124201583575973
1038,100950000000.0,0.7198880224613837,0.7124106922706116
1039,100975000000.0,0.7198264717663073,0.7124003771200478
1040,101000000000.0,0.7197637999005515,0.7123892941749689
1041,101025000000.0,0.7197000971077765,0.7123775254149517
1042,101050000000.0,0.7196354556172306,0.7123651532372927
1043,101075000000.0,0.7195699692019638,0.7123522600368374
1044,101100000000.0,0.7195037328498992,0.7123389278896471
1045,101125000000.0,0.719436842385446,0.7123252382113946
1046,101150000000.0,0.7193693940600999,0.7123112713731149
1047,101175000000.0,0.7193014841884399,0.7122971063850355
1048,101200000000.0,0.7192332087906079,0.7122828205704756
1049,101225000000.0,0.7191646631510977,0.7122684891880242
1050,101250000000.0,0.7190959415367082,0.7122541851890019
1051,101275000000.0,0.719027136730527,0.7122399788305606
1052,101300000000.0,0.7189583397430882,0.7122259374343546
1053,101325000000.0,0.7188896394167771,0.7122121250769357
1054,101350000000.0,0.7188211220679787,0.7121986023032039
1055,101375000000.0,0.7187528711688549,0.7121854258935413
1056,101400000000.0,0.7186849670133844,0.7121726486186338
1057,101425000000.0,0.7186174863659807,0.7121603189844068
1058,101450000000.0,0.7185505021882431,0.7121484810577335
1059,101475000000.0,0.7184840833027957,0.7121371742397475
1060,101500000000.0,0.7184182941388373,0.7121264331187199
1061,101525000000.0,0.718353194461403,0.7121162873135751
1062,101550000000.0,0.718288839088493,0.712106761320575
1063,101575000000.0,0.7182252776723773,0.7120978744146025
1064,101600000000.0,0.7181625544589175,0.7120896405389673
1065,101625000000.0,0.7181007081139517,0.7120820682672364
1066,101650000000.0,0.7180397715095787,0.712075160722421
1067,101675000000.0,0.7179797715439659,0.7120689155459452
1068,101700000000.0,0.7179207290260919,0.7120633249109916
1069,101725000000.0,0.7178626585078296,0.7120583755123057
1070,101750000000.0,0.7178055682136149,0.7120540486274699
1071,101775000000.0,0.7177494599318548,0.7120503201603546
1072,101800000000.0,0.717694328944919,0.7120471607102965
1073,101825000000.0,0.7176401639884584,0.71204453567613
1074,101850000000.0,0.7175869472470774,0.7120424053872079
1075,101875000000.0,0.717534654354034,0.7120407252346669
1076,101900000000.0,0.7174832543851679,0.7120394458037463
1077,101925000000.0,0.7174327099595078,0.7120385130901258
1078,101950000000.0,0.71738297730408,0.7120378686771804
1079,101975000000.0,0.7173340063114614,0.7120374499143566
1080,102000000000.0,0.7172857407216888,0.7120371901847767
1081,102025000000.0,0.7172381182456352,0.7120370191200511
1082,102050000000.0,0.7171910707612572,0.7120368628699992
1083,102075000000.0,0.7171445244680613,0.7120366443283005
1084,102100000000.0,0.7170984001923222,0.7120362834715547
1085,102125000000.0,0.717052613541425,0.7120356975649504
1086,102150000000.0,0.7170070752893093,0.7120348015493277
1087,102175000000.0,0.7169616915680553,0.7120335082512174
1088,102200000000.0,0.7169163642849844,0.7120317287720501
1089,102225000000.0,0.716870991377921,0.712029372724348
1090,102250000000.0,0.7168254672777981,0.7120263486335476
1091,102275000000.0,0.716779683226443,0.7120225641946523
1092,102300000000.0,0.7167335277088335,0.7120179266205949
1093,102325000000.0,0.7166868868759906,0.7120123429611475
1094,102350000000.0,0.7166396450154945,0.7120057204472718
1095,102375000000.0,0.7165916849726118,0.7119979667814996
1096,102400000000.0,0.7165428886453687,0.7119889904765447
1097,102425000000.0,0.7164931374813397,0.7119787011737692
1098,102450000000.0,0.7164423129562136,0.7119670099441998
1099,102475000000.0,0.7163902971049734,0.7119538296088376
1100,102500000000.0,0.7163369730297284,0.7119390750300956
1101,102525000000.0,0.7162822254092934,0.7119226633957526
1102,102550000000.0,0.7162259410729568,0.7119045145368171
1103,102575000000.0,0.7161680094796748,0.7118845511586266
1104,102600000000.0,0.7161083232749411,0.7118626991258307
1105,102625000000.0,0.7160467788291948,0.7118388877193396
1106,102650000000.0,0.7159832767607534,0.7118130498672626
1107,102675000000.0,0.7159177224542309,0.711785122363241
1108,102700000000.0,0.7158500265953187,0.7117550460877631
1109,102725000000.0,0.7157801056713214,0.7117227661886566
1110,102750000000.0,0.7157078824855355,0.7116882322635352
1111,102775000000.0,0.7156332866515636,0.7116513985101995
1112,102800000000.0,0.7155562550814527,0.7116122238652222
1113,102825000000.0,0.715476732459278,0.7115706721132936
1114,102850000000.0,0.7153946716921408,0.7115267119667852
1115,102875000000.0,0.7153100343712296,0.7114803171382071
1116,102900000000.0,0.7152227912149092,0.7114314663858716
1117,102925000000.0,0.715132922476099,0.711380143507827
1118,102950000000.0,0.7150404183508687,0.7113263373254273
1119,102975000000.0,0.7149452793738326,0.7112700416371699
1120,103000000000.0,0.7148475168004407,0.7112112551387375
1121,103025000000.0,0.7147471529543463,0.7111499813009837
1122,103050000000.0,0.7146442215938823,0.711086228236829
1123,103075000000.0,0.7145387682118223,0.7110200085009962
1124,103100000000.0,0.7144308503680067,0.7109513388909829
1125,103125000000.0,0.7143205379801575,0.7108802401991452
1126,103150000000.0,0.7142079135837947,0.7108067369238003
1127,103175000000.0,0.7140930725955201,0.7107308569694057
1128,103200000000.0,0.7139761235434963,0.7106526313145647
1129,103225000000.0,0.7138571882293476,0.7105720936255949
1130,103250000000.0,0.7137364019371223,0.710489279913758
1131,103275000000.0,0.7136139135428827,0.710404228136673
1132,103300000000.0,0.7134898855430872,0.7103169777716003
1133,103325000000.0,0.7133644941496174,0.7102275694925364
1134,103350000000.0,0.7132379291631672,0.7101360447519672
1135,103375000000.0,0.7131103938882516,0.7100424454947113
1136,103400000000.0,0.7129821048554461,0.7099468138546597
1137,103425000000.0,0.7128532914962,0.7098491919776766
1138,103450000000.0,0.712724195632308,0.7097496219028818
1139,103475000000.0,0.7125950708236497,0.7096481455716643
1140,103500000000.0,0.712466181557455,0.7095448049899182
1141,103525000000.0,0.7123378021722201,0.7094396424962772
1142,103550000000.0,0.7122102157007205,0.709332701304731
1143,103575000000.0,0.7120837123378987,0.7092240261155036
1144,103600000000.0,0.7119585878000203,0.7091136640013398
1145,103625000000.0,0.711835141419828,0.7090016654370217
1146,103650000000.0,0.7117136740662483,0.7088880854997973
1147,103675000000.0,0.7115944859210792,0.7087729852068779
1148,103700000000.0,0.7114778741504637,0.7086564329323477
1149,103725000000.0,0.7113641305027034,0.7085385058119813
1150,103750000000.0,0.7112535389827505,0.7084192911360491
1151,103775000000.0,0.7111463736500109,0.708298887614565
1152,103800000000.0,0.7110428965357471,0.708177406380889
1153,103825000000.0,0.71094335592321,0.7080549718029813
1154,103850000000.0,0.7108479849077477,0.7079317219181125
1155,103875000000.0,0.7107570002602301,0.707807808464743
1156,103900000000.0,0.7106706018211243,0.7076833966318775
1157,103925000000.0,0.7105889721115648,0.7075586643101751
1158,103950000000.0,0.7105122764097296,0.7074338010832002
1159,103975000000.0,0.7104406631127963,0.707309006902315
1160,104000000000.0,0.7103742642816715,0.7071844904649502
1161,104025000000.0,0.7103131964802685,0.7070604675086309
1162,104050000000.0,0.7102575616378666,0.7069371589307174
1163,104075000000.0,0.7102074480196126,0.7068147889017681
1164,104100000000.0,0.7101629311923575,0.7066935830098228
1165,104125000000.0,0.7101240749094101,0.7065737664296812
1166,104150000000.0,0.7100909319648753,0.70645556224191
1167,104175000000.0,0.7100635449291256,0.7063391898679552
1168,104200000000.0,0.7100419467419141,0.7062248636198714
1169,104225000000.0,0.710026161255067,0.7061127914663274
1170,104250000000.0,0.7100162035604587,0.7060031738555046
1171,104275000000.0,0.710012080311454,0.7058962027753133
1172,104300000000.0,0.7100137898835651,0.7057920608928293
1173,104325000000.0,0.7100213224847547,0.705690920840156
1174,104350000000.0,0.7100346601423108,0.7055929445762558
1175,104375000000.0,0.7100537767585632,0.7054982829437507
1176,104400000000.0,0.7100786379825974,0.7054070751958439
1177,104425000000.0,0.7101092010947453,0.7053194486357587
1178,104450000000.0,0.7101454149459838,0.7052355183921886
1179,104475000000.0,0.7101872198159314,0.7051553871697367
1180,104500000000.0,0.7102345473496087,0.7050791451433048
1181,104525000000.0,0.7102873203049033,0.7050068697089727
1182,104550000000.0,0.7103454526295162,0.7049386255595456
1183,104575000000.0,0.7104088492846753,0.7048744645472358
1184,104600000000.0,0.7104774061994628,0.7048144256855954
1185,104625000000.0,0.7105510103102743,0.704758535220594
1186,104650000000.0,0.710629539525212,0.7047068066544505
1187,104675000000.0,0.7107128627882819,0.7046592408372113
1188,104700000000.0,0.7108008401279009,0.7046158260597611
1189,104725000000.0,0.7108933228513111,0.7045765382597752
1190,104750000000.0,0.7109901535471472,0.7045413410573547
1191,104775000000.0,0.7110911664452003,0.7045101861006773
1192,104800000000.0,0.7111961875183963,0.7044830131785275
1193,104825000000.0,0.7113050347905253,0.7044597505012036
1194,104850000000.0,0.7114175186365421,0.7044403149855613
1195,104875000000.0,0.7115334421122614,0.7044246125427023
1196,104900000000.0,0.711652601276742,0.7044125383610443
1197,104925000000.0,0.7117747856663418,0.7044039773322751
1198,104950000000.0,0.7118997786975143,0.7043988043888284
1199,104975000000.0,0.7120273581042404,0.7043968848860983
1200,105000000000.0,0.7121572965019055,0.7043980750890111
1201,105025000000.0,0.7122893618457464,0.7044022225641007
1202,105050000000.0,0.7124233180224616,0.7044091666951136
1203,105075000000.0,0.7125589254405739,0.7044187391909081
1204,105100000000.0,0.7126959415924943,0.7044307645625169
1205,105125000000.0,0.7128341217382599,0.7044450607444968
1206,105150000000.0,0.7129732195166517,0.7044614396058867
1207,105175000000.0,0.7131129876208218,0.7044797075587651
1208,105200000000.0,0.7132531785139706,0.7044996661914851
1209,105225000000.0,0.7133935450813428,0.7045211128532809
1210,105250000000.0,0.7135338413511517,0.704543841302991
1211,105275000000.0,0.7136738232682782,0.7045676424151192
1212,105300000000.0,0.7138132493612376,0.7045923047850521
1213,105325000000.0,0.7139518815201422,0.7046176154614561
1214,105350000000.0,0.7140894856919366,0.7046433605839117
1215,105375000000.0,0.7142258326660591,0.7046693261413479
1216,105400000000.0,0.7143606987620144,0.7046952986151329
1217,105425000000.0,0.7144938665990762,0.7047210657296499
1218,105450000000.0,0.7146251257694881,0.7047464171134104
1219,105475000000.0,0.7147542736061496,0.7047711450634114
1220,105500000000.0,0.7148811158074341,0.7047950451681446
1221,105525000000.0,0.7150054671702066,0.7048179170687678
1222,105550000000.0,0.7151271522115513,0.7048395650973779
1223,105575000000.0,0.7152460058231765,0.7048597989795182
1224,105600000000.0,0.7153618738580371,0.7048784344667588
1225,105625000000.0,0.7154746137435076,0.704895294016712
1226,105650000000.0,0.7155840949874275,0.7049102073760548
1227,105675000000.0,0.7156901997349141,0.7049230122238324
1228,105700000000.0,0.7157928232174086,0.7049335547254522
1229,105725000000.0,0.7158918742151776,0.7049416901149986
1230,105750000000.0,0.7159872754296908,0.7049472831949591
1231,105775000000.0,0.7160789638733124,0.7049502088662118
1232,105800000000.0,0.7161668911643796,0.7049503525876926
1233,105825000000.0,0.7162510237786875,0.7049476107921038
1234,105850000000.0,0.7163313433067018,0.7049418913356353
1235,105875000000.0,0.7164078465855511,0.7049331138165534
1236,105900000000.0,0.7164805458269635,0.7049212099303905
1237,105925000000.0,0.7165494686752708,0.7049061237343864
1238,105950000000.0,0.7166146582334236,0.7048878119228477
1239,105975000000.0,0.7166761729946539,0.7048662440020034
1240,106000000000.0,0.7167340867811918,0.7048414024878344
1241,106025000000.0,0.7167884885509088,0.704813282985683
1242,106050000000.0,0.7168394822321392,0.7047818942980782
1243,106075000000.0,0.7168871864294151,0.7047472584273367
1244,106100000000.0,0.7169317341138988,0.7047094105649404
1245,106125000000.0,0.7169732722886555,0.7046683990465474
1246,106150000000.0,0.7170119615347149,0.7046242852234785
1247,106175000000.0,0.7170479755397521,0.7045771433038344
1248,106200000000.0,0.7170815006215556,0.7045270601828757
1249,106225000000.0,0.7171127351150187,0.7044741351629579
1250,106250000000.0,0.7171418887621311,0.7044184796698809
1251,106275000000.0,0.7171691820995654,0.7043602169437746
1252,106300000000.0,0.7171948457212471,0.7042994816372958
1253,106325000000.0,0.7172191195301607,0.7042364193857125
1254,106350000000.0,0.7172422520272789,0.7041711863939062
1255,106375000000.0,0.7172644994126193,0.7041039488651983
1256,106400000000.0,0.7172861248389676,0.7040348825312567
1257,106425000000.0,0.7173073974544816,0.7039641720172748
1258,106450000000.0,0.7173285915909783,0.7038920102746542
1259,106475000000.0,0.7173499857969672,0.7038185979210442
1260,106500000000.0,0.7173718618940231,0.7037441425413753
1261,106525000000.0,0.7173945040767901,0.7036688580276225
1262,106550000000.0,0.7174181978975743,0.7035929638130526
1263,106575000000.0,0.7174432293100257,0.703516684129646
1264,106600000000.0,0.7174698836755613,0.7034402472171556
1265,106625000000.0,0.7174984447986643,0.7033638845527708
1266,106650000000.0,0.7175291939228547,0.7032878300219676
1267,106675000000.0,0.7175624087353799,0.7032123190833622
1268,106700000000.0,0.7175983624050069,0.7031375879511882
1269,106725000000.0,0.7176373225983597,0.7030638727368086
1270,106750000000.0,0.7176795505266107,0.7029914086134631
1271,106775000000.0,0.7177252999671433,0.7029204289425404
1272,106800000000.0,0.7177748163757376,0.7028511644578982
1273,106825000000.0,0.7178283359289735,0.7027838423937809
1274,106850000000.0,0.7178860846450069,0.7027186856590315
1275,106875000000.0,0.7179482775242721,0.702655912025017
1276,106900000000.0,0.7180151176929378,0.7025957333048116
1277,106925000000.0,0.7180867955765933,0.7025383545535624
1278,106950000000.0,0.7181634881286434,0.7024839733176071
1279,106975000000.0,0.7182453580725678,0.7024327788808448
1280,107000000000.0,0.7183325531727042,0.7023849515286223
1281,107025000000.0,0.7184252055478192,0.7023406618722526
1282,107050000000.0,0.7185234310668659,0.7023000702122483
1283,107075000000.0,0.7186273286629754,0.7022633258525633
1284,107100000000.0,0.7187369798480826,0.7022305665816501
1285,107125000000.0,0.7188524481443749,0.7022019180849928
1286,107150000000.0,0.7189737786326009,0.7021774934550573
1287,107175000000.0,0.719100997510415,0.7021573927312007
1288,107200000000.0,0.7192341117285429,0.7021417024884848
1289,107225000000.0,0.7193731086531194,0.7021304954685819
1290,107250000000.0,0.7195179557888164,0.7021238302634786
1291,107275000000.0,0.7196686005472452,0.7021217510445122
1292,107300000000.0,0.7198249701012365,0.7021242873672919
1293,107325000000.0,0.7199869712463886,0.7021314539914609
1294,107350000000.0,0.7201544903719103,0.7021432507961751
1295,107375000000.0,0.7203273934200319,0.7021596627023768
1296,107400000000.0,0.720505526002797,0.7021806597077515
1297,107425000000.0,0.7206887134783856,0.7022061969285129
1298,107450000000.0,0.7208767611537923,0.7022362147211246
1299,107475000000.0,0.7210694545334807,0.7022706388533468
1300,107500000000.0,0.7212665596100506,0.7023093807338108
1301,107525000000.0,0.7214678232317605,0.7023523376870928
1302,107550000000.0,0.7216729735607547,0.7023993933032499
1303,107575000000.0,0.721881720540437,0.7024504178243528
1304,107600000000.0,0.7220937564575264,0.7025052685763995
1305,107625000000.0,0.7223087565789518,0.7025637904867447
1306,107650000000.0,0.7225263798071593,0.7026258166010344
1307,107675000000.0,0.7227462694336323,0.7026911686961496
1308,107700000000.0,0.7229680539513194,0.7027596579135996
1309,107725000000.0,0.7231913479116348,0.7028310854544589
1310,107750000000.0,0.7234157528233214,0.702905243282151
1311,107775000000.0,0.7236408581516072,0.7029819149127169
1312,107800000000.0,0.7238662423300456,0.7030608762073914
1313,107825000000.0,0.724091473870606,0.7031418962447624
1314,107850000000.0,0.7243161124293255,0.7032247381294693
1315,107875000000.0,0.7245397100579432,0.7033091599775831
1316,107900000000.0,0.7247618123731996,0.7033949157994147
1317,107925000000.0,0.7249819598084863,0.7034817564425538
1318,107950000000.0,0.7251996889552006,0.7035694306282175
1319,107975000000.0,0.72541453383297,0.7036576858756806
1320,108000000000.0,0.7256260272947963,0.703746269567859
1321,108025000000.0,0.7258337023676608,0.7038349299272062
1322,108050000000.0,0.7260370936646947,0.7039234170625678
1323,108075000000.0,0.7262357388220314,0.7040114840050135
1324,108100000000.0,0.7264291798826873,0.7040988877218571
1325,108125000000.0,0.7266169647321822,0.7041853901160884
1326,108150000000.0,0.7267986485469979,0.7042707590950785
1327,108175000000.0,0.7269737952202584,0.7043547695452465
1328,108200000000.0,0.7271419787295046,0.704437204307368
1329,108225000000.0,0.7273027845653836,0.704517855156749
1330,108250000000.0,0.7274558110932036,0.7045965237524014
1331,108275000000.0,0.7276006709113145,0.7046730225575994
1332,108300000000.0,0.7277369920960612,0.7047471756745453
1333,108325000000.0,0.727864419560576,0.7048188197744838
1334,108350000000.0,0.727982616208157,0.7048878048427919
1335,108375000000.0,0.7280912641352619,0.7049539949794393
1336,108400000000.0,0.7281900657607455,0.705017269126679
1337,108425000000.0,0.7282787448372767,0.7050775217128452
1338,108450000000.0,0.7283570474864275,0.7051346633150448
1339,108475000000.0,0.728424743098298,0.705188621202833
1340,108500000000.0,0.7284816251976438,0.7052393398717636
1341,108525000000.0,0.7285275121614476,0.705286781450699
1342,108550000000.0,0.7285622479860894,0.7053309261702474
1343,108575000000.0,0.7285857027986538,0.7053717725988301
1344,108600000000.0,0.7285977734441734,0.7054093379825843
1345,108625000000.0,0.7285983838405523,0.7054436583680694
1346,108650000000.0,0.7285874853565389,0.7054747887861202
1347,108675000000.0,0.7285650570249503,0.7055028032731812
1348,108700000000.0,0.7285311056521138,0.7055277948345038
1349,108725000000.0,0.7284856659191906,0.7055498754164315
1350,108750000000.0,0.728428800244222,0.7055691756612025
1351,108775000000.0,0.7283605987046015,0.7055858447624148
1352,108800000000.0,0.7282811787136904,0.7056000500684348
1353,108825000000.0,0.7281906847370747,0.705611976785344
1354,108850000000.0,0.7280892878014396,0.7056218274784094
1355,108875000000.0,0.7279771849980964,0.7056298215700749
1356,108900000000.0,0.7278545988206975,0.70563619474599
1357,108925000000.0,0.7277217765114833,0.7056411983204885
1358,108950000000.0,0.7275789892186142,0.7056450984953725
1359,108975000000.0,0.7274265311451055,0.7056481755830745
1360,109000000000.0,0.7272647186320396,0.705650723187789
1361,109025000000.0,0.7270938890777053,0.7056530472572011
1362,109050000000.0,0.7269143999230385,0.7056554651644358
1363,109075000000.0,0.726726627469125,0.7056583046772058
1364,109100000000.0,0.7265309656770189,0.7056619028890376
1365,109125000000.0,0.7263278249585655,0.7056666051295556
1366,109150000000.0,0.7261176308430342,0.705672763797785
1367,109175000000.0,0.7259008226638731,0.705680737148257
1368,109200000000.0,0.7256778521990336,0.7056908880856239
1369,109225000000.0,0.7254491822880048,0.7057035828734389
1370,109250000000.0,0.7252152854285108,0.7057191898497771
1371,109275000000.0,0.7249766423443094,0.7057380780774476
1372,109300000000.0,0.7247337405684886,0.7057606159828721
1373,109325000000.0,0.7244870730370514,0.7057871700066802
1374,109350000000.0,0.7242371366704357,0.705818103185338
1375,109375000000.0,0.7239844309869076,0.705853773748928
1376,109400000000.0,0.7237294566809528,0.7058945336482729
1377,109425000000.0,0.7234727143663362,0.7059407271881077
1378,109450000000.0,0.7232147032159584,0.7059926895140286
1379,109475000000.0,0.7229559196988963,0.7060507451550488
1380,109500000000.0,0.7226968564195336,0.7061152065820921
1381,109525000000.0,0.7224380009514453,0.7061863727007854
1382,109550000000.0,0.7221798348000159,0.7062645273708802
1383,109575000000.0,0.7219228323940903,0.7063499378946733
1384,109600000000.0,0.7216674602332025,0.7064428534944152
1385,109625000000.0,0.7214141760858974,0.7065435037615104
1386,109650000000.0,0.7211634283811943,0.7066520970996598
1387,109675000000.0,0.720915655643062,0.7067688190611171
1388,109700000000.0,0.7206712862124532,0.7068938307435947
1389,109725000000.0,0.7204307380409564,0.7070272669860639
1390,109750000000.0,0.7201944187424155,0.7071692345439701
1391,109775000000.0,0.7199627259211167,0.707319810146951
1392,109800000000.0,0.7197360477465949,0.7074790383483687
1393,109825000000.0,0.719514763864523,0.7076469291832482
1394,109850000000.0,0.7192992467829998,0.7078234556008072
1395,109875000000.0,0.7190898636528117,0.7080085504711532
1396,109900000000.0,0.7188869786925038,0.7082021032055807
1397,109925000000.0,0.7186909563165894,0.7084039557961148
1398,109950000000.0,0.7185021651390952,0.7086138981413371
1399,109975000000.0,0.7183209830079749,0.7088316624045655
1400,110000000000.0,0.7181478034324332,0.7090569162707415
