frequency/GHz;epsilon_r';epsilon_r'';n;alpha
75;2.1469126835;0;1.4652346855;0
75.025;2.1455571176;0;1.4647720361;0
75.05;2.1442574624;0;1.4643283315;0
75.075;2.1430134381;0;1.4639034934;0
75.1;2.1418246916;0;1.4634974177;0
75.125;2.1406907974;0;1.4631099745;0
75.15;2.1396112587;0;1.4627410087;0
75.175;2.1385855078;0;1.4623903404;0
75.2;2.1376129079;0;1.4620577649;0
75.225;2.1366927542;0;1.4617430534;0
75.25;2.135824275;0;1.4614459535;0
75.275;2.1350066341;0;1.4611661898;0
75.3;2.1342389315;0;1.4609034641;0
75.325;2.1335202062;0;1.4606574568;0
75.35;2.1328494374;0;1.4604278268;0
75.375;2.1322255473;0;1.4602142128;0
75.4;2.1316474028;0;1.4600162337;0
75.425;2.1311138181;0;1.4598334898;0
75.45;2.1306235571;0;1.4596655635;0
75.475;2.1301753361;0;1.4595120199;0
75.5;2.1297678261;0;1.4593724083;0
75.525;2.129399656;0;1.459246263;0
75.55;2.1290694152;0;1.459133104;0
75.575;2.1287756566;0;1.4590324385;0
75.6;2.1285168997;0;1.4589437617;0
75.625;2.1282916336;0;1.4588665578;0
75.65;2.1280983201;0;1.4588003016;0
75.675;2.1279353972;0;1.4587444592;0
75.7;2.1278012821;0;1.4586984891;0
75.725;2.1276943747;0;1.4586618438;0
75.75;2.1276130608;0;1.4586339708;0
75.775;2.1275557156;0;1.4586143135;0
75.8;2.1275207071;0;1.4586023129;0
75.825;2.1275063997;0;1.4585974084;0
75.85;2.127511157;0;1.4585990392;0
75.875;2.1275333461;0;1.4586066454;0
75.9;2.1275713404;0;1.4586196695;0
75.925;2.1276235231;0;1.4586375571;0
75.95;2.1276882906;0;1.4586597583;0
75.975;2.1277640561;0;1.458685729;0
76;2.1278492523;0;1.4587149318;0
76.025;2.1279423351;0;1.4587468372;0
76.05;2.1280417865;0;1.4587809248;0
76.075;2.1281461177;0;1.4588166841;0
76.1;2.1282538722;0;1.4588536158;0
76.125;2.1283636286;0;1.4588912326;0
76.15;2.1284740032;0;1.4589290604;0
76.175;2.1285836531;0;1.4589666388;0
76.2;2.1286912785;0;1.4590035225;0
76.225;2.1287956253;0;1.4590392816;0
76.25;2.128895487;0;1.4590735029;0
76.275;2.1290113419;0.0002631646;1.4591132067;0.0028812397
76.3;2.1291421986;0.0007911651;1.4591580696;0.0086645883
76.325;2.1292652449;0.0013194006;1.4592002773;0.0144539715
76.35;2.129379448;0.0018474274;1.4592394761;0.0202445654
76.375;2.1294838322;0.0023747942;1.4592753319;0.0260314635
76.4;2.1295774798;0.002901043;1.4593075302;0.0318096808
76.425;2.1296595324;0.0034257089;1.459335777;0.0375741606
76.45;2.1297291925;0.0039483216;1.4593597988;0.0433197806
76.475;2.129785724;0.0044684058;1.4593793433;0.0490413603
76.5;2.1298284531;0.0049854816;1.4593941793;0.0547336683
76.525;2.129856769;0.005499066;1.459404097;0.0603914312
76.55;2.1298701242;0.0060086733;1.4594089084;0.0660093427
76.575;2.1298680349;0.0065138163;1.459408447;0.0715820725
76.6;2.129850081;0.007014007;1.4594025681;0.0771042771
76.625;2.129815906;0.0075087579;1.4593911484;0.0825706103
76.65;2.1297652165;0.007997583;1.4593740866;0.0879757343
76.675;2.1296977822;0.008479999;1.4593513023;0.0933143314
76.7;2.1296134348;0.0089555261;1.4593227367;0.0985811164
76.725;2.1295120676;0.0094236896;1.4592883516;0.1037708486
76.75;2.1293936341;0.009884021;1.4592481296;0.1088783449
76.775;2.1292581473;0.0103360589;1.4592020733;0.113898493
76.8;2.1291056781;0.0107793509;1.4591502053;0.1188262645
76.825;2.1289363539;0.0112134542;1.4590925672;0.1236567283
76.85;2.128750357;0.0116379372;1.4590292194;0.1283850645
76.875;2.128547923;0.0120523805;1.4589602406;0.1330065779
76.9;2.1283293387;0.0124563786;1.4588857269;0.1375167113
76.925;2.1280949404;0.0128495407;1.4588057913;0.1419110596
76.95;2.1278451113;0.0132314919;1.4587205628;0.1461853823
76.975;2.1275802796;0.0136018748;1.4586301858;0.1503356175
77;2.1273009163;0.01396035;1.4585348195;0.154357894
77.025;2.1270075322;0.0143065979;1.4584346365;0.1582485441
77.05;2.1267006758;0.0146403192;1.4583298227;0.1620041152
77.075;2.1263809307;0.0149612362;1.4582205756;0.1656213818
77.1;2.1260489125;0.0152690934;1.4581071043;0.1690973562
77.125;2.1257052667;0.0155636589;1.4579896276;0.1724292984
77.15;2.1253506652;0.0158447248;1.457868374;0.1756147262
77.175;2.1249858042;0.0161121081;1.45774358;0.1786514239
77.2;2.1246114006;0.0163656512;1.4576154897;0.1815374502
77.225;2.1242281897;0.0166052228;1.4574843533;0.1842711458
77.25;2.1238369221;0.0168307179;1.4573504267;0.1868511391
77.275;2.1234383608;0.0170420587;1.4572139698;0.1892763524
77.3;2.1230332783;0.0172391946;1.4570752464;0.1915460059
77.325;2.1226224539;0.0174221027;1.4569345224;0.1936596208
77.35;2.1222066706;0.0175907874;1.4567920655;0.1956170227
77.375;2.1217867126;0.0177452812;1.4566481437;0.1974183423
77.4;2.1213633626;0.0178856438;1.4565030248;0.1990640159
77.425;2.1209373989;0.0180119628;1.4563569753;0.2005547847
77.45;2.1205095927;0.0181243526;1.4562102595;0.2018916936
77.475;2.1200807062;0.0182229547;1.4560631387;0.2030760876
77.5;2.1196514892;0.0183079372;1.4559158702;0.2041096083
77.525;2.1192226778;0.0183794936;1.4557687067;0.2049941894
77.55;2.1187949913;0.0184378432;1.4556218954;0.2057320502
77.575;2.1183691303;0.0184832296;1.4554756773;0.2063256889
77.6;2.117945775;0.0185159202;1.4553302864;0.2067778753
77.625;2.1175255828;0.0185362055;1.4551859493;0.2070916408
77.65;2.1171091866;0.0185443977;1.4550428842;0.2072702701
77.675;2.1166971934;0.0185408303;1.4549013004;0.2073172895
77.7;2.1162901824;0.0185258564;1.454761398;0.2072364561
77.725;2.1158887036;0.0184998479;1.4546233671;0.2070317453
77.75;2.1154932767;0.0184631944;1.4544873877;0.2067073383
77.775;2.11510439;0.0184163016;1.4543536286;0.206267608
77.8;2.1147224988;0.01835959;1.454222248;0.205717105
77.825;2.1143480253;0.018293494;1.4540933924;0.2050605432
77.85;2.1139813572;0.0182184599;1.4539671965;0.2043027835
77.875;2.1136228474;0.0181349451;1.4538437833;0.2034488192
77.9;2.1132728136;0.0180434159;1.4537232636;0.2025037591
77.925;2.1129315376;0.0179443466;1.453605736;0.201472811
77.95;2.1125992655;0.0178382179;1.4534912865;0.2003612652
77.975;2.1122762071;0.0177255152;1.4533799892;0.1991744776
78;2.1119625367;0.017606727;1.4532719055;0.1979178522
78.025;2.1116583924;0.0174823439;1.4531670846;0.1965968238
78.05;2.1113638773;0.0173528563;1.4530655634;0.1952168414
78.075;2.1110790591;0.0172187537;1.4529673668;0.19378335
78.1;2.110803971;0.0170805224;1.4528725079;0.1923017742
78.125;2.1105386126;0.0169386447;1.4527809877;0.1907775009
78.15;2.1102829501;0.0167935971;1.4526927963;0.1892158624
78.175;2.1100369177;0.0166458486;1.4526079122;0.1876221199
78.2;2.109800418;0.01649586;1.4525263032;0.1860014473
78.225;2.1095733237;0.0163440819;1.4524479268;0.1843589152
78.25;2.1093554781;0.0161909536;1.4523727301;0.1826994757
78.275;2.1091466967;0.0160369017;1.4523006508;0.1810279469
78.3;2.1089467684;0.0158823393;1.4522316173;0.1793489988
78.325;2.1087554567;0.015727664;1.452165549;0.1776671394
78.35;2.1085725016;0.0155732576;1.4521023573;0.1759867009
78.375;2.1083976204;0.0154194843;1.4520419457;0.1743118274
78.4;2.1082305098;0.0152666905;1.4519842106;0.1726464627
78.425;2.1080708474;0.015115203;1.4519290415;0.170994339
78.45;2.1079182931;0.0149653285;1.4518763221;0.1693589665
78.475;2.1077724909;0.0148173531;1.4518259302;0.1677436231
78.5;2.1076330707;0.0146715408;1.4517777389;0.1661513461
78.525;2.1074996499;0.0145281337;1.4517316168;0.1645849238
78.55;2.1073718352;0.0143873506;1.4516874288;0.1630468879
78.575;2.1072492243;0.0142493871;1.4516450368;0.1615395076
78.6;2.1071314078;0.0141144149;1.4516042999;0.1600647837
78.625;2.1070179709;0.0139825813;1.4515650755;0.1586244446
78.65;2.106908495;0.0138540093;1.4515272196;0.1572199421
78.675;2.1068025599;0.0137287972;1.4514905874;0.1558524492
78.7;2.1066997448;0.0136070184;1.4514550342;0.1545228578
78.725;2.106599631;0.0134887215;1.4514204157;0.1532317788
78.75;2.1065018026;0.0133739304;1.4513865887;0.1519795417
78.775;2.1064058492;0.0132626445;1.4513534116;0.1507661959
78.8;2.1063113664;0.0131548387;1.4513207453;0.1495915131
78.825;2.1062179585;0.0130504639;1.4512884531;0.1484549904
78.85;2.1061252391;0.0129494473;1.4512564018;0.1473558543
78.875;2.1060328335;0.0128516931;1.4512244622;0.1462930656
78.9;2.1059403792;0.0127570828;1.4511925091;0.1452653256
78.925;2.1058475283;0.0126654759;1.4511604226;0.1442710832
78.95;2.1057539479;0.0125767109;1.4511280876;0.1433085422
78.975;2.1056593221;0.0124906057;1.451095395;0.1423756704
79;2.1055633528;0.0124069585;1.4510622418;0.1414702086
79.025;2.1054657608;0.0123255492;1.4510285315;0.1405896816
79.05;2.1053662873;0.01224614;1.4509941747;0.1397314088
79.075;2.1052646942;0.0121684763;1.4509590889;0.1388925163
79.1;2.1051607656;0.0120922883;1.4509231993;0.1380699493
79.125;2.1050543084;0.0120172921;1.4508864391;0.1372604858
79.15;2.1049451527;0.0119431905;1.4508487494;0.1364607499
79.175;2.1048331531;0.0118696749;1.4508100796;0.1356672265
79.2;2.1047181888;0.0117964262;1.4507703876;0.1348762765
79.225;2.1046001639;0.0117231163;1.4507296402;0.1340841521
79.25;2.1044790082;0.0116494095;1.4506878126;0.1332870128
79.275;2.1043546775;0.0115749641;1.4506448891;0.1324809416
79.3;2.1042271532;0.0114994337;1.4506008631;0.1316619616
79.325;2.104096443;0.0114224684;1.4505557366;0.1308260532
79.35;2.1039625805;0.0113437171;1.450509521;0.1299691709
79.375;2.1038256253;0.0112628282;1.4504622363;0.1290872605
79.4;2.1036856628;0.0111794514;1.4504139117;0.1281762765
79.425;2.1035428039;0.0110932394;1.4503645849;0.1272321998
79.45;2.1033971844;0.0110038491;1.4503143025;0.1262510543
79.475;2.103248965;0.0109109434;1.4502631194;0.1252289243
79.5;2.1030983302;0.0108141922;1.450211099;0.1241619721
79.525;2.102945488;0.0107132744;1.4501583129;0.1230464538
79.55;2.1027906692;0.0106078788;1.4501048402;0.1218787365
79.575;2.1026341265;0.0104977059;1.4500507678;0.1206553141
79.6;2.1024761336;0.010382469;1.4499961901;0.1193728231
79.625;2.1023169841;0.0102618956;1.449941208;0.1180280576
79.65;2.1021569908;0.0101357286;1.4498859294;0.1166179841
79.675;2.1019964846;0.0100037272;1.4498304683;0.1151397559
79.7;2.1018358129;0.0098656688;1.4497749445;0.113590726
79.725;2.1016753389;0.0097213491;1.4497194834;0.1119684597
79.75;2.1015154401;0.0095705838;1.4496642151;0.1102707477
79.775;2.1013565069;0.0094132094;1.4496092745;0.1084956158
79.8;2.1011989415;0.0092490838;1.4495548005;0.1066413365
79.825;2.1010431564;0.0090780871;1.4495009356;0.1047064376
79.85;2.1008895728;0.0089001225;1.4494478255;0.1026897115
79.875;2.1007386194;0.0087151171;1.4493956183;0.1005902221
79.9;2.1005907307;0.0085230217;1.4493444643;0.0984073122
79.925;2.1004463457;0.0083238119;1.4492945154;0.0961406089
79.95;2.1003059063;0.0081174883;1.4492459245;0.0937900281
79.975;2.1001698556;0.0079040766;1.449198845;0.0913557786
80;2.1000386369;0.0076836278;1.4491534305;0.0888383641
80.025;2.0999126916;0.0074562186;1.4491098338;0.0862385856
80.05;2.0997924579;0.0072219509;1.4490682067;0.0835575413
80.075;2.0996783695;0.006980952;1.4490286995;0.0807966265
80.1;2.099570854;0.0067333746;1.4489914605;0.0779575318
80.125;2.0994703312;0.006479396;1.4489566351;0.0750422406
80.15;2.0993772122;0.0062192183;1.4489243659;0.072053026
80.175;2.0992918974;0.0059530675;1.4488947918;0.0689924455
80.2;2.0992147757;0.0056811935;1.4488680476;0.0658633362
80.225;2.0991462229;0.0054038688;1.4488442638;0.0626688077
80.25;2.0990866004;0.0051213887;1.4488235656;0.0594122354
80.275;2.0990362542;0.0048340698;1.4488060731;0.0560972516
80.3;2.0989955136;0.0045422494;1.4487919005;0.0527277365
80.325;2.09896469;0.0042462851;1.4487811559;0.049307809
80.35;2.0989440762;0.0039465529;1.4487739407;0.0458418147
80.375;2.098933945;0.0036434473;1.4487703497;0.0423343156
80.4;2.0989345486;0.0033373793;1.4487704702;0.0387900774
80.425;2.0989461174;0.0030287759;1.448774382;0.0352140569
80.45;2.0989688598;0.0027180786;1.4487821574;0.0316113889
80.475;2.0990029608;0.0024057423;1.4487938605;0.0279873712
80.5;2.0990485818;0.0020922343;1.4488095469;0.0243474519
80.525;2.0991058601;0.0017780327;1.4488292641;0.0206972132
80.55;2.0991749081;0.001463625;1.4488530509;0.0170423567
80.575;2.0992558128;0.0011495074;1.4488809372;0.0133886879
80.6;2.0993486362;0.0008361828;1.4489129441;0.0097421
80.625;2.099453414;0.0005241596;1.4489490835;0.0061085583
80.65;2.0995701562;0.0002139504;1.4489893587;0.0024940834
80.675;2.0997061175;0;1.449036272;0
80.7;2.0998703174;0;1.4490929292;0
80.725;2.1000460814;0;1.4491535741;0
80.75;2.1002332747;0;1.4492181598;0
80.775;2.1004317368;0;1.4492866303;0
80.8;2.1006412822;0;1.4493589211;0
80.825;2.1008617002;0;1.4494349589;0
80.85;2.101092756;0;1.4495146622;0
80.875;2.1013341909;0;1.4495979411;0
80.9;2.1015857232;0;1.4496846979;0
80.925;2.1018470484;0;1.4497748268;0
80.95;2.1021178404;0;1.4498682148;0
80.975;2.1023977522;0;1.4499647417;0
81;2.1026864165;0;1.4500642801;0
81.025;2.102983447;0;1.4501666963;0
81.05;2.1032884388;0;1.45027185;0
81.075;2.10360097;0;1.4503795951;0
81.1;2.1039206022;0;1.4504897801;0
81.125;2.1042468818;0;1.450602248;0
81.15;2.1045793413;0;1.450716837;0
81.175;2.1049174998;0;1.4508333811;0
81.2;2.105260865;0;1.4509517101;0
81.225;2.1056089337;0;1.4510716501;0
81.25;2.1059611931;0;1.4511930241;0
81.275;2.1063171226;0;1.4513156523;0
81.3;2.1066761942;0;1.4514393526;0
81.325;2.1070378743;0;1.4515639408;0
81.35;2.107401625;0;1.4516892315;0
81.375;2.107766905;0;1.4518150381;0
81.4;2.108133171;0;1.4519411734;0
81.425;2.1084998792;0;1.45206745;0
81.45;2.1088664865;0;1.4521936808;0
81.475;2.1092324513;0;1.4523196794;0
81.5;2.1095972354;0;1.4524452607;0
81.525;2.1099603049;0;1.4525702409;0
81.55;2.1103211314;0;1.4526944384;0
81.575;2.1106791935;0;1.4528176739;0
81.6;2.1110339774;0;1.4529397707;0
81.625;2.1113849787;0;1.4530605558;0
81.65;2.1117317033;0;1.4531798592;0
81.675;2.1120736681;0;1.4532975153;0
81.7;2.1124104029;0;1.4534133627;0
81.725;2.1127414505;0;1.4535272445;0
81.75;2.1130663685;0;1.453639009;0
81.775;2.1133847297;0;1.4537485098;0
81.8;2.1136961232;0;1.453855606;0
81.825;2.1140001555;0;1.453960163;0
81.85;2.1142964508;0;1.4540620519;0
81.875;2.1145846523;0;1.4541611507;0
81.9;2.1148644226;0;1.454257344;0
81.925;2.1151354442;0;1.4543505232;0
81.95;2.1153974208;0;1.4544405869;0
81.975;2.115650077;0;1.4545274411;0
82;2.1158931595;0;1.4546109994;0
82.025;2.1161264368;0;1.4546911826;0
82.05;2.1163497006;0;1.4547679198;0
82.075;2.1165627649;0;1.4548411476;0
82.1;2.1167654671;0;1.4549108107;0
82.125;2.1169576681;0;1.4549768617;0
82.15;2.117139252;0;1.4550392613;0
82.175;2.1173101265;0;1.4550979783;0
82.2;2.1174702228;0;1.4551529895;0
82.225;2.1176194955;0;1.4552042796;0
82.25;2.1177579226;0;1.4552518416;0
82.275;2.117885505;0;1.4552956761;0
82.3;2.1180022666;0;1.4553357917;0
82.325;2.1181082537;0;1.4553722045;0
82.35;2.1182205786;0.0002339473;1.455410796;0.002772392
82.375;2.1183260049;0.0005196932;1.455447023;0.0061603399
82.4;2.1184209005;0.0008059341;1.4554796382;0.0095560679
82.425;2.1185053644;0.0010922224;1.4555086758;0.0129542966
82.45;2.1185795169;0.0013781194;1.4555341772;0.0163498481
82.475;2.1186434984;0.0016631969;1.4555561909;0.0197376585
82.5;2.1186974688;0.0019470375;1.4555747718;0.0231127893
82.525;2.1187416073;0.0022292361;1.4555899813;0.0264704392
82.55;2.1187761108;0.0025094004;1.4556018871;0.0298059548
82.575;2.1188011941;0.0027871521;1.4556105628;0.033114841
82.6;2.118817088;0.0030621278;1.4556160876;0.0363927707
82.625;2.1188240394;0.003333979;1.4556185458;0.0396355941
82.65;2.1188223096;0.003602374;1.4556180271;0.0428393474
82.675;2.1188121737;0.0038669974;1.4556146255;0.0460002603
82.7;2.1187939195;0.0041275515;1.4556084397;0.0491147638
82.725;2.1187678465;0.0043837564;1.455599572;0.0521794961
82.75;2.118734265;0.0046353506;1.4555881287;0.0551913095
82.775;2.1186934946;0.0048820915;1.455574219;0.0581472744
82.8;2.1186458636;0.0051237556;1.4555579554;0.0610446845
82.825;2.1185917074;0.0053601388;1.4555394525;0.0638810603
82.85;2.118531368;0.0055910568;1.4555188274;0.0666541518
82.875;2.1184651922;0.005816345;1.4554961987;0.0693619412
82.9;2.1183935308;0.0060358586;1.4554716865;0.0720026438
82.925;2.1183167375;0.006249473;1.4554454118;0.0745747091
82.95;2.1182351679;0.0064570831;1.4554174964;0.0770768203
82.975;2.1181491779;0.006658604;1.455388062;0.0795078942
83;2.1180591231;0.00685397;1.4553572303;0.081867079
83.025;2.1179653573;0.007043135;1.4553251227;0.0841537524
83.05;2.1178682319;0.0072260721;1.4552918593;0.0863675184
83.075;2.1177680942;0.0074027729;1.4552575591;0.088508204
83.1;2.1176652871;0.0075732476;1.4552223397;0.0905758548
83.125;2.1175601477;0.0077375241;1.4551863165;0.0925707297
83.15;2.117453006;0.0078956479;1.4551496028;0.0944932957
83.175;2.1173441849;0.0080476812;1.455112309;0.0963442217
83.2;2.1172339985;0.0081937025;1.4550745431;0.0981243713
83.225;2.1171227514;0.0083338058;1.4550364094;0.0998347959
83.25;2.1170107381;0.0084681003;1.454998009;0.1014767271
83.275;2.1168982422;0.0085967092;1.4549594393;0.1030515677
83.3;2.1167855356;0.008719769;1.4549207935;0.1045608834
83.325;2.1166728777;0.0088374291;1.4548821609;0.1060063937
83.35;2.1165605151;0.0089498506;1.454843626;0.1073899619
83.375;2.1164486807;0.0090572056;1.454805269;0.1087135859
83.4;2.1163375935;0.0091596762;1.454767165;0.109979387
83.425;2.1162274579;0.0092574538;1.4547293845;0.1111896005
83.45;2.1161184632;0.009350738;1.4546919925;0.1123465644
83.475;2.1160107838;0.0094397359;1.454655049;0.1134527085
83.5;2.1159045783;0.009524661;1.4546186088;0.1145105434
83.525;2.1157999894;0.009605732;1.4545827209;0.1155226496
83.55;2.1156971441;0.0096831726;1.4545474291;0.1164916657
83.575;2.1155961531;0.0097572098;1.4545127718;0.1174202778
83.6;2.115497111;0.0098280733;1.4544787814;0.1183112078
83.625;2.1154000961;0.0098959945;1.4544454853;0.1191672019
83.65;2.1153051708;0.0099612056;1.4544129049;0.11999102
83.675;2.1152123812;0.0100239388;1.4543810563;0.1207854246
83.7;2.1151217578;0.0100844249;1.4543499503;0.121553169
83.725;2.1150333152;0.010142893;1.4543195919;0.1222969877
83.75;2.1149470526;0.0101995695;1.4542899813;0.1230195851
83.775;2.1148629543;0.0102546768;1.4542611131;0.1237236256
83.8;2.1147809895;0.0103084332;1.454232977;0.1244117232
83.825;2.1147011132;0.0103610514;1.4542055578;0.1250864321
83.85;2.1146232667;0.0104127383;1.4541788353;0.1257502371
83.875;2.1145473774;0.0104636937;1.454152785;0.1264055447
83.9;2.1144733603;0.0105141102;1.4541273776;0.1270546744
83.925;2.1144011176;0.0105641721;1.4541025799;0.1276998501
83.95;2.1143305401;0.010614055;1.4540783544;0.1283431928
83.975;2.1142615073;0.010663925;1.4540546599;0.128986713
84;2.1141938883;0.0107139382;1.4540314514;0.1296323033
84.025;2.1141275426;0.0107642405;1.4540086809;0.1302817328
84.05;2.1140623203;0.0108149664;1.453986297;0.1309366406
84.075;2.1139980637;0.0108662396;1.4539642455;0.1315985302
84.1;2.1139346071;0.0109181715;1.4539424695;0.132268765
84.125;2.1138717784;0.0109708617;1.4539209101;0.1329485637
84.15;2.1138093994;0.0110243974;1.453899506;0.1336389966
84.175;2.1137472868;0.011078853;1.4538781942;0.1343409817
84.2;2.113685253;0.0111342902;1.4538569104;0.1350552829
84.225;2.1136231068;0.0111907575;1.4538355888;0.135782507
84.25;2.1135606546;0.0112482904;1.4538141629;0.1365231023
84.275;2.1134977008;0.0113069112;1.4537925654;0.1372773577
84.3;2.1134340488;0.0113666288;1.4537707288;0.138045402
84.325;2.1133695019;0.0114274392;1.4537485854;0.1388272037
84.35;2.1133038641;0.0114893249;1.4537260677;0.1396225719
84.375;2.1132369408;0.0115522558;1.4537031088;0.1404311577
84.4;2.1131685398;0.0116161885;1.4536796426;0.1412524549
84.425;2.113098472;0.0116810674;1.4536556039;0.1420858028
84.45;2.113026552;0.0117468241;1.453630929;0.1429303893
84.475;2.1129525992;0.0118133782;1.4536055555;0.1437852531
84.5;2.1128764383;0.0118806375;1.4535794231;0.1446492881
84.525;2.1127979001;0.0119484984;1.4535524734;0.1455212475
84.55;2.1127168221;0.0120168463;1.4535246505;0.146399748
84.575;2.1126330494;0.0120855557;1.4534959007;0.1472832753
84.6;2.1125464349;0.0121544913;1.4534661735;0.1481701896
84.625;2.1124568405;0.0122235081;1.453435421;0.1490587311
84.65;2.1123641371;0.0122924518;1.4534035986;0.1499470266
84.675;2.1122682055;0.0123611597;1.453370665;0.1508330962
84.7;2.1121689368;0.0124294612;1.4533365827;0.1517148601
84.725;2.1120662328;0.0124971782;1.4533013174;0.1525901457
84.75;2.1119600065;0.0125641262;1.4532648391;0.1534566959
84.775;2.1118501826;0.0126301142;1.4532271214;0.1543121765
84.8;2.1117366976;0.0126949464;1.4531881422;0.1551541839
84.825;2.1116195001;0.0127584218;1.4531478836;0.1559802544
84.85;2.1114985516;0.0128203358;1.4531063319;0.156787872
84.875;2.111373826;0.0128804804;1.4530634777;0.1575744772
84.9;2.1112453103;0.0129386451;1.4530193163;0.1583374761
84.925;2.1111130043;0.0129946178;1.4529738472;0.1590742487
84.95;2.1109769213;0.013048185;1.4529270746;0.1597821588
84.975;2.1108370874;0.0130991332;1.4528790071;0.1604585621
85;2.1106935423;0.0131472493;1.452829658;0.1611008159
85.025;2.1105463384;0.0131923213;1.4527790449;0.161706288
85.05;2.1103955417;0.0132341393;1.4527271902;0.1622723656
85.075;2.1102412308;0.0132724958;1.4526741204;0.162796464
85.1;2.1100834972;0.0133071868;1.4526198668;0.1632760361
85.125;2.1099224449;0.0133380125;1.4525644647;0.1637085806
85.15;2.1097581905;0.0133647776;1.4525079538;0.1640916506
85.175;2.1095908623;0.0133872925;1.4524503781;0.1644228621
85.2;2.1094206008;0.0134053734;1.4523917854;0.1646999023
85.225;2.1092475573;0.0134188436;1.4523322277;0.1649205374
85.25;2.1090718946;0.0134275335;1.4522717605;0.1650826199
85.275;2.1088937859;0.0134312814;1.4522104431;0.165184097
85.3;2.1087134142;0.0134299342;1.4521483385;0.1652230165
85.325;2.1085309725;0.0134233478;1.4520855127;0.1651975347
85.35;2.1083466627;0.0134113877;1.4520220351;0.1651059218
85.375;2.1081606953;0.0133939293;1.4519579778;0.164946569
85.4;2.1079732886;0.0133708585;1.4518934159;0.164717993
85.425;2.1077846684;0.013342072;1.4518284271;0.1644188424
85.45;2.1075950673;0.0133074778;1.4517630913;0.1640479021
85.475;2.1074047238;0.0132669954;1.4516974905;0.1636040972
85.5;2.1072138821;0.0132205562;1.4516317089;0.163086498
85.525;2.107022791;0.0131681035;1.451565832;0.1624943229
85.55;2.1068317035;0.0131095934;1.4514999472;0.1618269413
85.575;2.1066408761;0.0130449941;1.4514341427;0.1610838767
85.6;2.106450568;0.0129742866;1.451368508;0.1602648087
85.625;2.1062610403;0.0128974647;1.4513031331;0.1593695743
85.65;2.1060725556;0.012814535;1.4512381087;0.1583981693
85.675;2.105885377;0.012725517;1.4511735256;0.1573507492
85.7;2.1056997678;0.012630443;1.4511094747;0.1562276289
85.725;2.1055159902;0.0125293582;1.4510460467;0.1550292827
85.75;2.1053343051;0.0124223203;1.4509833318;0.1537563435
85.775;2.1051549715;0.0123093999;1.4509214194;0.1524096015
85.8;2.1049782452;0.0121906796;1.4508603982;0.1509900026
85.825;2.1048043788;0.0120662547;1.4508003556;0.1494986462
85.85;2.1046336208;0.0119362321;1.4507413775;0.1479367823
85.875;2.104466215;0.0118007305;1.4506835485;0.146305809
85.9;2.1043023997;0.0116598802;1.4506269511;0.1446072688
85.925;2.1041424075;0.0115138224;1.450571666;0.1428428446
85.95;2.1039864644;0.011362709;1.4505177715;0.1410143555
85.975;2.1038347896;0.0112067025;1.4504653437;0.1391237525
86;2.1036875944;0.0110459748;1.450414456;0.1371731131
86.025;2.1035450826;0.0108807079;1.4503651791;0.1351646364
86.05;2.103407449;0.0107110922;1.4503175807;0.1331006372
86.075;2.1032748799;0.010537327;1.4502717255;0.1309835402
86.1;2.1031475521;0.0103596196;1.450227675;0.1288158739
86.125;2.1030256328;0.0101781845;1.4501854874;0.126600264
86.15;2.1029092791;0.0099932433;1.4501452173;0.124339427
86.175;2.1027986377;0.009805024;1.4501069159;0.1220361631
86.2;2.102693845;0.0096137605;1.4500706306;0.1196933496
86.225;2.1025950262;0.0094196916;1.4500364051;0.1173139329
86.25;2.1025022955;0.009223061;1.4500042794;0.1149009224
86.275;2.1024157561;0.0090241164;1.4499742893;0.112457382
86.3;2.1023354994;0.0088231089;1.4499464668;0.1099864232
86.325;2.1022616057;0.0086202923;1.4499208401;0.1074911975
86.35;2.1021941433;0.0084159229;1.449897433;0.1049748884
86.375;2.1021331691;0.0082102584;1.4498762657;0.1024407046
86.4;2.1020787282;0.0080035575;1.4498573538;0.0998918718
86.425;2.1020308543;0.0077960796;1.4498407095;0.0973316252
86.45;2.1019895691;0.0075880835;1.4498263404;0.0947632025
86.475;2.1019548831;0.0073798277;1.4498142504;0.0921898362
86.5;2.101926795;0.007171569;1.4498044393;0.089614746
86.525;2.1019052927;0.0069635625;1.4497969031;0.0870411324
86.55;2.1018903524;0.0067560608;1.4497916338;0.0844721688
86.575;2.1018819397;0.0065493135;1.4497886196;0.0819109955
86.6;2.1018800093;0.0063435667;1.449787845;0.0793607126
86.625;2.1018845054;0.0061390625;1.4497892909;0.0768243734
86.65;2.101895362;0.0059360385;1.4497929345;0.0743049782
86.675;2.101912503;0.0057347274;1.4497987497;0.0718054688
86.7;2.1019358426;0.0055353564;1.4498067067;0.0693287219
86.725;2.1019652858;0.0053381468;1.4498167729;0.066877544
86.75;2.1020007285;0.0051433138;1.4498289122;0.0644546663
86.775;2.1020420578;0.0049510659;1.4498430857;0.0620627393
86.8;2.1020891526;0.0047616045;1.4498592515;0.0597043284
86.825;2.1021418839;0.0045751239;1.4498773649;0.0573819095
86.85;2.1022001151;0.0043918105;1.4498973787;0.0550978645
86.875;2.1022637025;0.004211843;1.4499192433;0.0528544783
86.9;2.1023324958;0.0040353917;1.4499429065;0.0506539347
86.925;2.1024063382;0.0038626186;1.4499683143;0.0484983132
86.95;2.1024850673;0.0036936772;1.4499954102;0.0463895869
86.975;2.1025685151;0.0035287117;1.4500241362;0.0443296193
87;2.1026565087;0.0033678579;1.4500544325;0.0423201625
87.025;2.1027488707;0.0032112422;1.4500862377;0.0403628551
87.05;2.1028454197;0.0030589818;1.4501194889;0.0384592213
87.075;2.1029459705;0.0029111845;1.4501541222;0.036610669
87.1;2.1030503348;0.002767949;1.4501900722;0.0348184894
87.125;2.1031583216;0.0026293645;1.450227273;0.0330838564
87.15;2.1032697375;0.0024955107;1.4502656576;0.0314078262
87.175;2.1033843874;0.0023664582;1.4503051586;0.0297913379
87.2;2.1035020746;0.0022422679;1.4503457078;0.0282352132
87.225;2.1036226016;0.0021229919;1.450387237;0.0267401579
87.25;2.10374577;0.0020086728;1.4504296775;0.025306762
87.275;2.1038713815;0.0018993443;1.4504729608;0.0239355018
87.3;2.1039992378;0.0017950311;1.4505170184;0.0226267411
87.325;2.1041291415;0.0016957491;1.4505617819;0.0213807326
87.35;2.1042608958;0.0016015058;1.4506071834;0.0201976207
87.375;2.1043943056;0.0015123;1.4506531554;0.0190774434
87.4;2.1045291772;0.0014281226;1.450699631;0.0180201348
87.425;2.1046653191;0.0013489563;1.4507465441;0.0170255278
87.45;2.1048025421;0.0012747761;1.4507938293;0.0160933571
87.475;2.1049406597;0.0012055497;1.4508414222;0.0152232624
87.5;2.1050794883;0.0011412373;1.4508892594;0.0144147916
87.525;2.1052188476;0.0010817924;1.4509372787;0.0136674042
87.55;2.1053585608;0.0010271618;1.450985419;0.0129804751
87.575;2.1054984548;0.0009772859;1.4510336206;0.012353298
87.6;2.1056383604;0.0009320991;1.4510818252;0.0117850896
87.625;2.1057781128;0.00089153;1.451129976;0.0112749934
87.65;2.1059175515;0.000855502;1.4511780175;0.0108220835
87.675;2.1060565204;0.0008239334;1.4512258959;0.0104253694
87.7;2.1061948685;0.0007967375;1.4512735593;0.0100837993
87.725;2.1063324493;0.0007738237;1.451320957;0.009796265
87.75;2.1064691216;0.0007550969;1.4513680406;0.009561606
87.775;2.1066047491;0.0007404585;1.451414763;0.0093786136
87.8;2.1067392009;0.0007298066;1.4514610791;0.0092460352
87.825;2.1068723513;0.0007230363;1.4515069457;0.0091625789
87.85;2.10700408;0.0007200397;1.4515523213;0.0091269174
87.875;2.1071342722;0.0007207069;1.4515971665;0.0091376923
87.9;2.1072628185;0.0007249259;1.4516414436;0.0091935183
87.925;2.1073896149;0.0007325829;1.4516851169;0.0092929875
87.95;2.1075145629;0.0007435629;1.4517281524;0.0094346733
87.975;2.1076375696;0.0007577497;1.4517705183;0.009617134
88;2.1077585474;0.0007750263;1.4518121844;0.0098389174
88.025;2.1078774143;0.0007952756;1.4518531225;0.0100985641
88.05;2.1079940936;0.0008183799;1.4518933063;0.010394611
88.075;2.1081085137;0.000844222;1.4519327113;0.0107255956
88.1;2.1082206086;0.0008726847;1.4519713148;0.0110900586
88.125;2.1083303173;0.0009036518;1.4520090958;0.0114865475
88.15;2.1084375839;0.0009370078;1.4520460351;0.0119136199
88.175;2.1085423574;0.0009726384;1.4520821153;0.0123698462
88.2;2.1086445918;0.0010104306;1.4521173206;0.0128538129
88.225;2.1087442458;0.001050273;1.4521516369;0.0133641247
88.25;2.1088412829;0.001092056;1.4521850517;0.0138994073
88.275;2.1089356708;0.0011356719;1.4522175538;0.0144583101
88.3;2.1090273819;0.0011810151;1.452249134;0.0150395079
88.325;2.1091163928;0.0012279822;1.4522797842;0.0156417031
88.35;2.109202684;0.0012764724;1.4523094977;0.0162636276
88.375;2.1092862402;0.0013263873;1.4523382694;0.0169040444
88.4;2.1093670498;0.0013776313;1.4523660953;0.0175617495
88.425;2.1094451049;0.0014301114;1.4523929728;0.0182355727
88.45;2.1095204013;0.0014837375;1.4524189004;0.018924379
88.475;2.1095929378;0.0015384226;1.4524438778;0.0196270697
88.5;2.1096627167;0.0015940824;1.4524679059;0.0203425833
88.525;2.1097297433;0.0016506359;1.4524909866;0.021069896
88.55;2.1097940258;0.0017080051;1.4525131227;0.0218080225
88.575;2.1098555753;0.0017661152;1.452534318;0.0225560158
88.6;2.1099144053;0.0018248942;1.4525545773;0.0233129685
88.625;2.1099705319;0.0018842738;1.4525739061;0.0240780118
88.65;2.1100239737;0.0019441882;1.4525923108;0.024850316
88.675;2.1100747511;0.0020045752;1.4526097987;0.0256290905
88.7;2.1101228871;0.0020653755;1.4526263774;0.0264135831
88.725;2.1101684061;0.0021265327;1.4526420556;0.0272030797
88.75;2.1102113346;0.0021879937;1.4526568424;0.0279969039
88.775;2.110251701;0.0022497081;1.4526707475;0.0287944163
88.8;2.1102895347;0.0023116286;1.4526837811;0.0295950141
88.825;2.1103248672;0.0023737105;1.452695954;0.0303981294
88.85;2.1103577309;0.0024359121;1.4527072774;0.0312032295
88.875;2.1103881597;0.0024981941;1.452717763;0.0320098151
88.9;2.1104161885;0.0025605201;1.4527274229;0.0328174195
88.925;2.1104418534;0.0026228559;1.4527362694;0.0336256076
88.95;2.1104651914;0.0026851699;1.4527443153;0.0344339748
88.975;2.1104862406;0.0027474328;1.4527515736;0.0352421457
89;2.1105050396;0.0028096175;1.4527580579;0.0360497728
89.025;2.1105216281;0.002871699;1.4527637815;0.0368565358
89.05;2.1105360462;0.0029336544;1.4527687585;0.0376621397
89.075;2.110548335;0.0029954625;1.4527730029;0.038466314
89.1;2.1105585359;0.0030571043;1.4527765289;0.0392688111
89.125;2.1105666909;0.0031185621;1.4527793511;0.0400694053
89.15;2.1105728426;0.0031798202;1.452781484;0.0408678917
89.175;2.110577034;0.0032408643;1.4527829425;0.0416640844
89.2;2.1105793084;0.0033016813;1.4527837415;0.0424578157
89.225;2.1105797098;0.0033622598;1.4527838961;0.0432489351
89.25;2.1105782822;0.0034225894;1.4527834215;0.0440373075
89.275;2.1105750702;0.0034826609;1.4527823329;0.0448228128
89.3;2.1105701186;0.0035424662;1.4527806459;0.0456053444
89.325;2.1105634725;0.0036019982;1.4527783758;0.0463848084
89.35;2.1105551772;0.0036612508;1.4527755384;0.0471611221
89.375;2.1105452785;0.0037202185;1.4527721493;0.0479342139
89.4;2.1105338221;0.0037788967;1.4527682243;0.0487040218
89.425;2.1105208542;0.0038372817;1.4527637793;0.0494704928
89.45;2.1105064211;0.00389537;1.4527588301;0.0502335819
89.475;2.1104905693;0.003953159;1.4527533928;0.0509932518
89.5;2.1104733454;0.0040106467;1.4527474835;0.051749472
89.525;2.1104547962;0.0040678313;1.4527411182;0.0525022182
89.55;2.1104349689;0.0041247118;1.452734313;0.0532514717
89.575;2.1104139104;0.0041812872;1.4527270843;0.0539972191
89.6;2.1103916682;0.0042375572;1.4527194483;0.054739452
89.625;2.1103682894;0.0042935217;1.4527114212;0.0554781661
89.65;2.1103438215;0.004349181;1.4527030193;0.0562133613
89.675;2.110318312;0.0044045357;1.452694259;0.0569450416
89.7;2.1102918083;0.0044595866;1.4526851566;0.0576732143
89.725;2.110264358;0.0045143347;1.4526757285;0.0583978905
89.75;2.1102360085;0.0045687816;1.452665991;0.0591190844
89.775;2.1102068072;0.0046229288;1.4526559603;0.0598368136
89.8;2.1101768013;0.0046767781;1.4526456528;0.0605510989
89.825;2.1101460381;0.0047303318;1.4526350846;0.0612619641
89.85;2.1101145644;0.0047835922;1.452624272;0.0619694365
89.875;2.110082427;0.0048365619;1.4526132309;0.0626735463
89.9;2.1100496722;0.0048892437;1.4526019773;0.0633743271
89.925;2.1100163461;0.0049416409;1.4525905271;0.064071816
89.95;2.1099824945;0.0049937567;1.452578896;0.0647660529
89.975;2.1099481625;0.0050455948;1.4525670996;0.0654570817
90;2.1099133948;0.0050971592;1.4525551533;0.0661449495
90.025;2.1098782355;0.005148454;1.4525430721;0.066829707
90.05;2.1098427281;0.0051994836;1.4525308711;0.0675114087
90.075;2.1098069152;0.0052502528;1.4525185649;0.0681901123
90.1;2.1097708388;0.0053007666;1.4525061681;0.0688658797
90.125;2.1097345398;0.0053510302;1.4524936946;0.0695387759
90.15;2.1096980584;0.0054010493;1.4524811583;0.0702088698
90.175;2.1096614335;0.0054508297;1.4524685726;0.0708762337
90.2;2.109624703;0.0055003773;1.4524559505;0.0715409433
90.225;2.1095879036;0.0055496986;1.4524433048;0.0722030778
90.25;2.1095510708;0.0055988;1.4524306474;0.0728627189
90.275;2.1095142384;0.0056476883;1.4524179903;0.0735199518
90.3;2.1094774391;0.0056963705;1.4524053445;0.0741748637
90.325;2.1094407038;0.0057448537;1.4523927207;0.0748275443
90.35;2.109404062;0.005793145;1.4523801291;0.0754780848
90.375;2.1093675414;0.0058412518;1.4523675792;0.0761265781
90.4;2.1093311677;0.0058891815;1.45235508;0.0767731178
90.425;2.1092949651;0.0059369415;1.4523426396;0.0774177977
90.45;2.1092589556;0.0059845391;1.4523302657;0.0780607113
90.475;2.1092231594;0.0060319815;1.4523179652;0.0787019512
90.5;2.1091875944;0.006079276;1.4523057443;0.0793416083
90.525;2.1091522764;0.0061264294;1.4522936085;0.0799797708
90.55;2.1091172192;0.0061734484;1.4522815625;0.0806165236
90.575;2.1090824341;0.0062203393;1.4522696101;0.0812519476
90.6;2.1090479303;0.006267108;1.4522577547;0.0818861181
90.625;2.1090137144;0.0063137599;1.4522459984;0.0825191044
90.65;2.1089797908;0.0063602999;1.4522343427;0.0831509688
90.675;2.1089461615;0.0064067322;1.4522227884;0.0837817648
90.7;2.1089128259;0.0064530604;1.4522113353;0.0844115371
90.725;2.1088797811;0.0064992871;1.4521999823;0.0850403194
90.75;2.1088470217;0.006545414;1.4521887276;0.0856681337
90.775;2.1088145397;0.0065914419;1.4521775685;0.0862949891
90.8;2.1087823247;0.0066373706;1.4521665013;0.0869208807
90.825;2.108750364;0.0066831986;1.4521555217;0.0875457879
90.85;2.1087186422;0.006728923;1.4521446244;0.0881696735
90.875;2.1086871418;0.0067745398;1.4521338034;0.0887924826
90.9;2.1086558427;0.0068200433;1.4521230517;0.0894141409
90.925;2.1086247227;0.0068654264;1.4521123617;0.0900345536
90.95;2.1085937571;0.0069106803;1.4521017248;0.0906536047
90.975;2.1085629193;0.0069557945;1.452091132;0.0912711549
91;2.1085321804;0.0070007566;1.4520805733;0.0918870412
91.025;2.1085015098;0.0070455523;1.4520700381;0.0925010753
91.05;2.1084708745;0.0070901655;1.452059515;0.0931130427
91.075;2.1084402402;0.0071345778;1.4520489922;0.0937227018
91.1;2.1084095705;0.0071787687;1.4520384572;0.0943297823
91.125;2.1083788278;0.0072227157;1.452027897;0.0949339853
91.15;2.1083479728;0.0072663937;1.452017298;0.0955349813
91.175;2.108316965;0.0073097757;1.4520066463;0.0961324103
91.2;2.1082857628;0.0073528319;1.4519959276;0.0967258809
91.225;2.1082543236;0.0073955305;1.4519851271;0.0973149692
91.25;2.1082226039;0.0074378369;1.4519742298;0.097899219
91.275;2.1081905596;0.0074797142;1.4519632206;0.098478141
91.3;2.1081581463;0.007521123;1.4519520841;0.0990512124
91.325;2.108125319;0.0075620213;1.4519408047;0.0996178772
91.35;2.1080920329;0.0076023649;1.451929367;0.1001775456
91.375;2.108058243;0.0076421067;1.4519177556;0.1007295943
91.4;2.1080239049;0.0076811974;1.451905955;0.1012733668
91.425;2.1079889745;0.0077195851;1.4518939499;0.1018081732
91.45;2.1079534085;0.0077572155;1.4518817256;0.1023332915
91.475;2.1079171645;0.0077940322;1.4518692672;0.1028479673
91.5;2.1078802012;0.007829976;1.4518565606;0.1033514152
91.525;2.1078424786;0.0078649859;1.4518435919;0.1038428191
91.55;2.1078039584;0.0078989986;1.4518303478;0.1043213338
91.575;2.1077646038;0.0079319487;1.4518168156;0.1047860856
91.6;2.1077243803;0.0079637689;1.4518029835;0.1052361738
91.625;2.1076832552;0.0079943899;1.45178884;0.1056706724
91.65;2.1076411986;0.0080237408;1.4517743747;0.1060886312
91.675;2.1075981828;0.0080517491;1.4517595782;0.1064890779
91.7;2.1075541832;0.0080783409;1.4517444418;0.10687102
91.725;2.1075091779;0.0081034409;1.451728958;0.1072334463
91.75;2.1074631484;0.0081269727;1.4517131202;0.1075753297
91.775;2.1074160795;0.008148859;1.4516969232;0.107895629
91.8;2.1073679592;0.0081690215;1.4516803628;0.1081932915
91.825;2.1073187798;0.0081873817;1.4516634363;0.1084672555
91.85;2.1072685368;0.0082038605;1.4516461419;0.1087164531
91.875;2.10721723;0.0082183785;1.4516284797;0.1089398123
91.9;2.1071648635;0.0082308565;1.4516104509;0.1091362609
91.925;2.1071114453;0.0082412157;1.4515920582;0.1093047285
91.95;2.1070569878;0.0082493775;1.4515733058;0.1094441501
91.975;2.1070015082;0.0082552643;1.4515541995;0.1095534692
92;2.1069450278;0.0082587992;1.4515347467;0.1096316406
92.025;2.1068875728;0.0082599068;1.4515149563;0.1096776342
92.05;2.106829174;0.0082585131;1.4514948388;0.1096904379
92.075;2.1067698671;0.0082545455;1.4514744065;0.1096690613
92.1;2.1067096922;0.0082479339;1.451453673;0.1096125387
92.125;2.1066486945;0.00823861;1.4514326541;0.1095199331
92.15;2.1065869239;0.0082265082;1.4514113667;0.1093903389
92.175;2.106524435;0.0082115655;1.4513898296;0.1092228862
92.2;2.1064612871;0.0081937221;1.4513680633;0.1090167435
92.225;2.1063975444;0.0081729213;1.4513460897;0.1087711217
92.25;2.1063332754;0.0081491098;1.4513239326;0.1084852767
92.275;2.1062685534;0.0081222382;1.451301617;0.1081585139
92.3;2.106203456;0.0080922611;1.4512791698;0.1077901901
92.325;2.1061380653;0.0080591371;1.4512566192;0.1073797182
92.35;2.1060724673;0.0080228295;1.4512339948;0.1069265689
92.375;2.1060067524;0.007983306;1.4512113278;0.1064302746
92.4;2.1059410145;0.0079405395;1.4511886506;0.1058904325
92.425;2.1058753516;0.0078945077;1.4511659968;0.1053067063
92.45;2.1058098649;0.0078451936;1.4511434015;0.1046788304
92.475;2.1057446592;0.0077925857;1.4511209007;0.1040066112
92.5;2.1056798421;0.0077366783;1.4510985317;0.10328993
92.525;2.1056155242;0.0076774712;1.4510763324;0.1025287455
92.55;2.1055518186;0.0076149702;1.4510543421;0.1017230951
92.575;2.105488841;0.0075491872;1.4510326005;0.1008730977
92.6;2.1054267087;0.0074801402;1.4510111483;0.0999789546
92.625;2.1053655413;0.0074078537;1.4509900267;0.0990409515
92.65;2.1053054594;0.0073323582;1.4509692773;0.0980594595
92.675;2.105246585;0.0072536909;1.4509489423;0.0970349363
92.7;2.1051890411;0.0071718954;1.4509290642;0.095967927
92.725;2.105132951;0.0070870217;1.4509096856;0.0948590645
92.75;2.1050784381;0.0069991264;1.4508908491;0.0937090705
92.775;2.1050256261;0.0069082728;1.4508725974;0.0925187546
92.8;2.1049746379;0.0068145305;1.4508549731;0.0912890155
92.825;2.1049255955;0.0067179755;1.4508380184;0.0900208394
92.85;2.1048786201;0.0066186904;1.4508217751;0.0887153001
92.875;2.1048338311;0.0065167642;1.4508062845;0.087373558
92.9;2.1047913461;0.006412292;1.4507915873;0.0859968589
92.925;2.1047512805;0.006305375;1.4507777235;0.0845865328
92.95;2.1047137473;0.0061961205;1.450764732;0.0831439921
92.975;2.1046788565;0.0060846417;1.4507526509;0.0816707297
93;2.1046467146;0.0059710574;1.4507415172;0.0801683173
93.025;2.104617425;0.005855492;1.4507313665;0.0786384024
93.05;2.104591087;0.0057380751;1.4507222333;0.0770827063
93.075;2.1045677955;0.0056189416;1.4507141503;0.0755030209
93.1;2.1045476412;0.005498231;1.450707149;0.0739012058
93.125;2.1045307097;0.0053760876;1.4507012591;0.0722791849
93.15;2.1045170817;0.00525266;1.4506965083;0.0706389433
93.175;2.1045068323;0.0051281008;1.4506929228;0.0689825229
93.2;2.1045000312;0.0050025665;1.4506905266;0.0673120192
93.225;2.1044967418;0.0048762169;1.4506893418;0.0656295769
93.25;2.1044970217;0.0047492153;1.4506893882;0.0639373856
93.275;2.1045009219;0.0046217273;1.4506906835;0.0622376756
93.3;2.1045084868;0.0044939214;1.4506932432;0.0605327131
93.325;2.1045197542;0.004365968;1.4506970802;0.0588247956
93.35;2.1045347548;0.0042380395;1.4507022053;0.0571162473
93.375;2.1045535122;0.0041103094;1.4507086265;0.0554094135
93.4;2.1045760426;0.0039829525;1.4507163496;0.0537066563
93.425;2.1046023551;0.0038561441;1.4507253777;0.0520103491
93.45;2.1046324511;0.0037300598;1.4507357112;0.0503228714
93.475;2.1046663246;0.0036048751;1.4507473482;0.0486466034
93.5;2.1047039618;0.0034807649;1.4507602838;0.0469839211
93.525;2.1047453414;0.0033579033;1.4507745106;0.0453371905
93.55;2.1047904343;0.0032364631;1.4507900187;0.0437087626
93.575;2.1048392038;0.0031166154;1.4508067954;0.0421009676
93.6;2.1048916055;0.0029985291;1.4508248252;0.0405161103
93.625;2.1049475875;0.0028823707;1.4508440903;0.0389564641
93.65;2.1050070902;0.0027683039;1.45086457;0.037424266
93.675;2.1050700466;0.0026564893;1.4508862411;0.0359217113
93.7;2.1051363824;0.0025470835;1.4509090781;0.0344509489
93.725;2.1052060158;0.0024402395;1.4509330525;0.0330140756
93.75;2.1052788583;0.0023361058;1.4509581339;0.0316131317
93.775;2.1053548143;0.0022348263;1.4509842892;0.0302500959
93.8;2.1054337814;0.0021365399;1.4510114829;0.0289268808
93.825;2.1055156506;0.00204138;1.4510396774;0.0276453281
93.85;2.1056003069;0.0019494745;1.451068833;0.0264072045
93.875;2.1056876288;0.0018609453;1.4510989077;0.0252141975
93.9;2.1057774893;0.001775908;1.4511298577;0.0240679109
93.925;2.1058697558;0.0016944718;1.451161637;0.0229698616
93.95;2.1059642902;0.001616739;1.4511941981;0.0219214757
93.975;2.1060609497;0.0015428049;1.4512274916;0.0209240846
94;2.1061595867;0.0014727576;1.4512614665;0.0199789226
94.025;2.1062600493;0.0014066775;1.4512960705;0.0190871234
94.05;2.1063621817;0.0013446377;1.4513312497;0.0182497175
94.075;2.1064658243;0.0012867032;1.4513669491;0.0174676299
94.1;2.1065708144;0.001232931;1.4514031124;0.0167416771
94.125;2.1066769863;0.0011833702;1.4514396827;0.0160725663
94.15;2.1067841719;0.0011380613;1.4514766018;0.0154608927
94.175;2.1068922007;0.0010970368;1.451513811;0.0149071385
94.2;2.1070009007;0.0010603206;1.4515512509;0.0144116716
94.225;2.1071100985;0.0010279281;1.4515888619;0.0139747446
94.25;2.1072196197;0.0009998662;1.4516265836;0.0135964946
94.275;2.1073292895;0.0009761333;1.451664356;0.0132769425
94.3;2.1074389327;0.0009567192;1.4517021187;0.0130159927
94.325;2.1075483747;0.0009416053;1.4517398113;0.0128134339
94.35;2.1076574413;0.0009307644;1.4517773741;0.0126689395
94.375;2.1077659596;0.000924161;1.4518147474;0.0125820679
94.4;2.107873758;0.0009217513;1.4518518722;0.012552264
94.425;2.1079806671;0.0009234832;1.45188869;0.0125788607
94.45;2.1080865194;0.0009292967;1.4519251433;0.0126610802
94.475;2.1081911503;0.0009391237;1.4519611754;0.0127980358
94.5;2.1082943982;0.0009528884;1.4519967307;0.0129887345
94.525;2.1083961051;0.0009705075;1.4520317547;0.0132320792
94.55;2.1084961165;0.0009918903;1.4520661945;0.0135268713
94.575;2.1085942823;0.0010169388;1.4520999982;0.0138718137
94.6;2.1086904568;0.0010455483;1.4521331159;0.0142655143
94.625;2.1087844992;0.0010776075;1.4521654991;0.0147064888
94.65;2.1088762737;0.0011129985;1.4521971011;0.0151931649
94.675;2.1089656502;0.0011515975;1.4522278772;0.0157238859
94.7;2.1090525042;0.0011932749;1.4522577846;0.0162969147
94.725;2.1091367173;0.0012378956;1.4522867826;0.0169104384
94.75;2.1092181774;0.0012853194;1.4523148327;0.0175625725
94.775;2.1092967788;0.0013354014;1.4523418985;0.0182513657
94.8;2.1093724229;0.0013879922;1.4523679462;0.0189748044
94.825;2.1094450178;0.0014429383;1.4523929443;0.019730818
94.85;2.1095144789;0.0015000827;1.4524168636;0.0205172842
94.875;2.1095807289;0.0015592651;1.4524396776;0.0213320333
94.9;2.1096436981;0.0016203222;1.4524613624;0.0221728548
94.925;2.1097033242;0.0016830883;1.4524818966;0.0230375018
94.95;2.1097595529;0.0017473956;1.4525012615;0.0239236972
94.975;2.1098123377;0.0018130747;1.4525194413;0.0248291388
95;2.1098616399;0.0018799549;1.4525364225;0.0257515055
95.025;2.1099074289;0.0019478648;1.4525521948;0.0266884627
95.05;2.109949682;0.0020166325;1.4525667502;0.0276376678
95.075;2.1099883845;0.0020860861;1.4525800839;0.0285967767
95.1;2.1100235297;0.0021560542;1.4525921934;0.0295634486
95.125;2.1100551188;0.0022263663;1.4526030793;0.0305353525
95.15;2.110083161;0.0022968531;1.4526127447;0.0315101724
95.175;2.1101076732;0.0023673472;1.4526211954;0.0324856133
95.2;2.1101286801;0.0024376829;1.4526284398;0.0334594065
95.225;2.1101462139;0.0025076975;1.4526344891;0.0344293151
95.25;2.1101603143;0.0025772307;1.4526393569;0.0353931396
95.275;2.1101710283;0.0026461259;1.4526430593;0.0363487231
95.3;2.1101784099;0.0027142298;1.452645615;0.0372939561
95.325;2.1101825201;0.0027813934;1.4526470448;0.0382267823
95.35;2.1101834267;0.0028474718;1.452647372;0.0391452026
95.375;2.1101812037;0.002912325;1.452646622;0.0400472803
95.4;2.1101759315;0.0029758179;1.4526448226;0.0409311454
95.425;2.1101676963;0.0030378207;1.4526420033;0.0417949989
95.45;2.1101565902;0.0030982092;1.4526381956;0.0426371172
95.475;2.1101427102;0.0031568653;1.4526334331;0.0434558553
95.5;2.1101261589;0.0032136768;1.4526277508;0.0442496511
95.525;2.1101070431;0.003268538;1.4526211856;0.0450170285
95.55;2.1100854744;0.0033213497;1.4526137757;0.0457566004
95.575;2.1100615682;0.0033720196;1.4526055608;0.046467072
95.6;2.1100354436;0.0034204623;1.4525965819;0.0471472428
95.625;2.1100072232;0.0034665997;1.4525868811;0.0477960095
95.65;2.1099770323;0.0035103607;1.4525765014;0.0484123676
95.675;2.1099449989;0.0035516819;1.4525654868;0.0489954133
95.7;2.1099112533;0.0035905071;1.4525538822;0.0495443451
95.725;2.1098759274;0.0036267879;1.4525417329;0.0500584648
95.75;2.1098391546;0.0036604833;1.4525290849;0.0505371781
95.775;2.1098010695;0.0036915601;1.4525159842;0.0509799956
95.8;2.1097618071;0.0037199926;1.4525024774;0.0513865326
95.825;2.1097215029;0.0037457628;1.4524886111;0.0517565093
95.85;2.109680292;0.0037688603;1.4524744319;0.0520897503
95.875;2.1096383093;0.0037892822;1.452459986;0.052386184
95.9;2.1095956886;0.003807033;1.4524453195;0.0526458414
95.925;2.1095525626;0.0038221246;1.4524304781;0.0528688551
95.95;2.1095090623;0.003834576;1.452415507;0.0530554572
95.975;2.1094653168;0.0038444133;1.4524004504;0.0532059782
96;2.109421453;0.0038516697;1.4523853522;0.0533208444
96.025;2.109377595;0.0038563847;1.452370255;0.0534005753
96.05;2.1093338639;0.0038586047;1.4523552005;0.0534457811
96.075;2.1092903778;0.0038583822;1.4523402295;0.0534571603
96.1;2.1092472511;0.0038557757;1.4523253813;0.0534354956
96.125;2.1092045942;0.0038508497;1.452310694;0.0533816509
96.15;2.1091625137;0.003843674;1.4522962042;0.0532965681
96.175;2.1091211115;0.0038343237;1.4522819472;0.0531812626
96.2;2.1090804854;0.0038228789;1.4522679566;0.0530368195
96.225;2.1090407278;0.0038094243;1.4522542642;0.0528643896
96.25;2.1090019265;0.0037940489;1.4522409004;0.0526651849
96.275;2.1089641639;0.0037768457;1.4522278936;0.0524404739
96.3;2.1089275172;0.0037579112;1.4522152703;0.0521915772
96.325;2.108892058;0.0037373455;1.4522030553;0.0519198626
96.35;2.1088578523;0.0037152513;1.4521912714;0.0516267403
96.375;2.1088249602;0.003691734;1.4521799392;0.0513136579
96.4;2.1087934363;0.0036669013;1.4521690777;0.0509820951
96.425;2.108763329;0.0036408625;1.4521587036;0.050633559
96.45;2.1087346808;0.0036137286;1.4521488316;0.0502695789
96.475;2.1087075284;0.0035856116;1.4521394742;0.049891701
96.5;2.1086819023;0.0035566241;1.4521306422;0.049501483
96.525;2.1086578272;0.0035268794;1.452122344;0.0491004897
96.55;2.1086353216;0.0034964903;1.4521145861;0.0486902871
96.575;2.1086143983;0.0034655696;1.4521073728;0.0482724378
96.6;2.1085950641;0.0034342293;1.4521007067;0.0478484956
96.625;2.1085773202;0.00340258;1.4520945881;0.047420001
96.65;2.108561162;0.0033707313;1.4520890156;0.0469884761
96.675;2.1085465793;0.0033387906;1.4520839855;0.0465554195
96.7;2.1085335565;0.0033068636;1.4520794927;0.0461223025
96.725;2.1085220728;0.0032750533;1.4520755299;0.0456905639
96.75;2.1085121022;0.00324346;1.4520720883;0.0452616057
96.775;2.1085036137;0.003212181;1.4520691571;0.0448367894
96.8;2.1084965717;0.0031813104;1.4520667242;0.0444174313
96.825;2.1084909358;0.0031509384;1.4520647757;0.0440047992
96.85;2.1084866613;0.0031211517;1.4520632963;0.0436001083
96.875;2.1084836996;0.0030920327;1.4520622691;0.0432045181
96.9;2.108481998;0.0030636596;1.452061676;0.0428191292
96.925;2.1084815001;0.0030361059;1.4520614977;0.0424449798
96.95;2.1084821463;0.0030094407;1.4520617136;0.0420830431
96.975;2.1084838735;0.0029837278;1.4520623021;0.0417342251
97;2.1084866162;0.0029590263;1.4520632405;0.0413993619
97.025;2.1084903058;0.00293539;1.4520645053;0.0410792179
97.05;2.1084948717;0.0029128672;1.4520660721;0.0407744833
97.075;2.1085002412;0.0028915011;1.4520679159;0.0404857735
97.1;2.1085063396;0.002871329;1.4520700111;0.0402136273
97.125;2.1085130909;0.002852383;1.4520723314;0.0399585055
97.15;2.1085204179;0.0028346893;1.4520748502;0.0397207908
97.175;2.1085282425;0.0028182687;1.4520775407;0.0395007869
97.2;2.1085364857;0.002803136;1.4520803756;0.0392987181
97.225;2.1085450685;0.0027893005;1.4520833278;0.0391147296
97.25;2.1085539116;0.002776766;1.4520863699;0.0389488874
97.275;2.1085629359;0.0027655305;1.4520894748;0.0388011795
97.3;2.108572063;0.0027555866;1.4520926152;0.0386715158
97.325;2.1085812149;0.0027469213;1.4520957646;0.0385597296
97.35;2.108590315;0.0027395163;1.4520988964;0.0384655786
97.375;2.1085992876;0.0027333483;1.4521019845;0.038388747
97.4;2.1086080587;0.0027283884;1.4521050035;0.0383288464
97.425;2.108616556;0.0027246032;1.4521079285;0.0382854182
97.45;2.1086247093;0.0027219542;1.4521107353;0.0382579358
97.475;2.1086324503;0.0027203984;1.4521134004;0.038245807
97.5;2.1086397136;0.0027198882;1.4521159013;0.0382483763
97.525;2.108646436;0.002720372;1.4521182161;0.038264928
97.55;2.1086525573;0.0027217941;1.4521203241;0.038294689
97.575;2.1086580203;0.0027240948;1.4521222056;0.038336832
97.6;2.1086627709;0.0027272111;1.4521238421;0.0383904789
97.625;2.1086667584;0.0027310766;1.4521252159;0.038454704
97.65;2.1086699355;0.0027356218;1.4521263109;0.0385285378
97.675;2.1086722586;0.0027407746;1.4521271119;0.0386109706
97.7;2.1086736878;0.0027464602;1.4521276053;0.0387009565
97.725;2.1086741869;0.0027526016;1.4521277785;0.038797417
97.75;2.1086737237;0.00275912;1.4521276205;0.0388992456
97.775;2.1086722701;0.0027659349;1.4521271216;0.0390053114
97.8;2.108669802;0.0027729644;1.4521262733;0.0391144631
97.825;2.1086662993;0.0027801256;1.4521250689;0.0392255341
97.85;2.1086617461;0.002787335;1.4521235028;0.0393373457
97.875;2.1086561309;0.0027945084;1.4521215709;0.0394487122
97.9;2.108649446;0.0028015617;1.4521192708;0.0395584448
97.925;2.1086416882;0.0028084109;1.4521166011;0.0396653556
97.95;2.1086328583;0.0028149724;1.4521135623;0.0397682624
97.975;2.1086229613;0.0028211635;1.4521101559;0.0398659929
98;2.1086120063;0.0028269026;1.4521063851;0.0399573882
98.025;2.1086000062;0.0028321092;1.4521022544;0.0400413079
98.05;2.1085869783;0.0028367047;1.4520977695;0.0401166331
98.075;2.1085729433;0.0028406123;1.4520929378;0.0401822713
98.1;2.1085579261;0.0028437575;1.4520877677;0.0402371596
98.125;2.1085419551;0.0028460682;1.4520822688;0.0402802688
98.15;2.1085250621;0.0028474749;1.4520764524;0.040310607
98.175;2.1085072827;0.0028479112;1.4520703304;0.0403272229
98.2;2.1084886556;0.0028473138;1.4520639162;0.0403292093
98.225;2.1084692226;0.0028456229;1.4520572243;0.0403157062
98.25;2.1084490286;0.0028427822;1.4520502701;0.040285904
98.275;2.1084281214;0.0028387393;1.4520430699;0.0402390463
98.3;2.1084065515;0.0028334457;1.4520356412;0.0401744323
98.325;2.1083843717;0.0028268571;1.4520280022;0.0400914198
98.35;2.1083616373;0.0028189336;1.4520201719;0.0399894269
98.375;2.1083384057;0.0028096397;1.45201217;0.0398679347
98.4;2.1083147362;0.0027989445;1.4520040169;0.0397264886
98.425;2.1082906901;0.0027868217;1.4519957338;0.0395647003
98.45;2.1082663298;0.00277325;1.4519873422;0.0393822494
98.475;2.1082417194;0.0027582127;1.451978864;0.0391788838
98.5;2.1082169241;0.0027416983;1.4519703218;0.0389544219
98.525;2.10819201;0.0027237001;1.4519617384;0.0387087522
98.55;2.1081670437;0.0027042165;1.4519531366;0.0384418347
98.575;2.1081420928;0.002683251;1.4519445398;0.0381537005
98.6;2.1081172249;0.0026608118;1.4519359712;0.0378444526
98.625;2.1080925078;0.0026369126;1.4519274543;0.0375142649
98.65;2.1080680093;0.0026115715;1.4519190122;0.0371633825
98.675;2.1080437967;0.0025848121;1.4519106684;0.0367921208
98.7;2.1080199372;0.0025566623;1.4519024459;0.0364008647
98.725;2.1079964969;0.0025271553;1.4518943675;0.0359900674
98.75;2.1079735415;0.0024963285;1.4518864558;0.0355602494
98.775;2.1079511353;0.0024642242;1.4518787331;0.0351119969
98.8;2.1079293417;0.002430889;1.4518712211;0.0346459597
98.825;2.1079082225;0.0023963739;1.4518639411;0.0341628502
98.85;2.1078878381;0.0023607339;1.4518569141;0.0336634406
98.875;2.1078682473;0.0023240281;1.4518501603;0.0331485609
98.9;2.1078495067;0.0022863193;1.4518436991;0.0326190966
98.925;2.1078316715;0.0022476742;1.4518375497;0.0320759857
98.95;2.1078147942;0.0022081627;1.4518317301;0.0315202164
98.975;2.1077989255;0.0021678579;1.4518262578;0.0309528243
99;2.1077841137;0.002126836;1.4518211495;0.0303748889
99.025;2.1077704045;0.0020851761;1.451816421;0.0297875307
99.05;2.1077578411;0.0020429597;1.4518120871;0.0291919081
99.075;2.1077464643;0.0020002706;1.4518081619;0.0285892139
99.1;2.1077363119;0.0019571948;1.4518046584;0.0279806719
99.125;2.1077274191;0.0019138201;1.4518015889;0.0273675334
99.15;2.1077198183;0.0018702358;1.4517989644;0.0267510736
99.175;2.1077135389;0.0018265326;1.4517967952;0.026132588
99.2;2.1077086076;0.0017828023;1.4517950904;0.0255133885
99.225;2.107705048;0.0017391373;1.4517938582;0.0248948003
99.25;2.1077028807;0.0016956309;1.4517931057;0.0242781575
99.275;2.1077021235;0.0016523764;1.451792839;0.0236647997
99.3;2.1077027912;0.0016094671;1.4517930632;0.0230560684
99.325;2.1077048956;0.0015669963;1.4517937825;0.0224533028
99.35;2.1077084455;0.0015250567;1.4517949998;0.021857837
99.375;2.1077134469;0.0014837402;1.4517967172;0.0212709956
99.4;2.1077199029;0.0014431378;1.4517989358;0.02069409
99.425;2.1077278137;0.0014033393;1.4518016556;0.020128416
99.45;2.1077371768;0.0013644328;1.4518048759;0.019575249
99.475;2.1077479869;0.001326505;1.4518085947;0.0190358417
99.5;2.107760236;0.0012896405;1.4518128093;0.0185114201
99.525;2.1077739137;0.0012539218;1.4518175161;0.0180031806
99.55;2.1077890067;0.0012194292;1.4518227106;0.0175122871
99.575;2.1078054996;0.0011862401;1.4518283874;0.0170398681
99.6;2.1078233746;0.0011544294;1.4518345404;0.0165870132
99.625;2.1078426114;0.001124069;1.4518411626;0.0161547715
99.65;2.1078631878;0.0010952278;1.4518482462;0.0157441479
99.675;2.1078850794;0.0010679714;1.451855783;0.0153561019
99.7;2.1079082599;0.0010423617;1.4518637638;0.0149915442
99.725;2.1079327009;0.0010184576;1.4518721789;0.0146513355
99.75;2.1079583727;0.0009963137;1.451881018;0.0143362838
99.775;2.1079852435;0.0009759812;1.4518902701;0.0140471435
99.8;2.1080132803;0.0009575073;1.4518999239;0.013784613
99.825;2.1080424484;0.0009409352;1.4519099674;0.0135493338
99.85;2.1080727121;0.0009263038;1.4519203883;0.0133418888
99.875;2.1081040344;0.0009136481;1.4519311738;0.0131628018
99.9;2.1081363771;0.0009029989;1.4519423108;0.0130125358
99.925;2.1081697011;0.0008943824;1.4519537858;0.012891493
99.95;2.1082039668;0.0008878209;1.4519655851;0.012800014
99.975;2.1082391333;0.0008833321;1.4519776947;0.012738377
100;2.1082751595;0.0008809295;1.4519901004;0.0127067982
100.025;2.1083120037;0.0008806223;1.4520027878;0.0127054313
100.05;2.1083496238;0.0008824153;1.4520157424;0.0127343681
100.075;2.1083879773;0.0008863089;1.4520289496;0.012793638
100.1;2.1084270217;0.0008922995;1.4520423947;0.0128832094
100.125;2.1084667143;0.0009003792;1.4520560631;0.0130029896
100.15;2.1085070125;0.0009105358;1.45206994;0.0131528257
100.175;2.1085478736;0.0009227532;1.4520840109;0.013332506
100.2;2.1085892554;0.0009370112;1.452098261;0.0135417602
100.225;2.1086311157;0.0009532857;1.4521126759;0.0137802615
100.25;2.1086734128;0.0009715489;1.4521272412;0.0140476272
100.275;2.1087161054;0.000991769;1.4521419428;0.0143434206
100.3;2.1087591527;0.0010139108;1.4521567665;0.0146671525
100.325;2.1088025145;0.0010379357;1.4521716986;0.0150182827
100.35;2.1088461512;0.0010638016;1.4521867254;0.0153962223
100.375;2.108890024;0.0010914632;1.4522018335;0.0158003348
100.4;2.1089340946;0.0011208721;1.4522170098;0.0162299389
100.425;2.1089783258;0.0011519772;1.4522322415;0.0166843102
100.45;2.1090226811;0.0011847243;1.4522475159;0.0171626835
100.475;2.1090671248;0.0012190567;1.4522628209;0.017664255
100.5;2.1091116222;0.0012549155;1.4522781445;0.0181881845
100.525;2.1091561396;0.0012922391;1.452293475;0.0187335979
100.55;2.1092006441;0.0013309642;1.4523088012;0.0192995898
100.575;2.1092451039;0.0013710251;1.4523241122;0.0198852255
100.6;2.1092894882;0.0014123548;1.4523393972;0.0204895439
100.625;2.1093337672;0.0014548844;1.4523546461;0.0211115598
100.65;2.109377912;0.0014985437;1.4523698489;0.0217502667
100.675;2.1094218948;0.0015432612;1.4523849962;0.0224046389
100.7;2.1094656889;0.0015889645;1.4524000785;0.0230736346
100.725;2.1095092684;0.00163558;1.4524150872;0.0237561978
100.75;2.1095526087;0.0016830337;1.4524300136;0.0244512617
100.775;2.1095956857;0.001731251;1.4524448495;0.0251577503
100.8;2.1096384768;0.0017801568;1.4524595872;0.0258745815
100.825;2.10968096;0.0018296758;1.452474219;0.0266006695
100.85;2.1097231143;0.001879733;1.4524887377;0.0273349269
100.875;2.1097649197;0.0019302532;1.4525031364;0.0280762674
100.9;2.1098063568;0.0019811616;1.4525174085;0.0288236082
100.925;2.1098474074;0.002032384;1.4525315476;0.0295758718
100.95;2.1098880538;0.0020838464;1.4525455478;0.0303319888
100.975;2.1099282792;0.0021354761;1.4525594031;0.0310908996
101;2.1099680676;0.0021872009;1.4525731081;0.0318515567
101.025;2.1100074036;0.0022389498;1.4525866575;0.0326129268
101.05;2.1100462725;0.0022906529;1.4526000462;0.0333739924
101.075;2.1100846603;0.0023422416;1.4526132693;0.034133754
101.1;2.1101225534;0.0023936488;1.4526263223;0.0348912315
101.125;2.110159939;0.0024448089;1.4526392006;0.0356454663
101.15;2.1101968047;0.0024956577;1.4526519;0.0363955225
101.175;2.1102331385;0.002546133;1.4526644164;0.0371404884
101.2;2.1102689292;0.0025961743;1.4526767458;0.0378794782
101.225;2.1103041656;0.0026457231;1.4526888844;0.0386116331
101.25;2.1103388372;0.0026947227;1.4527008286;0.0393361223
101.275;2.1103729337;0.0027431187;1.4527125748;0.0400521443
101.3;2.1104064452;0.0027908587;1.4527241197;0.0407589282
101.325;2.1104393621;0.0028378923;1.4527354598;0.0414557337
101.35;2.110471675;0.0028841718;1.4527465919;0.0421418527
101.375;2.1105033751;0.0029296513;1.4527575131;0.0428166098
101.4;2.1105344534;0.0029742874;1.4527682201;0.0434793627
101.425;2.1105649014;0.0030180392;1.45277871;0.0441295026
101.45;2.1105947107;0.0030608678;1.45278898;0.0447664551
101.475;2.1106238734;0.0031027372;1.4527990273;0.04538968
101.5;2.1106523814;0.0031436132;1.4528088491;0.0459986715
101.525;2.110680227;0.0031834646;1.4528184427;0.0465929587
101.55;2.1107074028;0.0032222621;1.4528278055;0.0471721053
101.575;2.1107339014;0.0032599791;1.4528369351;0.0477357095
101.6;2.1107597158;0.0032965912;1.452845829;0.0482834041
101.625;2.1107848391;0.0033320765;1.4528544848;0.048814856
101.65;2.1108092647;0.0033664153;1.4528629002;0.0493297661
101.675;2.1108329862;0.0033995904;1.4528710731;0.0498278687
101.7;2.1108559976;0.0034315867;1.4528790012;0.0503089311
101.725;2.110878293;0.0034623913;1.4528866827;0.0507727533
101.75;2.1108998669;0.0034919936;1.4528941156;0.0512191671
101.775;2.1109207143;0.0035203853;1.4529012981;0.0516480354
101.8;2.1109408303;0.0035475597;1.4529082286;0.052059252
101.825;2.1109602106;0.0035735127;1.4529149056;0.0524527401
101.85;2.1109788513;0.0035982418;1.4529213277;0.0528284523
101.875;2.1109967489;0.0036217465;1.4529274938;0.0531863689
101.9;2.1110139005;0.0036440283;1.4529334028;0.0535264978
101.925;2.1110303037;0.0036650903;1.4529390539;0.053848873
101.95;2.1110459568;0.0036849375;1.4529444466;0.0541535538
101.975;2.1110608585;0.0037035764;1.4529495803;0.054440624
102;2.1110750085;0.0037210152;1.452954455;0.0547101907
102.025;2.111088407;0.0037372635;1.4529590707;0.0549623832
102.05;2.1111010551;0.0037523324;1.4529634278;0.0551973524
102.075;2.1111129544;0.0037662345;1.4529675269;0.055415269
102.1;2.1111241078;0.0037789833;1.4529713689;0.0556163232
102.125;2.1111345188;0.003790594;1.4529749552;0.055800723
102.15;2.1111441919;0.0038010826;1.4529782871;0.0559686937
102.175;2.1111531326;0.0038104664;1.4529813667;0.0561204765
102.2;2.1111613472;0.0038187635;1.4529841961;0.0562563274
102.225;2.1111688435;0.003825993;1.4529867779;0.0563765164
102.25;2.1111756299;0.0038321748;1.4529891152;0.0564813261
102.275;2.1111817161;0.0038373299;1.4529912112;0.0565710513
102.3;2.111187113;0.0038414795;1.4529930697;0.0566459974
102.325;2.1111918327;0.0038446459;1.4529946948;0.0567064795
102.35;2.1111958882;0.0038468517;1.452996091;0.056752822
102.375;2.111199294;0.0038481202;1.4529972634;0.0567853569
102.4;2.1112020657;0.003848475;1.4529982173;0.0568044234
102.425;2.1112042201;0.0038479402;1.4529989585;0.0568103671
102.45;2.1112057752;0.0038465402;1.4529994932;0.0568035385
102.475;2.1112067504;0.0038442998;1.4529998281;0.0567842932
102.5;2.1112071662;0.0038412438;1.4529999702;0.0567529901
102.525;2.1112070443;0.0038373975;1.4529999271;0.0567099916
102.55;2.1112064077;0.003832786;1.4529997065;0.0566556619
102.575;2.1112052805;0.0038274347;1.452999317;0.0565903675
102.6;2.111203688;0.003821369;1.4529987671;0.0565144753
102.625;2.1112016568;0.0038146143;1.452998066;0.0564283532
102.65;2.1111992143;0.0038071959;1.4529972232;0.0563323686
102.675;2.1111963893;0.0037991393;1.4529962486;0.0562268884
102.7;2.1111932114;0.0037904695;1.4529951523;0.0561122784
102.725;2.1111897112;0.0037812117;1.452993945;0.0559889027
102.75;2.1111859205;0.0037713908;1.4529926375;0.0558571236
102.775;2.1111818715;0.0037610315;1.452991241;0.0557173009
102.8;2.1111775976;0.0037501583;1.452989767;0.0555697916
102.825;2.1111731328;0.0037387955;1.4529882271;0.0554149497
102.85;2.1111685117;0.0037269671;1.4529866333;0.055253126
102.875;2.1111637696;0.003714697;1.4529849977;0.0550846675
102.9;2.1111589423;0.0037020087;1.4529833327;0.0549099176
102.925;2.1111540659;0.0036889253;1.4529816507;0.0547292157
102.95;2.111149177;0.0036754698;1.4529799643;0.0545428967
102.975;2.1111443123;0.0036616647;1.4529782862;0.0543512914
103;2.1111395087;0.0036475324;1.4529766289;0.0541547263
103.025;2.1111348032;0.0036330947;1.4529750054;0.053953523
103.05;2.1111302327;0.0036183732;1.4529734282;0.0537479987
103.075;2.1111258339;0.0036033893;1.4529719101;0.0535384658
103.1;2.1111216433;0.0035881638;1.4529704636;0.053325232
103.125;2.111117697;0.0035727173;1.452969101;0.0531086001
103.15;2.1111140306;0.0035570701;1.4529678348;0.0528888683
103.175;2.1111106791;0.0035412421;1.4529666769;0.0526663299
103.2;2.111107677;0.0035252528;1.4529656392;0.0524412732
103.225;2.1111050577;0.0035091213;1.4529647332;0.0522139819
103.25;2.1111028538;0.0034928667;1.4529639702;0.051984735
103.275;2.1111010971;0.0034765073;1.452963361;0.0517538065
103.3;2.1110998178;0.0034600614;1.4529629161;0.0515214659
103.325;2.1110990453;0.0034435469;1.4529626456;0.0512879779
103.35;2.1110988076;0.0034269812;1.4529625592;0.0510536024
103.375;2.1110991309;0.0034103816;1.4529626658;0.0508185951
103.4;2.1111000404;0.0033937649;1.4529629742;0.0505832066
103.425;2.1111015594;0.0033771477;1.4529634923;0.0503476832
103.45;2.1111037093;0.0033605461;1.4529642276;0.0501122669
103.475;2.1111065101;0.0033439762;1.4529651869;0.0498771947
103.5;2.1111099798;0.0033274535;1.4529663764;0.0496426995
103.525;2.1111141341;0.0033109932;1.4529678016;0.0494090097
103.55;2.1111189872;0.0032946103;1.4529694672;0.0491763492
103.575;2.1111245509;0.0032783195;1.4529713774;0.0489449374
103.6;2.111130835;0.0032621351;1.4529735356;0.0487149895
103.625;2.1111378469;0.0032460712;1.4529759443;0.048486716
103.65;2.111145592;0.0032301413;1.4529786053;0.0482603234
103.675;2.1111540732;0.0032143591;1.4529815197;0.0480360132
103.7;2.1111632913;0.0031987374;1.4529846878;0.0478139829
103.725;2.1111732446;0.0031832892;1.4529881089;0.0475944254
103.75;2.1111839292;0.0031680268;1.4529917817;0.0473775288
103.775;2.1111953387;0.0031529624;1.452995704;0.0471634773
103.8;2.1112074643;0.0031381079;1.4529998728;0.0469524498
103.825;2.1112202952;0.0031234746;1.4530042844;0.0467446211
103.85;2.1112338177;0.0031090739;1.453008934;0.046540161
103.875;2.1112480163;0.0030949166;1.4530138164;0.0463392348
103.9;2.1112628729;0.0030810131;1.4530189252;0.0461420028
103.925;2.1112783673;0.0030673738;1.4530242536;0.0459486208
103.95;2.1112944771;0.0030540083;1.4530297937;0.0457592394
103.975;2.1113111776;0.0030409262;1.4530355373;0.0455740045
104;2.1113284422;0.0030281368;1.453041475;0.0453930567
104.025;2.1113462421;0.0030156487;1.4530475969;0.045216532
104.05;2.1113645468;0.0030034706;1.4530538927;0.045044561
104.075;2.1113833238;0.0029916105;1.4530603509;0.0448772693
104.1;2.1114025387;0.0029800761;1.45306696;0.0447147771
104.125;2.1114221558;0.002968875;1.4530737075;0.0445571999
104.15;2.1114421374;0.0029580141;1.4530805805;0.0444046474
104.175;2.1114624447;0.0029475002;1.4530875656;0.0442572244
104.2;2.1114830374;0.0029373396;1.453094649;0.0441150305
104.225;2.1115038739;0.0029275383;1.4531018163;0.0439781599
104.25;2.1115249116;0.0029181019;1.453109053;0.0438467015
104.275;2.111546107;0.0029090358;1.4531163439;0.0437207392
104.3;2.1115674155;0.0029003449;1.4531236738;0.0436003516
104.325;2.1115887922;0.0028920338;1.4531310273;0.0434856123
104.35;2.1116101912;0.0028841066;1.4531383885;0.0433765898
104.375;2.1116315665;0.0028765675;1.4531457415;0.0432733476
104.4;2.1116528716;0.0028694198;1.4531530705;0.0431759445
104.425;2.11167406;0.0028626671;1.4531603594;0.0430844344
104.45;2.1116950851;0.0028563121;1.4531675922;0.0429988668
104.475;2.1117159004;0.0028503576;1.4531747528;0.0429192867
104.5;2.11173646;0.002844806;1.4531818255;0.0428457348
104.525;2.111756718;0.0028396593;1.4531887945;0.0427782479
104.55;2.1117766293;0.0028349196;1.4531956443;0.0427168588
104.575;2.1117961496;0.0028305883;1.4532023597;0.0426615968
104.6;2.1118152352;0.002826667;1.4532089255;0.0426124881
104.625;2.1118338436;0.0028231568;1.4532153272;0.0425695555
104.65;2.1118519334;0.0028200587;1.4532215505;0.0425328193
104.675;2.1118694642;0.0028173737;1.4532275816;0.0425022973
104.7;2.1118863972;0.0028151024;1.453233407;0.0424780055
104.725;2.1119026949;0.0028132455;1.453239014;0.0424599579
104.75;2.1119183217;0.0028118034;1.4532443902;0.0424481674
104.775;2.1119332433;0.0028107768;1.4532495238;0.042442646
104.8;2.1119474273;0.002810166;1.4532544038;0.0424434054
104.825;2.1119608434;0.0028099715;1.4532590196;0.0424504569
104.85;2.111973463;0.0028101937;1.4532633615;0.0424638127
104.875;2.1119852597;0.0028108333;1.4532674203;0.0424834859
104.9;2.111996209;0.0028118909;1.4532711877;0.0425094907
104.925;2.1120062888;0.0028133672;1.453274656;0.0425418437
104.95;2.1120154791;0.0028152631;1.4532778183;0.0425805638
104.975;2.1120237622;0.0028175799;1.4532806687;0.0426256729
105;2.1120311228;0.0028203189;1.4532832017;0.0426771967
105.025;2.1120375476;0.0028234818;1.4532854129;0.0427351647
105.05;2.112043026;0.0028270705;1.4532872985;0.0427996113
105.075;2.1120475495;0.0028310872;1.4532888558;0.0428705761
105.1;2.1120511122;0.0028355348;1.4532900825;0.0429481046
105.125;2.1120537104;0.0028404163;1.4532909775;0.0430322486
105.15;2.1120553426;0.0028457352;1.4532915403;0.0431230667
105.175;2.1120560098;0.0028514957;1.4532917712;0.0432206253
105.2;2.1120557152;0.0028577023;1.4532916713;0.0433249986
105.225;2.1120544643;0.0028643602;1.4532912425;0.0434362693
105.25;2.1120522645;0.002871475;1.4532904873;0.0435545295
105.275;2.1120491256;0.0028790532;1.4532894091;0.0436798805
105.3;2.1120450593;0.0028871017;1.453288012;0.043812434
105.325;2.1120400793;0.0028956284;1.4532863007;0.0439523121
105.35;2.1120342012;0.0029046415;1.4532842805;0.0440996476
105.375;2.1120274424;0.0029141503;1.4532819574;0.044254585
105.4;2.112019822;0.0029241648;1.453279338;0.0444172805
105.425;2.1120113607;0.0029346955;1.4532764294;0.0445879022
105.45;2.1120020806;0.0029457541;1.4532732392;0.0447666305
105.475;2.1119920054;0.0029573528;1.4532697756;0.0449536586
105.5;2.1119811599;0.0029695049;1.4532660471;0.0451491926
105.525;2.1119695701;0.0029822243;1.4532620627;0.0453534512
105.55;2.1119572632;0.0029955259;1.4532578317;0.0455666666
105.575;2.1119442671;0.0030094254;1.4532533637;0.045789084
105.6;2.1119306107;0.0030239395;1.4532486687;0.0460209617
105.625;2.1119163234;0.0030390853;1.4532437568;0.0462625712
105.65;2.1119014352;0.0030548814;1.4532386383;0.046514197
105.675;2.1118859766;0.0030713466;1.4532333237;0.0467761363
105.7;2.1118699783;0.0030885008;1.4532278237;0.0470486991
105.725;2.1118534713;0.0031063648;1.4532221487;0.0473322074
105.75;2.1118364865;0.00312496;1.4532163096;0.0476269953
105.775;2.1118190549;0.0031443084;1.4532103169;0.0479334082
105.8;2.1118012072;0.003164433;1.4532041813;0.0482518025
105.825;2.111782974;0.0031853572;1.4531979133;0.0485825448
105.85;2.1117643852;0.0032071051;1.4531915231;0.0489260113
105.875;2.1117454705;0.0032297014;1.453185021;0.0492825873
105.9;2.1117262588;0.0032531713;1.453178417;0.0496526658
105.925;2.1117067785;0.0032775404;1.4531717208;0.0500366473
105.95;2.1116870571;0.0033028346;1.453164942;0.0504349382
105.975;2.1116671214;0.0033290803;1.4531580896;0.05084795
106;2.111646997;0.003356304;1.4531511727;0.0512760984
106.025;2.1116267089;0.0033845323;1.4531441997;0.0517198016
106.05;2.1116062808;0.0034137921;1.4531371789;0.0521794793
106.075;2.1115857355;0.00344411;1.453130118;0.0526555512
106.1;2.1115650944;0.0034755127;1.4531230246;0.0531484359
106.125;2.1115443781;0.0035080265;1.4531159056;0.0536585488
106.15;2.1115236059;0.0035416775;1.4531087678;0.0541863012
106.175;2.1115027958;0.0035764915;1.4531016173;0.0547320979
106.2;2.1114819647;0.0036124935;1.45309446;0.0552963364
106.225;2.1114611283;0.003649708;1.4530873014;0.0558794041
106.25;2.1114403013;0.0036881587;1.4530801464;0.0564816775
106.275;2.111419497;0.0037278685;1.4530729997;0.0571035194
106.3;2.1113987276;0.0037688591;1.4530658655;0.0577452777
106.325;2.1113780045;0.0038111512;1.4530587477;0.0584072831
106.35;2.1113573377;0.0038547641;1.4530516498;0.059089847
106.375;2.1113367364;0.003899716;1.4530445751;0.0597932596
106.4;2.111316209;0.0039460232;1.4530375263;0.0605177877
106.425;2.1112957628;0.0039937005;1.453030506;0.0612636731
106.45;2.1112754044;0.0040427609;1.4530235166;0.0620311295
106.475;2.1112551397;0.0040932153;1.45301656;0.0628203413
106.5;2.1112349741;0.0041450729;1.4530096382;0.0636314611
106.525;2.1112149123;0.0041983402;1.4530027528;0.0644646074
106.55;2.1111949587;0.0042530216;1.4529959052;0.0653198628
106.575;2.1111751172;0.004309119;1.452989097;0.0661972716
106.6;2.1111553917;0.0043666317;1.4529823294;0.0670968379
106.625;2.1111357856;0.0044255562;1.4529756037;0.0680185233
106.65;2.1111163026;0.0044858861;1.4529689211;0.0689622453
106.675;2.1110969463;0.004547612;1.4529622829;0.0699278749
106.7;2.1110777206;0.0046107214;1.4529556903;0.0709152348
106.725;2.1110586293;0.0046751985;1.4529491449;0.0719240976
106.75;2.1110396771;0.0047410243;1.4529426482;0.0729541841
106.775;2.1110208688;0.004808176;1.4529362018;0.0740051612
106.8;2.1110022097;0.0048766277;1.4529298077;0.0750766407
106.825;2.1109837061;0.0049463494;1.4529234679;0.0761681773
106.85;2.1109653646;0.0050173075;1.4529171848;0.0772792678
106.875;2.1109471929;0.0050894647;1.452910961;0.078409349
106.9;2.1109291994;0.0051627797;1.4529047994;0.0795577973
106.925;2.1109113935;0.005237207;1.4528987033;0.0807239266
106.95;2.1108937856;0.0053126975;1.4528926761;0.0819069885
106.975;2.1108763869;0.0053891977;1.4528867219;0.0831061706
107;2.11085921;0.0054666501;1.4528808449;0.0843205963
107.025;2.1108422683;0.005544993;1.4528750496;0.0855493241
107.05;2.1108255763;0.0056241605;1.4528693412;0.0867913475
107.075;2.1108091497;0.0057040827;1.4528637249;0.0880455944
107.1;2.1107930051;0.0057846854;1.4528582066;0.0893109273
107.125;2.1107771603;0.0058658903;1.4528527921;0.090586144
107.15;2.1107616338;0.005947615;1.4528474881;0.091869977
107.175;2.1107464454;0.0060297729;1.452842301;0.0931610948
107.2;2.1107316154;0.0061122735;1.4528372381;0.0944581028
107.225;2.110717165;0.0061950225;1.4528323064;0.0957595433
107.25;2.1107031161;0.0062779213;1.4528275136;0.0970638979
107.275;2.1106894909;0.006360868;1.4528228671;0.0983695882
107.3;2.1106763122;0.0064437567;1.4528183748;0.0996749774
107.325;2.110663603;0.0065264781;1.4528140446;0.1009783722
107.35;2.1106513863;0.0066089194;1.4528098842;0.1022780253
107.375;2.1106396849;0.0066909647;1.4528059016;0.1035721369
107.4;2.1106285214;0.0067724949;1.4528021043;0.1048588577
107.425;2.1106179179;0.0068533879;1.4527984999;0.1061362917
107.45;2.1106078955;0.0069335191;1.4527950956;0.1074024984
107.475;2.1105984744;0.0070127611;1.4527918982;0.1086554968
107.5;2.1105896735;0.0070909844;1.4527889142;0.1098932684
107.525;2.11058151;0.0071680574;1.4527861495;0.1111137605
107.55;2.1105739995;0.0072438465;1.4527836092;0.1123148905
107.575;2.1105671552;0.0073182169;1.4527812977;0.1134945493
107.6;2.1105609879;0.0073910321;1.4527792188;0.1146506061
107.625;2.1105555055;0.0074621548;1.452777375;0.1157809121
107.65;2.1105507127;0.007531447;1.4527757678;0.1168833056
107.675;2.110546611;0.0075987702;1.4527743977;0.1179556166
107.7;2.1105431977;0.0076639857;1.4527732635;0.1189956712
107.725;2.1105404661;0.0077269552;1.4527723629;0.1200012975
107.75;2.1105384048;0.0077875409;1.4527716918;0.12097033
107.775;2.1105369974;0.0078456059;1.4527712444;0.1219006155
107.8;2.1105362223;0.0079010144;1.4527710132;0.1227900183
107.825;2.1105360521;0.0079536325;1.4527709887;0.1236364258
107.85;2.1105364534;0.0080033279;1.4527711591;0.1244377541
107.875;2.1105373862;0.0080499709;1.4527715106;0.125191954
107.9;2.1105388037;0.0080934344;1.4527720271;0.1258970166
107.925;2.1105406519;0.0081335943;1.4527726898;0.1265509793
107.95;2.1105428693;0.0081703301;1.4527734774;0.1271519317
107.975;2.1105453864;0.0082035251;1.4527743658;0.1276980215
108;2.1105481255;0.0082330667;1.4527753283;0.1281874607
108.025;2.1105510001;0.0082588469;1.452776335;0.1286185311
108.05;2.1105539149;0.0082807627;1.4527773529;0.1289895907
108.075;2.1105567653;0.0082987166;1.4527783461;0.1292990791
108.1;2.1105594373;0.0083126164;1.4527792751;0.1295455238
108.125;2.110561807;0.0083223763;1.4527800973;0.1297275457
108.15;2.1105637402;0.0083279168;1.4527807664;0.1298438644
108.175;2.1105650927;0.008329165;1.4527812327;0.1298933041
108.2;2.1105657095;0.0083260554;1.4527814429;0.1298747991
108.225;2.1105654252;0.0083185297;1.45278134;0.1297873983
108.25;2.1105640631;0.0083065373;1.4527808631;0.1296302708
108.275;2.1105614357;0.0082900358;1.4527799476;0.1294027104
108.3;2.1105573442;0.0082689909;1.4527785253;0.1291041404
108.325;2.1105515786;0.008243377;1.4527765237;0.1287341177
108.35;2.1105439176;0.0082131774;1.4527738668;0.1282923368
108.375;2.1105341285;0.0081783844;1.4527704744;0.1277786339
108.4;2.1105219672;0.0081389996;1.4527662627;0.1271929901
108.425;2.1105071782;0.008095034;1.4527611437;0.1265355346
108.45;2.110489495;0.0080465083;1.4527550257;0.1258065476
108.475;2.1104686396;0.007993453;1.4527478131;0.1250064626
108.5;2.1104443231;0.0079359085;1.4527394066;0.1241358689
108.525;2.1104162456;0.0078739254;1.452729703;0.1231955127
108.55;2.1103840965;0.0078075642;1.4527185955;0.1221862988
108.575;2.1103475548;0.0077368956;1.4527059737;0.1211092916
108.6;2.1103062892;0.0076620004;1.4526917236;0.1199657152
108.625;2.1102599584;0.0075829698;1.4526757279;0.1187569537
108.65;2.1102082114;0.0074999049;1.4526578659;0.1174845509
108.675;2.1101506881;0.007412917;1.4526380136;0.1161502091
108.7;2.1100870194;0.0073221273;1.4526160441;0.1147557879
108.725;2.1100168277;0.007227667;1.4525918274;0.1133033027
108.75;2.1099397274;0.0071296768;1.452565231;0.111794922
108.775;2.1098553251;0.007028307;1.4525361194;0.1102329651
108.8;2.1097632207;0.0069237173;1.452504355;0.1086198988
108.825;2.1096630073;0.0068160764;1.4524697975;0.1069583334
108.85;2.1095542719;0.0067055617;1.452432305;0.1052510188
108.875;2.1094365962;0.0065923592;1.4523917332;0.1035008404
108.9;2.1093095571;0.0064766631;1.4523479365;0.101710813
108.925;2.1091727272;0.0063586752;1.4523007676;0.0998840762
108.95;2.1090256755;0.006238605;1.452250078;0.0980238883
108.975;2.108867968;0.0061166686;1.4521957179;0.0961336194
109;2.1086991684;0.0059930891;1.4521375371;0.0942167453
109.025;2.1085188391;0.0058680954;1.4520753844;0.09227684
109.05;2.1083265412;0.005741922;1.4520091083;0.0903175681
109.075;2.1081218358;0.0056148086;1.4519385574;0.0883426769
109.1;2.1079042845;0.0054869993;1.4518635801;0.0863559885
109.125;2.10767345;0.0053587423;1.4517840253;0.0843613906
109.15;2.1074288971;0.0052302891;1.4516997425;0.0823628281
109.175;2.1071701933;0.0051018941;1.4516105819;0.0803642936
109.2;2.1068969093;0.0049738139;1.4515163949;0.0783698184
109.225;2.1066086201;0.0048463066;1.4514170343;0.0763834623
109.25;2.1063049055;0.0047196314;1.4513123542;0.0744093045
109.275;2.1059853508;0.0045940475;1.4512022107;0.0724514329
109.3;2.1056495478;0.0044698141;1.4510864619;0.0705139346
109.325;2.105297095;0.0043471892;1.4509649683;0.068600885
109.35;2.1049275989;0.0042264292;1.4508375927;0.0667163382
109.375;2.104540674;0.0041077881;1.4507042009;0.0648643162
109.4;2.1041359441;0.0039915169;1.4505646615;0.0630487987
109.425;2.1037130427;0.003877863;1.4504188463;0.0612737129
109.45;2.1032716136;0.0037670694;1.4502666308;0.059542923
109.475;2.1028113115;0.0036593743;1.4501078937;0.0578602202
109.5;2.1023318026;0.00355501;1.449942518;0.0562293126
109.525;2.1018327657;0.0034542028;1.4497703904;0.0546538154
109.55;2.1013138917;0.0033571722;1.4495914019;0.0531372413
109.575;2.1007748852;0.0032641299;1.4494054482;0.0516829904
109.6;2.1002154646;0.0031752799;1.4492124291;0.0502943419
109.625;2.0996353623;0.0030908175;1.4490122497;0.0489744447
109.65;2.0990343256;0.0030109287;1.4488048196;0.0477263087
109.675;2.0984121173;0.0029357902;1.4485900538;0.0465527967
109.7;2.0977685153;0.0028655682;1.4483678724;0.0454566164
109.725;2.097103314;0.0028004184;1.4481382009;0.0444403131
109.75;2.0964163238;0.0027404854;1.4479009702;0.0435062625
109.775;2.0957073722;0.0026859025;1.4476561169;0.0426566639
109.8;2.0949763035;0.0026367909;1.4474035834;0.0418935342
109.825;2.0942229794;0.0025932598;1.4471433178;0.0412187024
109.85;2.0934472791;0.002555406;1.4468752741;0.0406338042
109.875;2.0926490995;0.0025233132;1.4465994125;0.0401402776
109.9;2.0918283558;0.0024970523;1.4463156989;0.0397393585
109.925;2.090984981;0.0024766812;1.4460241057;0.0394320774
109.95;2.0901189264;0.002462244;1.4457246113;0.0392192565
109.975;2.0892301619;0.0024537716;1.4454172001;0.0391015072
110;2.0883186754;0.0024512813;1.4451018631;0.0390792285
