,freq,alpha_0deg,alpha_err_0deg,alpha_180deg,alpha_err_180deg,alpha_90deg,alpha_err_90deg
0,297997069000.0,-1.20598675,0.19168169,0.685148087,0.149541962,-0.0302383284,0.192259288
1,302882267000.0,0.943371026,0.179795898,-1.08630517,0.146606705,0.497653935,0.195442026
2,307767465000.0,0.6462952,0.114766922,0.320257143,0.0664727646,0.516342525,0.0935652109
3,312652662000.0,-0.684126532,0.204425496,0.505313122,0.161294515,0.0204304774,0.166605781
4,317537860000.0,1.3813672,0.136670972,1.28845619,0.158186231,1.25102233,0.157660231
5,322423058000.0,0.620570575,0.205173789,0.133503311,0.158905467,0.335358323,0.212871623
6,327308256000.0,-0.138956665,0.19660216,0.511334504,0.0667695105,0.294538421,0.180286649
7,332193454000.0,1.46182078,0.208629747,1.05046654,0.111516813,1.23463836,0.196473461
8,337078652000.0,0.735463408,0.220504737,0.152195022,0.163888242,0.292020499,0.232362801
9,341963850000.0,0.0648349442,0.222580181,0.512403914,0.172656817,0.423180661,0.19505087
10,346849047000.0,1.24181688,0.183163441,1.27749204,0.164080124,1.0140685,0.233370401
11,351734245000.0,0.744441593,0.204212172,0.114796771,0.119020499,0.217931395,0.184533137
12,356619443000.0,0.283601304,0.203493274,0.479425934,0.157176096,0.509337302,0.241106514
13,361504641000.0,0.93493265,0.228444751,1.18347736,0.177472144,0.789525565,0.11688192
14,366389839000.0,0.635981046,0.214443318,-0.214605117,0.176841409,-0.217249304,0.210318638
15,371275037000.0,0.481693986,0.174017487,0.397458198,0.160481569,0.523938894,0.247327898
16,376160234000.0,-0.16357924,0.240657086,0.993282445,0.112722736,-0.0132850754,0.251485673
17,381045432000.0,0.920405617,0.22991439,-1.44072528,0.155485725,-0.0648879298,0.253258391
18,385930630000.0,0.627685568,0.240090943,0.376682176,0.193265877,0.570946845,0.135373725
19,390815828000.0,-1.2490744,0.162083916,0.834349642,0.19379373,-0.0514356157,0.264602741
20,395701026000.0,1.3112674,0.193793704,-1.65750858,0.453860948,0.75299497,0.253084863
21,400586224000.0,0.604854225,0.261018352,0.251556961,0.0741293852,0.478917768,0.243103239
22,405471422000.0,-0.976535234,0.0847760608,0.719383059,0.195297655,0.160459046,0.0785338342
23,410356619000.0,1.54733348,0.262159895,-1.71889779,0.998829047,1.17347779,0.179648048
24,415241817000.0,0.694091602,0.219849561,0.194707599,0.211401805,0.442720625,0.27672006
25,420127015000.0,-0.27983462,0.250912423,0.705634466,0.0726325565,0.390606563,0.272714476
26,425012213000.0,1.62272934,0.255469002,1.58876875,0.174970991,1.3566067,0.28151632
27,429897411000.0,0.760852087,0.0661394496,0.0696990062,0.221174578,0.307608989,0.189231124
28,434782609000.0,0.0102000715,0.282213682,0.607705942,0.216927105,0.457075104,0.284308472
29,439667807000.0,1.36807206,0.137538186,1.48961538,0.17448094,1.17547212,0.29687191
30,444553004000.0,0.855125992,0.22705981,0.00136566166,0.0742064987,0.209851102,0.270226247
31,449438202000.0,0.257543572,0.255689095,0.556176555,0.224401465,0.557656806,0.23595404
32,454323400000.0,0.74041581,0.258635053,1.39074661,0.203642623,0.74763426,0.155228142
33,459208598000.0,0.824325092,0.29588375,-0.309244359,0.228865745,-0.0905154202,0.278276421
34,464093796000.0,0.444475619,0.209066071,0.490517721,0.149172765,0.599029061,0.31264663
35,468978994000.0,0.117427261,0.286957131,1.26716552,0.203787841,0.306262404,0.3160037
36,473864191000.0,1.00676675,0.276925281,-0.879024761,0.228264484,-0.282046869,0.286302549
37,478749389000.0,0.565628274,0.291636964,0.378140985,0.21967414,0.58029363,0.200772209
38,483634587000.0,-0.850392335,0.295136054,0.975763209,0.220360718,0.00582153149,0.294463188
39,488519785000.0,1.33222951,0.222783609,-1.86244296,0.145559634,0.50069519,0.33111241
40,493404983000.0,0.639428548,0.303862869,0.294096639,0.185431391,0.545927543,0.335906971
41,498290181000.0,-2.00223375,0.321540753,0.928494478,0.181728476,0.273799469,0.174436611
42,503175379000.0,1.34252528,0.322240532,-2.1076961,0.528971848,0.861908677,0.257801364
43,508060576000.0,0.744361275,0.31904082,0.178937317,0.241500062,0.482878014,0.334665262
44,512945774000.0,-2.14862223,1.70904105,0.81614074,0.187523724,0.415343467,0.343780803
45,517830972000.0,1.52027872,0.261864189,-2.1690853,1.35803627,1.19288901,0.314305679
46,522716170000.0,0.865831256,0.328815409,0.0489472362,0.250521029,0.37995466,0.06370376
47,527601368000.0,-0.160778503,0.143549751,0.699281448,0.256236701,0.492219651,0.331295433
48,532486566000.0,1.43912418,0.325664526,1.69182082,0.198301738,1.18011614,0.310812274
49,537371764000.0,0.910566283,0.344181076,-0.12109031,0.0954891131,0.231186144,0.364351419
50,542256961000.0,0.0861172517,0.249364394,0.599022866,0.247506223,0.560006736,0.216460191
51,547142159000.0,1.18591,0.343247179,1.62027713,0.233409214,1.00793016,0.333696076
52,552027357000.0,0.89421568,0.241726696,-0.482096438,0.273626014,-0.0608481629,0.370290359
53,556912555000.0,0.349616229,0.351613044,0.531960991,0.1698408,0.630136668,0.343754699
54,561797753000.0,0.247893511,0.176936821,1.33889324,0.273598077,0.315191491,0.358437848
55,566682951000.0,1.08826944,0.240535882,-0.892930107,0.275705113,-0.180614018,0.235424209
56,571568149000.0,0.559632496,0.347084719,0.454011927,0.254935177,0.650469198,0.37392215
57,576453346000.0,-0.451659605,0.249019609,1.20891769,0.252312154,0.167182512,0.239231838
58,581338544000.0,1.25759313,0.364210659,-1.88564501,0.145281978,0.10307403,0.371861116
59,586223742000.0,0.686487553,0.193407771,0.331735526,0.282277724,0.610114159,0.366137984
60,591108940000.0,-1.24033927,0.378504051,1.09261724,0.179113094,0.327969744,0.365134604
61,595994138000.0,1.43680737,0.35501485,-2.45593012,0.280271534,0.644605409,0.400068582
62,600879336000.0,0.82602652,0.213778772,0.247887301,0.248090377,0.595531888,0.313497846
63,605764533000.0,-2.53742054,0.488645395,0.929342366,0.285615918,0.441703964,0.406392605
64,610649731000.0,1.56228279,0.243627822,-2.55788361,0.829158297,0.972702516,0.36095675
65,615534929000.0,0.914298604,0.387936055,0.115914647,0.238117449,0.516946326,0.315589211
66,620420127000.0,-2.59880975,1.98681289,0.817728704,0.299146847,0.536963124,0.228149725
67,625305325000.0,1.8374091,0.393812253,1.90545108,0.23139271,1.40567937,0.33531703
68,630190523000.0,0.949231191,0.405848772,-0.159718037,0.25002875,0.315985917,0.420215976
69,635075721000.0,0.0183238466,0.398829165,0.757524081,0.182360937,0.668035854,0.379053732
70,639960918000.0,1.28533411,0.360508656,1.67740075,0.288069513,0.99260272,0.419274617
71,644846116000.0,1.09578469,0.37545289,-0.400742526,0.311011485,0.19246154,0.340427689
72,649731314000.0,0.308115346,0.36334243,0.661399261,0.267275456,0.723380002,0.413838675
73,654616512000.0,0.545445263,0.409767596,1.54695626,0.27971137,0.550894759,0.430482334
74,659501710000.0,1.27109712,0.394011685,-0.850028055,0.267370313,0.0443761162,0.323424446
75,664386908000.0,0.498024357,0.321408451,0.544059717,0.310611521,0.723715305,0.385968309
76,669272106000.0,-0.127490728,0.430768527,1.38388943,0.303071507,0.265497002,0.298206701
77,674157303000.0,1.46602172,0.389935257,-1.80159469,0.239835183,-2.75784065,0.431294501
78,679042501000.0,0.696373557,0.423422805,0.473985411,0.298957191,0.761570018,0.436499208
79,683927699000.0,-2.78810267,0.275570534,1.26301107,0.262254826,0.354325513,0.453688032
80,688812897000.0,1.67128074,0.308987171,-2.4439039,0.33275718,0.607919911,0.373737348
81,693698095000.0,0.904413033,0.445803299,0.419788482,0.2743545,0.797723834,0.310365021
82,698583293000.0,-2.08250967,0.148554239,1.15808286,0.328267175,0.519770421,0.46834366
83,703468490000.0,1.95303566,0.441819387,-2.77209074,0.237977897,1.23724865,0.446270536
84,708353688000.0,1.07597224,0.338061249,0.285777893,0.262460996,0.743487307,0.478932535
85,713238886000.0,-2.86670781,0.420145849,1.11243739,0.341773162,0.720660638,0.134310106
86,718124084000.0,2.05434546,0.422512124,2.04392614,0.310352308,1.49833901,0.446921416
87,723009282000.0,1.2446044,0.0816745867,0.104848786,0.350154654,0.66411413,0.491729822
88,727894480000.0,-0.122176548,0.472131918,1.0361311,0.140839715,0.862305896,0.493369005
89,732779678000.0,-3.06946034,1.54237221,2.11603613,0.352834899,1.44025818,0.369535727
90,737664875000.0,1.43575992,0.401832577,-0.115757938,0.340064653,0.617007717,0.105067656
91,742550073000.0,0.295166821,0.420741933,0.961187098,0.363488495,0.961582082,0.497410823
92,747435271000.0,-3.13084954,0.716210989,2.07181784,0.186022771,1.2978286,0.4920652
93,752320469000.0,1.5423628,0.483021883,-0.758742509,0.209978779,0.39977243,0.498018491
94,757205667000.0,0.562842485,0.362749801,0.825836731,0.376713718,0.974496141,0.222103246
95,762090865000.0,0.933064395,0.452652315,1.90931584,0.370183648,1.02839009,0.478544688
96,766976063000.0,1.65705693,0.438937764,-1.93269282,0.357965819,0.250870401,0.519942387
97,771861260000.0,0.820466985,0.489226543,0.726489546,0.183656679,1.01667564,0.514172133
98,776746458000.0,0.143636705,0.485958285,1.7314513,0.358621718,0.84676368,0.45210617
99,781631656000.0,1.81637542,0.385705524,-2.5831091,0.388647723,0.635457471,0.223983656
100,786516854000.0,1.03380306,0.457950064,0.595150545,0.36706709,1.00261467,0.494727173
101,791402052000.0,-2.71074926,0.507855268,1.574322,0.281030847,0.885953186,0.444185986
102,796287250000.0,-3.33548023,1.7639638,-2.9093501,0.135922984,1.19798334,0.539050704
103,801172447000.0,1.16685509,0.496333061,0.383019717,0.345864932,0.902259593,0.477306887
104,806057645000.0,-1.76652399,0.470447038,1.41776331,0.389174734,0.969595021,0.457197037
105,810942843000.0,2.17076618,0.389086418,2.26839245,0.400905819,1.4930949,0.544290432
106,815828041000.0,1.32127255,0.520380738,0.182134535,0.347913041,0.839266342,0.491185547
107,820713239000.0,-3.04615429,0.148130823,1.29250633,0.284980702,1.0597199,0.547884818
108,825598437000.0,2.12299452,0.500013741,2.37563331,0.417417132,1.59987151,0.400946591
109,830483635000.0,1.45502885,0.515644697,-0.108691791,0.402977919,0.734126713,0.376991351
110,835368832000.0,-3.49918478,0.560375962,1.17298517,0.396787919,1.11050814,0.36826513
111,840254030000.0,1.91789415,0.528780155,2.37908179,0.100302419,1.60888719,0.505128066
112,845139228000.0,1.58442461,0.253506495,-0.689768269,0.231685149,0.546201337,0.566519742
113,850024426000.0,0.515438357,0.537605846,1.03105364,0.41371021,1.14487628,0.451920363
114,854909624000.0,1.46360476,0.334630862,2.24635954,0.420947996,1.42197445,0.548625855
115,859794822000.0,1.75822148,0.342220026,-1.80356004,0.416714974,-3.06023808,0.454058417
116,864680020000.0,0.8117189,0.529472114,0.900044745,0.110604685,1.1749436,0.555884039
117,869565217000.0,0.853405365,0.426602359,2.09806505,0.421235255,1.24265109,0.570940127
118,874450415000.0,1.95627955,0.550470976,1.13847938,0.429733161,0.545369117,0.445741367
119,879335613000.0,1.07345434,0.358663509,0.78607491,0.442501211,1.19719568,0.524299975
120,884220811000.0,0.142161183,0.561796826,1.89703577,0.243090243,1.17919336,0.409187311
121,889106009000.0,2.08384856,0.548672257,-2.93362133,0.157838676,0.944620522,0.581118634
122,893991207000.0,1.22456138,0.447954282,0.588089229,0.443120973,1.13271411,0.559095634
123,898876404000.0,-2.70190086,0.556512938,1.73958387,0.415489493,1.22510106,0.596158626
124,903761602000.0,-3.58906448,0.416450008,2.31468037,0.444745836,1.3435802,0.455142919
125,908646800000.0,1.33767855,0.581148454,0.304459939,0.230680612,1.0107577,0.423342759
126,913531998000.0,-0.833472966,0.580209275,1.57783827,0.435148458,1.24704939,0.616569554
127,918417196000.0,-3.5193521,0.582503594,2.52700045,0.425755282,1.62256073,0.577286258
128,923302394000.0,1.49592955,0.568162361,-0.00901256417,0.441134486,0.88851517,0.619509207
129,928187592000.0,-0.0871762011,0.593851837,1.40377737,0.373802998,1.26547407,0.168038124
130,933072789000.0,-3.4481024,0.456550507,2.51431188,0.260097824,1.66600196,0.607436545
131,937957987000.0,1.65635949,0.59391836,-0.476637125,0.419275428,-3.68040421,0.637735447
132,942843185000.0,0.319621805,0.422627282,1.23909072,0.384288829,1.29578632,0.641186746
133,947728383000.0,1.86598539,0.543799054,2.47470413,0.460116179,1.60709202,0.418484342
134,952613581000.0,1.78544979,0.610085884,-1.39458066,0.385129475,0.599058686,0.138104902
135,957498779000.0,0.685869509,0.305912127,1.13242133,0.379950422,1.35172228,0.644546787
136,962383977000.0,1.40217656,0.614608897,2.33008074,0.372289638,1.4548765,0.640724308
137,967269174000.0,1.94899383,0.448087504,-2.28438435,0.408750487,0.499503474,0.65367773
138,972154372000.0,0.977706269,0.576493168,1.00480374,0.466942513,1.36490499,0.269251924
139,977039570000.0,0.869888906,0.459184006,2.19944673,0.376559038,1.40973929,0.635871458
140,981924768000.0,2.15283465,0.280251808,1.62424416,0.407727496,0.780498292,0.658235135
141,986809966000.0,1.22298961,0.623314864,0.825785971,0.387416759,1.34574819,0.658343484
142,991695164000.0,-2.93106805,0.333360378,2.0752191,0.455273649,1.45782465,0.563501205
143,996580362000.0,2.300627,0.610276483,2.18066483,0.462553261,1.18159446,0.207024837
144,1001465560000.0,1.44497362,0.464208532,0.623689663,0.328308624,1.30774515,0.656403493
145,1006350760000.0,-0.170813789,0.630889276,1.9288044,0.415297173,1.48558994,0.550495557
146,1011235960000.0,2.42369569,0.630385776,2.53132142,0.331142557,1.52094235,0.682242872
147,1016121150000.0,1.62506964,0.31200221,0.368729102,0.479397271,1.2359195,0.559031294
148,1021006350000.0,-0.631368268,0.637314363,1.74980181,0.43456265,1.4960633,0.610715515
149,1025891550000.0,-3.60063182,0.501429761,2.7520164,0.464073496,1.83056764,0.657271843
150,1030776750000.0,1.77045759,0.630963517,-0.0333639285,0.476650051,1.12604428,0.620999204
151,1035661940000.0,0.0255752707,0.654996776,1.59544986,0.393666349,1.53979497,0.674311486
152,1040547140000.0,2.37089649,0.641035431,2.7839279,0.503639928,1.91266922,0.449188825
153,1045432340000.0,1.90294059,0.664021741,-0.753917671,0.388326194,0.986937013,0.573634692
154,1050317540000.0,0.543151894,0.655742524,1.48342999,0.503738011,1.60113044,0.466682475
155,1055202740000.0,2.12008788,0.551228487,2.72231031,0.215244003,1.89347517,0.670048579
156,1060087930000.0,2.09048889,0.673476199,-1.95461661,0.422419463,0.874103974,0.694311405
157,1064973130000.0,0.896738512,0.621294008,1.32199539,0.50040354,1.60975924,0.564683028
158,1069858330000.0,1.72879623,0.589597798,2.59948358,0.521244694,1.81082067,0.623105932
159,1074743530000.0,2.29044211,0.679867331,-2.63173715,0.518357882,0.869724523,0.512180422
160,1079628720000.0,1.19335291,0.377410719,1.16501791,0.237454946,1.61856894,0.720706249
161,1084513920000.0,1.30235549,0.702827666,2.52260728,0.53965729,1.84860418,0.681439645
162,1089399120000.0,2.4802936,0.600319923,2.03523788,0.493888709,1.1438407,0.581346658
163,1094284320000.0,1.4653031,0.62129067,1.00795651,0.520573275,1.6305313,0.562022351
164,1099169520000.0,0.823473817,0.5976071,2.38347575,0.161337398,1.84097011,0.613510608
165,1104054710000.0,2.64840387,0.261894298,2.52306929,0.300733953,1.50159271,0.742190845
166,1108939910000.0,1.73234571,0.707569157,0.84193486,0.553352647,1.63470588,0.665592695
167,1113825110000.0,0.379347467,0.227716681,2.21968758,0.549806041,1.84581005,0.70432628
168,1118710310000.0,2.78353452,0.646942513,2.91826201,0.541787593,1.92842392,0.360097344
169,1123595510000.0,1.91215129,0.597973569,0.512171709,0.241286885,1.54030092,0.636340445
170,1128480700000.0,0.161016539,0.631320689,2.09961613,0.535400865,1.92380273,0.756127359
171,1133365900000.0,2.81589674,0.718112347,3.14587749,0.558801001,2.23115042,0.717146319
172,1138251100000.0,2.07456586,0.221078051,-0.0394221977,0.534663055,1.41147694,0.732637545
173,1143136300000.0,0.420046617,0.738026865,1.95137802,0.374272079,1.96315632,0.410063568
174,1148021490000.0,-3.58026229,0.51069369,3.1129391,0.257339366,2.25612059,0.767065672
175,1152906690000.0,2.23165156,0.623528133,-0.363668506,0.543635689,1.28461203,0.763702104
176,1157791890000.0,0.774481603,0.72547682,1.77040163,0.562253656,1.94408043,0.778631127
177,1162677090000.0,2.54946552,0.680614217,3.07201184,0.568659492,2.31179658,0.322943528
178,1167562290000.0,2.37214041,0.751966963,-2.35997297,0.390487109,1.13055434,0.407383491
179,1172447480000.0,1.11561315,0.69225203,1.59555134,0.432445914,1.93402911,0.771248937
180,1177332680000.0,2.13017656,0.688724345,2.93566998,0.574583346,2.21207118,0.797449193
181,1182217880000.0,2.51373014,0.75228766,-2.8376549,0.565754268,1.14294786,0.800408012
182,1187103080000.0,1.42366139,0.75473539,1.44375754,0.537462293,1.9476663,0.175137613
183,1191988280000.0,1.70245518,0.655082783,2.83396596,0.221798808,2.18879335,0.799222168
184,1196873470000.0,2.71219578,0.726799237,2.35968635,0.506253498,1.41556304,0.794179578
185,1201758670000.0,1.69649284,0.538334332,1.24630962,0.584640039,1.92590312,0.81175931
186,1206643870000.0,1.28624362,0.771560796,2.69487479,0.596247196,2.19660207,0.546930184
187,1211529070000.0,2.93200398,0.731098466,2.86029143,0.456724168,1.82157037,0.278687131
188,1216414260000.0,1.96200392,0.636794086,1.02936098,0.241653259,1.91316346,0.806271054
189,1221299460000.0,0.965056495,0.708879668,2.59539651,0.582905444,2.28168509,0.743902357
190,1226184660000.0,3.03284408,0.360346093,3.16694646,0.582905959,2.11692236,0.825892722
191,1231069860000.0,2.17431765,0.786805872,0.736626257,0.616829365,1.87851999,0.504860229
192,1235955060000.0,-3.00041641,0.221909924,2.49457997,0.267551584,2.33620592,0.819289305
193,1240840250000.0,3.13980908,0.691525349,3.4035248,0.519061253,2.4526822,0.73127063
194,1245725450000.0,2.38036017,0.723078125,0.224866287,0.613411427,1.81433243,0.791121704
195,1250610650000.0,0.749835971,0.582763076,2.3165105,0.603228357,2.33024812,0.766117436
196,1255495850000.0,-3.66956541,0.796053874,3.47743303,0.519087967,2.6339481,0.497086587
197,1260381050000.0,2.5325209,0.189852938,0.477065428,0.148442973,1.68514884,0.831450511
198,1265266240000.0,1.09231019,0.816333973,2.15376786,0.618327692,2.35751106,0.624308257
199,1270151440000.0,2.90813979,0.577762473,3.47643209,0.549351294,2.71160583,0.84918569
200,1275036640000.0,2.68359971,0.621523898,-2.54290579,0.626014566,1.58119825,0.734198841
201,1279921840000.0,1.41963029,0.7888893,1.98397705,0.386981084,2.35728038,0.763323142
202,1284807030000.0,2.59280067,0.65622629,3.33789129,0.531296554,2.654441,0.665726014
203,1289692230000.0,2.85751389,0.83394695,-2.95537983,0.643534872,1.57122979,0.697578884
204,1294577430000.0,1.68610854,0.677690106,1.80261691,0.583703539,2.32793203,0.86304842
205,1299462630000.0,2.2802428,0.806819516,3.22914939,0.585835733,2.64080649,0.698628001
206,1304347830000.0,3.02461228,0.805111443,2.67700107,0.299788816,1.74626817,0.815764218
207,1309233020000.0,1.91148783,0.823782406,1.55925498,0.599865126,2.29059887,0.483033474
208,1314118220000.0,1.97101181,0.76147876,3.11125194,0.485041128,2.67390914,0.848152026
209,1319003420000.0,3.14328817,0.751502282,3.07114074,0.634079311,2.00925792,0.864180717
210,1323888620000.0,2.16569539,0.719909371,1.33187137,0.559524204,2.27356633,0.760962566
211,1328773820000.0,1.62238465,0.853528635,2.98626359,0.542904288,2.67862629,0.667247269
212,1333659010000.0,3.25174308,0.831818664,3.34517461,0.650334582,2.31487874,0.462851824
213,1338544210000.0,2.43112187,0.75431632,1.09302653,0.544891911,2.26251209,0.888213503
214,1343429410000.0,-3.19922267,0.823749594,2.87748807,0.647825117,2.73269727,0.876581993
215,1348314610000.0,3.38533751,0.49641789,3.6254711,0.48336767,2.65336929,0.881026894
216,1353199800000.0,2.66161129,0.869728431,0.740136266,0.530042915,2.22079995,0.605979364
217,1358085000000.0,1.31858144,0.310115711,2.75797108,0.470811119,2.78459718,0.791772805
218,1362970200000.0,3.43384026,0.777012112,3.8070345,0.562547285,2.8997677,0.926273325
219,1367855400000.0,2.86498055,0.801139404,1.0311968,0.650586992,2.18359775,0.861094066
220,1372740600000.0,1.43652234,0.567744344,2.61814684,0.507122123,2.81609357,0.830003674
221,1377625790000.0,3.37359169,0.86653763,3.84417557,0.660602538,3.06121638,0.127045591
222,1382510990000.0,3.0030796,0.240496486,-2.62279678,0.527871989,2.08740964,0.845127574
223,1387396190000.0,1.64135853,0.885193649,2.40883636,0.660655193,2.76784958,0.929025535
224,1392281390000.0,3.21372061,0.573545405,3.76471585,0.578119849,3.12570085,0.941213073
225,1397166590000.0,3.11936879,0.634706364,2.38226557,0.50993749,1.98364749,0.805656689
226,1402051780000.0,1.94090456,0.849866149,2.23688302,0.593683018,2.76272068,0.581778861
227,1406936980000.0,2.92917353,0.627616304,3.67521541,0.519833798,3.13220945,0.9609104
228,1411822180000.0,3.23087096,0.917572352,2.82579336,0.682848784,1.98924192,0.946882484
229,1416707380000.0,2.18313068,0.685745647,2.01672311,0.583499758,2.73044229,0.953314744
230,1421592570000.0,2.58648287,0.91154301,3.54364264,0.68953906,3.08517647,0.21367073
231,1426477770000.0,3.42135983,0.873183871,3.25044426,0.51507215,2.28402477,0.744652476
232,1431362970000.0,2.38869531,0.879647806,1.7852764,0.577318853,2.68754916,0.916664335
233,1436248170000.0,2.32903434,0.882210511,3.42655747,0.693037951,3.10298352,0.969923761
234,1441133370000.0,3.61741482,0.781105905,-3.64982796,0.596106536,2.63203926,0.895566953
235,1446018560000.0,2.64006716,0.845298008,1.56339815,0.67989116,2.6799561,0.370810633
236,1450903760000.0,2.2171491,0.936065957,3.37081476,0.327220105,3.21638265,0.938374788
237,1455788960000.0,3.70436225,0.915210855,3.89097838,0.698115632,2.87070656,0.905133556
238,1460674160000.0,2.90239734,0.865816644,1.39533273,0.659879539,2.69797038,0.987647881
239,1465559360000.0,-3.31365317,0.918744749,3.28853094,0.731563797,3.26022849,0.629137149
240,1470444550000.0,3.76398549,0.616428806,4.06616672,0.46164695,3.12548013,0.753987723
241,1475329750000.0,3.12562844,0.953889343,1.5803479,0.445473879,2.67333954,0.933217465
242,1480214950000.0,1.9671895,0.425671781,3.12560743,0.743944309,3.25187462,0.924320986
243,1485100150000.0,3.83545559,0.867855976,4.22626612,0.703664777,-3.55372859,0.97592009
244,1489985340000.0,3.30558335,0.899199577,-2.67266229,0.73365148,2.59317254,0.531269085
245,1494870540000.0,2.0617252,0.613769549,2.93844425,0.195690298,3.27267365,0.997633287
246,1499755740000.0,3.74156499,0.954986866,4.23872946,0.684029626,3.54688547,0.741326583
247,1504640940000.0,3.45352585,0.283918594,2.60814241,0.743586688,2.5129742,0.974123753
248,1509526140000.0,2.27708939,0.959066591,2.78024554,0.744821071,3.27558997,0.866658086
249,1514411330000.0,3.49683227,0.566780464,4.12355109,0.506271629,3.52198458,0.822868188
250,1519296530000.0,3.54681931,0.696021143,3.00543398,0.276996485,2.4771052,0.988636759
251,1524181730000.0,2.37069701,0.911582065,2.54125983,0.764284615,3.17801989,0.80177805
252,1529066930000.0,3.28670904,0.617716213,3.98614893,0.733689586,3.5244598,1.0207224
253,1533952130000.0,3.64765562,0.992741135,3.40692902,0.768934636,2.54215951,0.807516369
254,1538837320000.0,2.55707315,0.658125559,2.30707315,0.265389803,3.13328568,1.03407786
255,1543722520000.0,3.15028458,0.995404717,3.92443066,0.671521602,3.58588905,0.513428955
256,1548607720000.0,3.80097597,0.900702638,-3.6362179,0.778011554,2.77927981,0.913408584
257,1553492920000.0,2.85641317,0.929678463,2.15751984,0.767122391,3.1785184,1.02743609
258,1558378110000.0,-3.43616765,0.984201519,3.87150292,0.594186459,3.63807632,0.974082527
259,1563263310000.0,3.98499825,0.808214057,4.04152168,0.1579599,3.10092277,1.0247302
260,1568148510000.0,3.11341541,0.946441099,2.05820419,0.753288454,3.15686592,0.501782974
261,1573033710000.0,2.74030501,1.00270525,3.79967493,0.764369984,3.66538852,1.07312628
262,1577918910000.0,4.13301725,1.00173372,4.32166759,0.804824599,3.38222237,1.01428746
263,1582804100000.0,3.30455731,0.988571398,2.04669992,0.479201901,3.122122,1.04476102
264,1587689300000.0,2.72055072,1.00831829,3.70268618,0.62384187,3.77570155,0.387497115
265,1592574500000.0,4.20695808,0.767436104,4.51737133,0.794278072,3.59532834,0.756039912
266,1597459700000.0,3.52915367,1.04050388,2.4135149,0.784780559,3.15736747,1.09900229
267,1602344890000.0,2.71951247,0.490550184,3.60414801,0.715208615,3.81766018,1.06681338
268,1607230090000.0,4.23153001,0.973671394,4.60055399,0.225062085,3.79377841,1.04606995
269,1612115290000.0,3.7838797,0.953442085,2.90231696,0.70343939,3.19701512,0.222048988
270,1617000490000.0,2.75040159,0.745256247,3.47659511,0.765421857,3.82105603,1.07900643
271,1621885690000.0,-3.79600973,1.02129647,4.62590316,0.813990553,3.98946544,1.08967197
272,1626770880000.0,3.87762253,0.320501495,3.28237877,0.641168463,3.08800826,1.08024337
273,1631656080000.0,2.78630801,1.04022082,3.26242015,0.474124484,3.78205422,0.660246131
274,1636541280000.0,4.10581378,0.518512304,4.62088858,0.819023848,4.09665328,0.676335
275,1641426480000.0,3.99801847,0.874074649,3.60298673,0.79024192,3.08645641,1.12712951
276,1646311680000.0,3.0301798,0.942067876,3.13937075,0.801340163,3.81085672,1.11578744
277,1651196870000.0,3.92465663,0.685545016,4.57864543,0.310119211,4.1164579,1.08786118
278,1656082070000.0,4.18333452,1.05787678,3.94811769,0.64483387,3.25011832,0.379675938
279,1660967270000.0,3.1850955,0.55452114,2.97425746,0.776926745,3.76351378,1.05031817
280,1665852470000.0,3.78046605,1.08521933,4.4628598,0.80574819,4.1584599,1.06447284
281,1670737660000.0,4.35822628,0.924216462,4.27596802,0.748264626,3.39127084,1.13847132
282,1675622860000.0,3.31687714,1.01910505,2.75688711,0.455241724,3.70217657,0.955351805
283,1680508060000.0,3.70293561,1.07006021,4.38359379,0.795476622,4.22032751,0.716870274
284,1685393260000.0,4.37292693,0.843328734,4.48933251,0.72117507,3.52296158,1.14473622
285,1690278460000.0,3.51231854,1.02376513,2.66516791,0.832639763,3.72356772,1.035133
286,1695163650000.0,3.63045813,1.06286437,4.33971207,0.580715908,4.27951689,1.14804106
287,1700048850000.0,4.47474311,1.07090871,4.69463721,0.674369515,3.78144928,0.753144089
288,1704934050000.0,3.8085714,1.08705969,2.86234679,0.773779657,3.74061569,1.00264149
289,1709819250000.0,3.38413034,1.07567456,4.23748319,0.760076371,4.2790835,0.902650676
290,1714704450000.0,4.66409875,0.860228047,4.9084944,0.798179926,4.09894639,1.07396434
291,1719589640000.0,4.04473948,1.11120868,3.17200751,0.55059741,3.72445286,1.12610792
292,1724474840000.0,3.41199464,0.512325096,4.13130165,0.82992804,4.37573271,0.882604985
293,1729360040000.0,4.75513004,1.079053,5.05643689,0.57921693,4.30133394,1.16721026
294,1734245240000.0,4.15127092,0.968053743,3.51345609,0.804388058,3.72289862,0.816995273
295,1739130430000.0,3.42994835,0.876235607,4.03764916,0.722824866,4.40516492,1.1588804
296,1744015630000.0,4.72539158,1.09480592,5.11662608,0.750743383,4.44762072,1.0172973
297,1748900830000.0,4.31195431,0.317402663,3.8277747,0.810488307,3.71522655,0.982487292
298,1753786030000.0,3.49346501,1.13117198,3.91113124,0.652171683,4.38736973,0.843793585
299,1758671230000.0,-3.8176436,0.475542878,5.073902,0.883209585,4.52139911,0.951084623
300,1763556420000.0,4.42986965,1.00055291,4.14660395,0.65356228,3.69275738,1.18817373
301,1768441620000.0,3.49647195,0.962585334,3.727734,0.867086665,4.31866099,1.02462198
302,1773326820000.0,4.54365885,0.800884056,5.05812961,0.518416931,4.60307617,1.19968038
303,1778212020000.0,4.51499339,1.15313962,4.38730471,0.761585164,3.7091498,0.645197445
304,1783097220000.0,3.61985929,0.698138037,3.56675756,0.850330482,4.28521353,1.15973064
305,1787982410000.0,4.44703908,1.17627457,5.00682246,0.831466568,4.68692672,1.21346154
306,1792867610000.0,4.65406075,0.970181991,4.57953972,0.825301271,3.82372331,1.10807073
307,1797752810000.0,3.8283456,1.15093535,3.51158279,0.429848036,4.30320047,0.915952699
308,1802638010000.0,4.32424059,1.14633015,4.95665504,0.902499139,4.74908213,0.688040017
309,1807523200000.0,4.83860634,1.01341595,4.87526083,0.844732032,4.02154296,1.24571588
310,1812408400000.0,3.95217786,1.07091272,3.46396056,0.909314741,4.30809396,1.22537464
311,1817293600000.0,4.29343183,1.15993149,4.88615361,0.359563245,4.80940262,1.21171641
312,1822178800000.0,4.97831409,1.1162079,5.13425803,0.653369486,4.27200561,0.511515316
313,1827064000000.0,4.12763777,1.15444392,3.50841705,0.91832719,4.31568403,1.06158865
314,1831949190000.0,4.34358191,1.13460396,4.89861707,0.905006244,4.92248257,1.21365601
315,1836834390000.0,5.01350215,0.904454569,5.2817984,0.869622822,4.43928041,1.24655226
316,1841719590000.0,4.3830846,1.1969986,3.70825871,0.226386336,4.3204599,1.08463778
317,1846604790000.0,4.25214481,0.480995256,4.81928272,0.924996855,4.95920333,0.641119055
318,1851489990000.0,5.06752218,1.17374593,5.37520555,0.918669555,4.59387568,1.24367009
319,1856375180000.0,4.57664917,0.914128767,3.97004285,0.943257623,4.30929727,1.21438276
320,1861260380000.0,4.09151164,1.01651164,4.63129304,0.49029566,4.9381904,1.26226008
321,1866145580000.0,5.15481224,1.16009462,5.5011527,0.561773739,4.81022298,0.75987462
322,1871030780000.0,4.62096481,0.39183287,4.14171756,0.965727376,4.17311206,1.01009525
323,1875915970000.0,4.03752451,1.20812394,4.46416484,0.936559854,4.89967218,1.1145585
324,1880801170000.0,5.11027844,0.460891673,5.50925109,0.909296647,4.87328441,1.25116078
325,1885686370000.0,4.7133497,1.1217361,4.33154732,0.266350324,4.17247997,1.20267292
326,1890571570000.0,4.15398457,1.03713715,4.40819145,0.903536214,4.96370001,0.773873556
327,1895456770000.0,5.08911053,0.979251849,5.50911686,0.917876132,4.95487309,1.29861588
328,1900341960000.0,4.85448873,1.24805339,4.66751939,0.970210563,4.25031212,1.08470044
329,1905227160000.0,4.12491709,0.951647062,4.26934147,0.671055954,4.88595234,1.299091
330,1910112360000.0,5.04244403,1.21969521,5.48682793,0.603639245,5.07676204,1.0170467
331,1914997560000.0,4.95372319,1.05821912,4.94835928,0.989982632,4.31422056,1.02937714
332,1919882760000.0,4.18961721,1.23907698,4.12754865,0.922121034,4.82529881,1.01793481
333,1924767950000.0,5.04758092,1.23783506,5.52969502,0.936462224,5.22701283,1.08252198
334,1929653150000.0,5.08166994,1.22431601,5.11432668,0.451694521,4.35590664,1.32091669
335,1934538350000.0,4.4026078,1.06973512,4.16495985,0.887819112,4.92432905,1.0760222
336,1939423550000.0,5.00218681,1.25089906,5.53216623,0.858745904,5.29492984,1.28829404
337,1944308740000.0,5.29628128,1.02371189,5.33482629,0.943386727,4.53778452,0.67855367
338,1949193940000.0,4.55346282,1.25854173,4.23353832,0.831718043,4.95609554,1.27709125
339,1954079140000.0,5.03748763,1.06902558,5.47693488,0.720428188,5.40701285,1.30736675
340,1958964340000.0,5.46650595,1.00217325,5.63078515,0.968529229,4.81200451,1.23978376
341,1963849540000.0,4.6126495,1.25607613,4.28867414,0.8328052,4.89575643,0.950515211
342,1968734730000.0,5.1395119,0.412099826,5.49761016,0.977285016,5.57842896,0.908924988
343,1973619930000.0,5.53379114,1.2812929,5.79744683,0.680777997,4.95993675,1.3560999
344,1978505130000.0,4.83185375,0.622215135,4.3922187,0.926835143,4.95873098,1.28703159
345,1983390330000.0,5.10761054,1.19378736,5.49324013,0.76483982,5.64217779,1.34048537
346,1988275530000.0,5.55923578,1.16360467,5.83497037,0.905486935,5.08543992,0.486408633
347,1993160720000.0,5.11603512,0.807866974,4.63245274,0.923476638,5.05818298,1.27488829
348,1998045920000.0,4.98641071,1.33406794,5.38128295,0.812931536,5.59284463,1.40791184
349,2002931120000.0,5.66303721,0.602825878,5.92894128,1.00143729,5.32651942,1.37798466
350,2007816320000.0,5.16312556,1.34590282,4.80734861,0.712952961,4.93312587,1.16502323
351,2012701510000.0,4.82019737,1.11403672,5.23115907,1.00154557,5.55146548,0.882682108
352,2017586710000.0,5.71077823,1.24245818,6.09408754,0.860882653,5.43800514,1.37826454
353,2022471910000.0,5.1894642,1.31525128,4.91885502,0.933807221,4.85475746,1.36260403
354,2027357110000.0,4.91092041,1.26065815,5.17147905,0.65472898,5.65764362,1.38663823
355,2032242310000.0,5.6854826,1.27175375,6.08074052,0.804800291,5.45023768,0.647362263
356,2037127500000.0,5.29249962,1.23701255,5.1342313,1.02692186,4.92124233,1.28269586
357,2042012700000.0,4.92358953,1.12466695,5.17201893,0.972434621,5.62015356,1.22341222
358,2046897900000.0,5.72087344,1.33269889,6.05130215,0.975147063,5.55467599,1.36995406
359,2051783100000.0,5.45937719,1.30471041,5.44133444,0.50762467,5.02860795,1.23653554
360,2056668300000.0,5.01316636,1.01986981,5.13417037,1.03309447,5.65702945,0.996605815
361,2061553490000.0,5.95375492,1.3901434,6.27584862,1.0054648,5.91757552,1.37832214
362,2066438690000.0,5.68090674,0.695869048,5.75305659,1.05602833,5.18038941,1.16380603
363,2071323890000.0,5.32883237,1.31965887,5.16428669,0.588505588,5.86114334,1.38895635
364,2076209090000.0,6.03659916,0.874705937,6.47388296,0.73306991,6.12462127,1.0472763
365,2081094280000.0,5.83491512,1.14395907,5.94175719,1.10561988,5.28135183,1.30946768
366,2085979480000.0,5.47354917,1.24475175,5.29426671,1.05409096,5.89867822,0.982402075
367,2090864680000.0,5.97920555,0.80456745,6.39601908,0.976566288,6.17098652,1.36468804
368,2095749880000.0,6.09667105,1.38091012,6.14497694,0.377800627,5.56351221,1.41041719
369,2100635080000.0,5.49258425,0.557273391,5.42089879,1.04805223,5.89672297,1.22579969
370,2105520270000.0,6.04343051,1.41740339,6.38797176,1.06872922,6.30996295,1.34815892
371,2110405470000.0,6.21822651,1.05756551,6.39865095,1.10134236,5.699384,0.993796853
372,2115290670000.0,5.49399642,1.313241,5.3726836,0.705085705,5.87320015,1.47342741
373,2120175870000.0,6.14513826,1.35433108,6.45318331,0.79888539,6.42580517,1.30918936
374,2125061060000.0,6.1869845,1.0022501,6.50224804,1.12336519,5.71075471,1.43204926
375,2129946260000.0,5.71882633,1.42275071,5.47293324,1.08741651,5.96163302,0.78173189
376,2134831460000.0,6.21889252,1.21872102,6.50755861,1.05318098,6.53203008,1.31238778
377,2139716660000.0,6.30542015,1.42476388,6.61437892,0.372253346,5.90690159,1.50320447
378,2144601860000.0,5.93195069,1.41228371,5.82429259,1.07442122,6.01265928,1.39948099
379,2149487050000.0,6.1371081,1.38967565,6.41649439,1.10732303,6.5387903,1.27205298
380,2154372250000.0,6.55507388,1.38767205,6.81572737,1.13922702,6.23520423,0.71505659
381,2159257450000.0,6.06359972,1.41428106,6.07157537,0.793255759,6.08494342,1.46782067
382,2164142650000.0,6.23401498,1.00216494,6.48096583,0.880187429,6.68667202,1.50611179
383,2169027850000.0,6.75105855,1.48113635,7.11076027,1.13177448,6.45075575,1.55238736
384,2173913040000.0,6.31497103,1.0203912,6.13239578,1.09552314,6.20653554,0.750578003
385,2178798240000.0,6.4534892,1.3988213,6.69773458,1.1128439,6.91066164,1.39167683
386,2183683440000.0,6.86105041,1.28772096,7.25199503,0.601825713,6.59586511,1.53189844
387,2188568640000.0,6.57295552,0.861768471,6.41257345,1.13059227,6.4256942,1.52229244
388,2193453830000.0,6.49735241,1.44700962,6.78208726,1.0168703,7.0250238,1.31031131
389,2198339030000.0,7.10561573,0.528911753,7.33490654,1.13631014,6.88260264,0.629695339
390,2203224230000.0,6.6688018,1.50195492,6.79493069,1.01392445,6.50787317,1.58306449
391,2208109430000.0,6.49082176,0.950379093,6.63429584,0.923225853,6.97201566,1.43579475
392,2212994630000.0,7.16272377,1.31569846,7.41502733,1.09348168,7.07626542,1.55478424
393,2217879820000.0,6.66062968,1.3905535,6.98354858,1.05065981,6.50022295,0.878178589
394,2222765020000.0,6.80764674,1.16052931,6.77478007,1.14869004,7.17688829,1.40450952
395,2227650220000.0,7.20748218,1.55974476,7.69816515,0.846527739,7.24399849,1.44134799
396,2232535420000.0,6.91053637,1.15106259,7.04720517,1.12947954,6.58552854,1.54198974
397,2237420620000.0,6.92293162,1.52205945,6.92683171,0.877522759,7.28631969,1.50104692
398,2242305810000.0,7.14251081,1.476603,7.68127249,1.15283611,7.19941929,0.998927411
399,2247191010000.0,7.13507493,1.52049018,7.26364111,1.00971857,6.76523647,1.58603833
400,2252076210000.0,6.71353293,1.52680081,6.94182451,1.07042912,7.19714224,1.35622373
401,2256961410000.0,7.34914412,1.50761044,7.65601818,1.03302455,7.43179441,1.58050186
402,2261846600000.0,7.25095978,1.32167614,7.57249366,0.991149033,6.92691958,1.18180301
403,2266731800000.0,6.84592924,1.59994105,6.98357509,1.23259433,7.25826033,1.61844504
404,2271617000000.0,7.72433069,1.14318998,7.89519352,1.11109772,7.74970673,1.22205856
405,2276502200000.0,7.42189811,1.41163673,7.63577571,1.26945658,7.07942409,1.37367205
406,2281387400000.0,7.30001529,1.38315128,7.24909836,0.757041232,7.67218639,1.62832649
407,2286272590000.0,7.72781285,1.25449034,8.12939205,1.19375322,7.81361103,1.42517853
408,2291157790000.0,7.72238748,1.53071204,7.83534165,1.26847104,7.44728553,1.4881413
409,2296042990000.0,7.50527747,0.75681822,7.68940195,1.29191794,7.78799767,1.13489555
410,2300928190000.0,7.81095497,1.57820818,8.11910099,1.03801963,7.93427355,1.628224
411,2305813390000.0,8.10790083,1.07589247,8.25185965,0.981091908,7.98727873,1.64373726
412,2310698580000.0,7.58790833,1.65716293,7.76635282,1.31077264,7.75256673,1.75444215
413,2315583780000.0,8.18555926,1.4440551,8.17498766,1.2669675,8.40685823,0.888297606
414,2320468980000.0,8.12759752,1.25376776,8.67856664,1.36481639,7.92788076,1.50573245
415,2325354180000.0,7.72803898,1.70639335,7.73618329,0.795029874,7.84703549,1.77826603
416,2330239370000.0,8.19842517,1.32096941,8.39374586,1.36063745,8.52786656,1.76273033
417,2335124570000.0,8.07028166,1.68734436,8.61621578,1.4039806,7.72654239,1.54720806
418,2340009770000.0,8.03514212,1.59590934,8.06441977,1.47227658,8.21032281,1.06257131
419,2344894970000.0,8.20405776,1.77433961,8.72647935,1.05735937,8.44666987,1.84665637
420,2349780170000.0,8.52668199,1.88392987,8.64704697,0.992226812,8.29764939,1.93045423
421,2354665360000.0,7.91786185,1.82559889,8.32833198,1.44448546,8.09762223,1.92950814
422,2359550560000.0,8.23673793,1.47038176,8.53463182,1.37028071,8.45025366,1.11435475
423,2364435760000.0,8.64954135,1.81547904,9.03108521,1.41822083,8.56037349,1.70357024
424,2369320960000.0,7.96624459,1.27474493,8.37216839,0.93952686,8.08042482,1.63436825
425,2374206160000.0,8.93457135,1.68647755,8.57393349,1.42742565,9.10250787,1.75924662
426,2379091350000.0,8.42768546,1.67431206,9.17291634,1.37336489,8.32214947,1.77320502
427,2383976550000.0,8.37722115,1.45906718,8.47748918,1.44080175,8.47444418,1.52635073
428,2388861750000.0,9.14783327,1.9000899,9.06179839,1.20366768,9.38633145,1.96405716
429,2393746950000.0,8.75627238,1.18190483,9.137457,1.18777337,8.75115586,1.64826963
430,2398632140000.0,9.02759271,1.79818799,8.90197311,1.4316326,8.94751341,1.85596304
431,2403517340000.0,8.54821087,1.32598687,9.01296467,1.38462911,8.85270413,1.67280664
432,2408402540000.0,9.02631348,1.71722153,9.27513056,1.48842364,9.00622925,1.82647734
433,2413287740000.0,8.98207244,1.59201982,9.25127677,1.30095773,8.85205917,1.29986502
434,2418172940000.0,8.8901329,1.66828823,8.83560475,1.5419535,9.26107677,1.8241689
435,2423058130000.0,9.23425727,2.02188562,9.73981254,1.30980077,9.07769083,2.11435574
436,2427943330000.0,8.73679124,1.76797173,9.1884114,1.38255673,8.67044367,1.95330988
437,2432828530000.0,9.17467251,1.96258156,9.07842793,1.45465885,9.47541066,1.86151517
438,2437713730000.0,9.20742491,1.92161649,9.79659737,1.50240177,9.0916043,1.40774266
439,2442598930000.0,9.16160966,2.03996886,9.16457054,1.43444152,9.21446206,2.11728166
440,2447484120000.0,8.88253613,1.90150057,9.34722049,1.51905684,9.05887074,1.87071803
441,2452369320000.0,9.11972112,1.80494466,9.46872172,1.65319468,9.14140295,1.86184087
442,2457254520000.0,9.34086099,1.6843796,9.57391222,1.49988059,9.35743238,1.2512835
443,2462139720000.0,8.99573103,2.0166827,9.39495702,1.61272916,9.18441864,1.95321822
444,2467024910000.0,9.69798829,1.56399088,9.77379034,1.17039543,9.78718853,2.12234157
445,2471910110000.0,8.97590094,1.92378958,9.82425186,1.73140273,8.76778887,2.03367217
446,2476795310000.0,9.21602299,1.52645949,9.21230957,1.65777425,9.40167904,1.6019211
447,2481680510000.0,9.64128701,1.73749545,10.093359,1.66515257,9.77330477,1.52712008
448,2486565710000.0,9.10173804,1.83326996,9.58631911,1.33970018,8.94448858,2.01841497
449,2491450900000.0,9.25522915,1.45192087,9.60985448,1.47080952,9.57566082,2.02240159
450,2496336100000.0,9.30459799,1.96164562,9.91045198,1.76187002,9.46594444,1.92710956
451,2501221300000.0,9.66140299,1.48194346,9.64906349,1.65391121,9.51894703,1.47531802
